:100000000C9424250C9464250C9464250C9464258C
:100010000C9464250C9464250C9464250C9464253C
:100020000C9464250C9464250C9464250C9464252C
:100030000C9464250D94457A0C9464250C946425E5
:100040000C9464250C94418D0C9464250C946425C7
:100050000C9464250C94EE8B0C9464250D94FB7920
:100060000C9464250D94E03A0D94D63A0C946425D2
:100070000C9464250C9464250C9464250C946425DC
:100080000D947D2C0C9464250C9464250C946425AB
:100090000C9464250C9464250C9464250C946425BC
:1000A0000C9464250C9464250D944F2C0C946425B9
:1000B0000C9464250C9464250C9464250C9464259C
:1000C0000C9464250C9464250C9464250C9464258C
:1000D0000C9464250C9464250C9464250C9464257C
:1000E0000C946425084AD73B3BCE016E84BCBFFD0F
:1000F000C12F3D6C74319ABD56833DDA3D00C77FF8
:1001000011BED9E4BB4C3E916BAAAABE0000008090
:100110003F05A84CCDB2D44EB93836A9020C50B91F
:10012000918688083CA6AAAA2ABE000000803F0744
:10013000634236B79BD8A71A39685618AEBAAB5582
:100140008C1D3CB7CC5763BD6DEDFD753EF6177247
:1001500031BF000000803F08000000BE9224491219
:100160003EABAAAA2ABECDCCCC4C3E00000080BE3D
:10017000ABAAAAAA3E00000000BF000000803F001A
:1001800000000000084178D3BB4387D1133D190E0E
:100190003CC3BD4282AD2B3E68EC8276BED98FE176
:1001A000A93E4C80EFFFBE01C4FF7F3F000000006E
:1001B00000000D941D190D94AB500D94702B0D94EF
:1001C0004B500D9442500D948C780D9490780D9472
:1001D000DE780D94EC550D948A2B0D941E520D94DF
:1001E000A42B0D9419190D94F9780D9465860D942E
:1001F00048780D9443790D944F530D946E780D9477
:100200002E790D94F08A0D944A8A0D945F780D949E
:10021000ED550D9458790D94BF550D94BE2B0D944A
:1002200092860D949A780D9442530D944D790D94C5
:1002300032790D9463780D94BB890D946B780D948D
:100240003D290D9467780D94298A0D9478780D9442
:1002500082780D947E780D9432530D943B8A0D94E0
:100260003D790D94F1150D944D780D94292D0D9433
:1002700094780D949E780D9474780D9486784E4100
:100280004E494E495459494E46CDCCCC3D0AD72310
:100290003C17B7D13877CC2B329595E6241FB14F58
:1002A0000A000020410000C84200401C4620BCBE9D
:1002B0004CCA1B0E5AAEC59D7400407A10F35A000A
:1002C000A0724E18090010A5D4E80000E87648177F
:1002D0000000E40B54020000CA9A3B000000E1F564
:1002E00005000080969800000040420F000000A02A
:1002F0008601000000102700000000E80300000055
:10030000006400000000000A00000000000100007E
:100310000000002C76D888DC674F0823DFC1DFAEF1
:1003200059E1B1B796E5E3E453C63AE651997696BA
:10033000E8E6C28426EB898C9B62ED407C6FFCEF83
:10034000BC9C9F40F2BAA56FA5F490055A2AF75CB1
:10035000936B6CF9676DC11BFCE0E40D47FEF52063
:10036000E6B500D0ED902E0300943577050080842B
:100370001E080000204E0A000000C80C333333333F
:100380000F986E12831141EF8D2114893BE65516AB
:10039000CFFEE6DB18D1844B381BF77C1D901DA4E3
:1003A000BBE424203284725E228100C9F124ECA1D6
:1003B000E53D27554E4C4F41442046494C414D4563
:1003C0004E54004C4F41442046494C414D454E54FB
:1003D0000046494C414D454E54204348414E474507
:1003E0000041425300504C410020002500202020B5
:1003F00020202020002020202000657272001FE0B5
:10040000201020102010102010202010201030303C
:100410000840048003001FE03FF03FF03FF01FE082
:100420001FE03FF03FF03FF00FC0078003003FFFA9
:10043000F038007030FC3020FC1020781020301094
:100440002C00D02E31D02F7BD02F7BD02E31D02C32
:1004500000D020301020781020FC1030FC30380004
:10046000703FFFF03FFFF038007031863023871077
:100470002787902F87D02F03D0203010207810208E
:1004800078102030102F03D02F87D0278790238714
:10049000103186303800703FFFF01FFFF81FFFF863
:1004A0000410400208200208200410400820801098
:1004B00041001041000820800410400000001FFF90
:1004C000F81FFFF842656400456E636C6F737572C8
:1004D00065005072696E742041626F7274656400C9
:1004E0004D32350050617573696E672E2E2E004DAA
:1004F0003234003F0049676E6F7265005265736564
:100500007400496E697469616C697A65204545506B
:10051000524F4D004C6F6164206D6D00556E6C6FD5
:100520006164206D6D0046696C2E204469612E0067
:100530004F6666004F6E004520696E206D6D5E331C
:100540000020082046616374002008204D61780077
:100550002008204D696E004D696E205472617665E9
:100560006C205370656564004D696E2056656C6F34
:1005700063697479004D617820402053706565642B
:10058000004D6178204520416363656C004D6178C2
:10059000204020416363656C0054726176656C2075
:1005A000416363656C0052657472616374204163DA
:1005B00063656C00416363656C0040207374657013
:1005C000732F6D6D00416476616E636564205365C1
:1005D0007474696E6773003F0043616E63656C00FD
:1005E000496E6974004D34323800496E697469612E
:1005F0006C697A6520454550524F4D0046696C61E3
:100600006D656E740054656D7065726174757265A8
:100610000053746570732F6D6D004A756E63746955
:100620006F6E2044657600416363656C657261742A
:10063000696F6E004D617820537065656420286D88
:100640006D2F73290053657420486F6D65204F66C8
:10065000667365747300436F6E6669677572617463
:10066000696F6E004265642049646C652054656D55
:1006700070004E6F7A7A6C652049646C6520546511
:100680006D700054656D70657261747572650054AB
:10069000696D656F75740044697361626C6520549F
:1006A000696D656F7574004D3837004261636B008A
:1006B00053572D4D6F64650053746F770044657018
:1006C0006C6F790053656C662D54657374005265C8
:1006D00073657400426564004E6F7A7A6C650046FB
:1006E000616E20537065656400436F6E666967755F
:1006F000726174696F6E00526573746F7265204425
:10070000656661756C7473004C6F61642053657429
:1007100074696E67730053746F72652053657474E7
:10072000696E677300507265686561742024205398
:10073000657474696E6773004F6666004F6E005093
:100740006F776572204F7574616765004C43442074
:10075000436F6E747261737400486F74656E6420C9
:1007600049646C652054696D656F757400424C5422
:100770006F75636800416476616E636564205365DC
:100780007474696E6773004D61696E204D656E7596
:10079000004D37303220542564004D363030204231
:1007A0003020542564004D373032203B2564004D05
:1007B00037303120542564004368616E67652046F8
:1007C000696C616D656E7400507265686561742056
:1007D000437573746F6D0050726568656174202491
:1007E000004261636B004D363030423000436F6E23
:1007F00074696E7565005075726765206D6F7265FE
:1008000000524553554D45204F5054494F4E533A91
:10081000005052494E5420504155534544002F003A
:10082000200020204E6F7A7A6C653A200050617269
:100830006B696E672E2E2E0000005761697420666A
:100840006F720066696C616D656E74206368616EBD
:10085000676500746F207374617274005761697406
:1008600020666F720066696C616D656E7420756ECE
:100870006C6F616400004E6F7A7A6C652068656108
:1008800074696E6700506C65617365207761697487
:100890002E2E2E0000507265737320627574746F73
:1008A0006E00746F2068656174206E6F7A7A6C6573
:1008B0000000496E736572742066696C616D656EC7
:1008C0007400616E64207072657373206275747455
:1008D0006F6E00746F20636F6E74696E756500577C
:1008E00061697420666F720066696C616D656E7413
:1008F000206C6F61640000507265737320427574E0
:10090000746F6E00746F20726573756D6520707200
:10091000696E7400005761697420666F722070728E
:10092000696E7400746F20726573756D652E2E2E5E
:1009300000005761697420666F720066696C616DB2
:10094000656E7420707572676500004D313030300F
:100950000053746F70205072696E74005265737525
:100960006D65205072696E7400506F776572204F0C
:1009700075746167650056696F6C657400496E64D3
:1009800069676F00426C756500477265656E005956
:10099000656C6C6F77004F72616E676500526564BD
:1009A000005768697465004272696768746E6573A0
:1009B0007300426C756520496E74656E7369747955
:1009C00000477265656E20496E74656E736974794F
:1009D0000052656420496E74656E73697479004CC9
:1009E000454420436F6E74726F6C00437573746F6F
:1009F0006D204C6967687473004C69676874205097
:100A00007265736574730044656661756C74004F3C
:100A10006666004F6E004C6967687473004D6169CB
:100A20006E204D656E75003F004261636B0053742C
:100A30006F70003F004E4F005945530053656C6581
:100A400063742066726F6D205344204361726400AA
:100A500052656C6561736520534420436172640084
:100A60004D3232004C696768747300436F6E66697B
:100A70006775726174696F6E0054656D706572613F
:100A800074757265004368616E67652046696C61C4
:100A90006D656E740050726F626520616E64204CEB
:100AA0006576656C004D6F74696F6E005265737585
:100AB0006D65205072696E740054756E65005374D4
:100AC0006F70205072696E740050617573652050AC
:100AD00072696E7400496E666F2053637265656E4D
:100AE000003F005374617274205072696E74004349
:100AF000616E63656C005072696E740043616E6E66
:100B00006F7420656E746572207375626469723AE1
:100B1000200002202E2E004D61696E204D656E75FD
:100B2000002100486F74656E6420746F6F20636FDE
:100B30006C64004261636B0050726F6365656400B2
:100B40004D6F7665204578747275646572004D6FDF
:100B500074696F6E0044697361626C6520537465DB
:100B60007070657273004D3834004175746F2048A1
:100B70006F6D65004D61696E204D656E7500537433
:100B80006F72652053657474696E6773005A2050E4
:100B9000726F62652057697A6172640050726F6289
:100BA000652040204F66667365740053746F77202C
:100BB0005A2D50726F6265004D34303200446570BA
:100BC0006C6F79205A2D50726F6265004D34303150
:100BD00000466164652048656967687400556E6900
:100BE0006669656420426564204C6576656C696E53
:100BF00067004F6666004F6E00426564204C657664
:100C0000656C696E67004175746F20486F6D650093
:100C10004D61696E204D656E750043616E63656C54
:100C200000446F6E6500302E30323500302E3100BA
:100C30004D6F766520246D6D00312E300050726F3F
:100C400062652040204F6666736574005A004D6FE0
:100C50007665204E6F7A7A6C6520746F20426564E9
:100C6000004D6F76696E6720746F2050726F6269F5
:100C70006E6720506F730050726F62696E67205A02
:100C8000205265666572656E6365004732385A00AA
:100C9000507265686561742024204265640050725A
:100CA0006568656174202420486F74656E64005423
:100CB000656D706572617475726500436F6F6C6409
:100CC0006F776E005072656865617420240046611C
:100CD0006E20537065656400426564004E6F7A7AD9
:100CE0006C65004D61696E204D656E7500426162F4
:100CF0007973746570205A0042616279737465700B
:100D0000204000466C6F770046616E205370656529
:100D10006400426564004E6F7A7A6C6500537065BA
:100D20006564004D61696E204D656E75005A2056F0
:100D3000616C7565004732380A4D313930205325D2
:100D4000690A4D313039205325690A47323920501C
:100D500031004265642054656D7000486F74656EA3
:100D6000642054656D70002E256900473239503675
:100D7000432D0048656967687420416D6F756E7416
:100D80000041646A757374204D6573682048656915
:100D90006768740046696E652054756E6520436C03
:100DA0006F73657374004732395034540046696E6E
:100DB000652054756E6520416C6C004732395034A3
:100DC0005254004C6576656C204D6573680053691C
:100DD000646520506F696E74730047726964204DBA
:100DE000657368204C6576656C696E6700332D50BD
:100DF0006F696E74204C6576656C696E670047326A
:100E0000394A3000473239503352432E2569004D5C
:100E1000616E75616C2046696C6C2D696E0047329D
:100E200039503242543000536D6172742046696CFF
:100E30006C2D696E00473239503354300046696C6E
:100E40006C2D696E20416D6F756E74004D65736811
:100E500020696E76616C6964617465642E0A00E5D0
:100E600003E103496E666F2053637265656E004946
:100E70006E76616C696461746520436C6F73657331
:100E800074004732394900496E76616C6964617457
:100E90006520416C6C00436F6E74696E756520420D
:100EA0006564204D65736800473239503143004610
:100EB000696C6C2D696E204D657368004275696CB4
:100EC0006420436F6C64204D657368004732394E6F
:100ED0005031004275696C6420437573746F6D20E6
:100EE0004D657368004732380A4D31393049310A4F
:100EF0004D31303949310A47323950310A4D31309C
:100F00003453300A4D3134305330004275696C64CB
:100F1000204D65736820282429004732380A4D3156
:100F2000393049300A4D31303949300A4732395069
:100F3000310A4D31303453300A4D313430533000A2
:100F4000473239256325690A4D31313720004D6517
:100F50007368202569204C6F61646564004D65737A
:100F600068202569205361766564005361766520A9
:100F7000426564204D657368004C6F616420426572
:100F800064204D657368004D656D6F727920536CF8
:100F90006F74004E6F2053746F7261676500473243
:100FA0003950345800202D2D2D2D2D005A3A00296E
:100FB000002C00593A004572723A20454550524F74
:100FC0004D20436F7272757074004572723A2045FD
:100FD0004550524F4D20435243004572723A2045CE
:100FE0004550524F4D2053697A65004572723A2040
:100FF000454550524F4D2056657273696F6E0048DB
:101000006F6D696E672058595A00473238004F6635
:1010100066205072696E746572204261636B7570F0
:1010200000473239532D31004F7574707574206646
:101030006F7220435356004732395431004F757454
:1010400070757420666F7220486F73740047323970
:101050005430004D657368204C6576656C696E6729
:101060000045646974204D657368004D616E75615B
:101070006C6C79204275696C64204D65736800471B
:101080003239493939390A473239503242543000FD
:101090004275696C64204D65736800556E696669B8
:1010A000656420426564204C6576656C696E6700F6
:1010B0004F75747075742055424C20496E666F00F0
:1010C000473239570055424C20546F6F6C73004FB4
:1010D0007574707574204D657368204D6170004D96
:1010E0006573682053746F72616765004D6573683E
:1010F00020456469746F72004661646520486569C3
:10110000676874004F6666004F6E00426564204C4D
:101110006576656C696E67004D6F74696F6E004728
:1011200032394A256900486F6D696E6720466169EA
:101130006C6564006F70656E0054524947474552B4
:101140004544003A20007A5F6D696E00795F6D69F1
:101150006E00785F6D696E005265706F7274696EB3
:101160006720656E6473746F702073746174757337
:101170000A0020746F6F206C6F6E67206578747240
:101180007573696F6E2070726576656E7465640A3A
:101190000020636F6C6420657874727573696F6E7C
:1011A0002070726576656E7465640A00486F6D65BF
:1011B000202573204669727374000000000000004F
:1011C0000000000000005761726E696E673A2048A7
:1011D0006F6D696E672042756D7020446976697322
:1011E0006F72203C20310A000202040000A040007F
:1011F00000A04000000040000000010000000100CD
:10120000008000555555000000400033333300AADC
:10121000AA2A004992240000002000C7711C0099EE
:10122000991900D1451700555515003BB1130024FD
:1012300049120011111100000010000F0F0F00E300
:10124000380E0043790D00CCCC0C00C3300C00E804
:10125000A20B0064210B00AAAA0A00703D0A009D9F
:10126000D80900427B090092240900DCD3080088D9
:101270008808001042080000000800F0C10700873D
:1012800087070075500700711C07003EEB0600A1A0
:10129000BC06006990060066660600703E060061A6
:1012A00018060017F4050074D105005BB00500B204
:1012B000900500627205005555050078390500B8A3
:1012C0001E0500050505004EEC040087D40400A1AE
:1012D000BD040090A7040049920400C17D0400EE03
:1012E000690400C7560400444404005C320400084A
:1012F00021040041100400000004003FF00300F846
:10130000E0030026D20300C3C30300CCB503003AB8
:10131000A803000A9B0300388E0300C08103009FCE
:10132000750300D0690300505E03001D53030034B1
:10133000480300913D0300333303001629030038AE
:101340001F030097150300300C0300030303000B79
:10135000FA020049F10200BAE802005CE002002D46
:10136000D802002DD0020059C80200B0C0020031DE
:10137000B90200DAB10200AAAA0200A0A30200BCCE
:101380009C0200FA9502005C8F0200DF8802008256
:10139000820200457C02002776020027700200438B
:1013A0006A02007C640200D05E02003F590200C85D
:1013B000530200FFFDFCFAF8F6F4F2F0EEECEAE975
:1013C000E7E5E3E1E0DEDCDAD9D7D5D4D2D0CFCD82
:1013D000CBCAC8C7C5C3C2C0BFBDBCBAB9B7B6B413
:1013E000B3B2B0AFADACAAA9A8A6A5A4A2A1A09E75
:1013F0009D9C9A99989795949392908F8E8D8B8AB5
:101400008988878684838281807F7E7D7B7A7978D4
:1014100077767574737271706F6E6D6C6B6A6968D4
:1014200067666564636261605F5E5D5C5B5A5958C4
:10143000585756555453525150504F4E4D4C4B4A9D
:101440004A4948474646454443424241403F3E3E62
:101450003D3C3B3B3A393838373635353433323218
:101460003130302F2E2E2D2C2B2B2A2929282727BF
:1014700026252524232322212120201F1E1E1D1C5A
:101480001C1B1B1A191918181716161515141313E7
:1014900012121111100F0F0E0E0D0D0C0C0B0A0A6B
:1014A00009090808070706060505040403030202E4
:1014B00001000053544F505045442E200050726993
:1014C0006E7465722073746F7070656420647565E6
:1014D00020746F206572726F72732E2046697820B7
:1014E000746865206572726F7220616E6420757316
:1014F00065204D39393920746F20726573746172BB
:10150000742E202854656D70657261747572652043
:1015100069732072657365742E2053657420697435
:101520002061667465722072657374617274696E8D
:1015300067290A00206572726F72202D2072657310
:10154000746172742077697468204D3939390A00E2
:10155000424C546F7563680021212053544F502032
:1015600063616C6C65642062656361757365206F8F
:10157000662000000075430000754300007A4300B8
:101580000000000000000000000000536574746952
:101590006E67732053746F72656400290A002062BD
:1015A000797465733B2063726320005365747469BA
:1015B0006E67732053746F72656420280045455030
:1015C000524F4D206461746173697A65206572724F
:1015D0006F722E0A003F4D65736820746F6F206232
:1015E000696720666F7220454550524F4D2E0A00A4
:1015F000202863616C63756C6174656429210A003D
:1016000020213D2000454550524F4D20435243205C
:101610006D69736D61746368202D202873746F7217
:101620006564292000454550524F4D20436F72722A
:101630007570740A002053697A653A2000496E6417
:1016400065783A200055424C2072657365740A0033
:10165000206C6F616465642066726F6D2073746FB7
:10166000726167652E0A004D6573682000206279FB
:101670007465733B2063726320002073746F72651E
:10168000642073657474696E67732072657472691F
:1016900065766564202800206D65736820736C6F23
:1016A000747320617661696C61626C652E00736C85
:1016B0006F742E0A003F496E76616C696420004D9C
:1016C00065736820736176656420696E20736C6F42
:1016D0007420003F556E61626C6520746F207361E9
:1016E0007665206D65736820646174612E0A002040
:1016F000736C6F743D00206D65736865735F656E14
:10170000643D004532454E443D0048617264636F5C
:101710006465642044656661756C742053657474F7
:10172000696E6773204C6F61646564000000164445
:101730000000164400002041000048420000A04282
:101740000000A0420000C8438FC2BF42B80B000097
:10175000B80B0000640000001027000020286D6D09
:1017600029004F4646004F4E00203B204C657665D1
:101770006C696E67200020204D34323020530055B4
:101780006E696669656420426564204C6576656CA7
:10179000696E670020460020420020480020204D4E
:1017A0003134352053004D6174657269616C206875
:1017B000656174757020706172616D6574657273B6
:1017C00000206D65736865732E0A0A004545505206
:1017D0004F4D2063616E20686F6C6420004163741C
:1017E000697665204D65736820536C6F7420002006
:1017F000204D3134392043203B20556E69747320CD
:10180000696E2043656C736975730A0054656D7069
:101810006572617475726520556E6974730020205D
:10182000473231203B004C696E65617220556E690C
:10183000747300204D61726C696E3D563930290A0F
:1018400000454550524F4D2076657273696F6E208A
:101850006D69736D617463682028454550524F4D22
:101860003D0024F4D43050C38D20C3A24117828B95
:101870007011127A900D826CDA0AA861E108C758DB
:101880006607615142061F4B5E05C145A6041B4118
:101890001204093D9703723931034136DB02663386
:1018A0009202D4305302812E1D02642CEE01762A5E
:1018B000C501B128A101102781018F2564012B24C6
:1018C0004A01E1223401AD2120018D200C01811F4C
:1018D000FC00851EED00981DDF00B91CD200E71B3F
:1018E000C700201BBB00651AB200B319A9000A1972
:1018F000A0006A189800D217920040178A00B61606
:10190000840032167E00B41579003B157400C714AC
:101910006F0058146A00EE136600881362002613E5
:101920005E00C8125B006D12570016125500C111FF
:10193000510070114E0022114C00D61049008D103C
:1019400046004710450002104200C00F4000800FC3
:101950003E00420F3C00060F3A00CC0E3900930EB9
:1019600037005C0E3500270E3400F30D3200C10D38
:101970003100900D2F00610D2F00320D2D00050D4F
:101980002C00D90C2A00AF0C2A00850C28005D0C15
:101990002800350C27000E0C2500E90B2500C40B90
:1019A0002400A00B23007D0B22005B0B21003A0BCF
:1019B0002100190B2000F90A1F00DA0A1F00BB0AD8
:1019C0001E009D0A1D00800A1C00640A1C00480AB3
:1019D0001C002C0A1B00110A1A00F7091A00DD0965
:1019E0001900C4091900AB091800930918007B09F4
:1019F0001700640917004D09170036091600200961
:101A000015000B091500F6081500E1081500CC08B3
:101A10001400B8081400A4081300910813007E08ED
:101A200013006B081200590812004708120035080D
:101A30001200230811001208110001081000F1071C
:101A40001100E0071000D0071000C0070F00B10719
:101A50001000A1070F0092070F0083070F00740703
:101A60000E0066070E0058070E004A070E003C07DE
:101A70000E002E070D0021070D0014070D000707AB
:101A80000D00FA060D00ED060C00E1060D00D4066F
:101A90000C00C8060C00BC060C00B0060B00A50626
:101AA0000C0099060B008E060B0083060B007806CF
:101AB0000B006D060B0062060B0057060A004D0670
:101AC0000A0043060B0038060A002E060A00240608
:101AD00009001B060A0011060A0007060900FE0598
:101AE0000A00F4050900EB050900E2050900D90523
:101AF0000900D0050900C7050800BF050900B605A3
:101B00000900AD050800A50508009D05080095051C
:101B100009008C050800840508007C050700750590
:101B200008006D050800650507005E0508005605FC
:101B300007004F0508004705070040050700390565
:101B40000700320507002B050700240507001D05C7
:101B50000700160507000F05060009050700020526
:101B60000600FC040700F5040600EF040700E80483
:101B70000600E2040600DC040600D6040600D004D9
:101B80000700C9040500C4040600BE040600B8042A
:101B90000600B2040600AC040600A6040500A10479
:101BA00006009B04050096040600900405008B04C3
:101BB000060085040500800405007B04050076040A
:101BC0000600700405006B0405006604050061044E
:101BD00005005C04050057040500520405004D048F
:101BE000050048040400440405003F0405003A04CD
:101BF000040036040500310405002C040400280408
:101C00000500230404001F0405001A040400160440
:101C10000400120405000D04040009040400050476
:101C2000040001040500FC030400F8030400F403AD
:101C30000400F0030400EC030400E8030400E403E0
:101C40000400E0030400DC030400D8030400D40310
:101C50000300D1030400CD030400C9030400C5033D
:101C60000400000000000000000000000000000070
:101C700000000000000000000000D1036D64035765
:101C80000D0347C6023B8B023259022B2E02250957
:101C90000221E8011CCC011AB201179B0114870133
:101CA0001374011163010F54010E46010D39010D2A
:101CB0002C010B21010A17010A0D0109040108FC7E
:101CC0000008F40007ED0007E60007DF0006D90072
:101CD00006D30005CE0006C80005C30004BF0005FA
:101CE000BA0004B60004B20004AE0004AA0004A6C0
:101CF0000003A300049F00039C00039900039600C7
:101D0000039300029100038E00028C0003890002FD
:101D10008700038400028200028000027E00027CB1
:101D200000027A000278000276000175000273005A
:101D3000027100017000026E00016D00026B000173
:101D40006A00026800016700026500016400016327
:101D500000016200026000015F00015E00015D00A1
:101D6000015C00015B00015A0001590001580001AB
:101D70005700015600015500015400015300015263
:101D800000015100005100015000014F00014E00C0
:101D9000014D00004D00014C00014B00014A0000C4
:101DA0004A0001490001480000480001470001467F
:101DB00000004600014500004500014400014300C9
:101DC00000430001420000420001410000410001C7
:101DD0004000004000013F00003F00013E00003E87
:101DE00000013D00003D00013C00003C00013B00C3
:101DF000003B00013A00003A0001390000390000C0
:101E00003900013800003800013700003700003782
:101E100000013600003600003600013500003500B4
:101E200001340000340000340001330000330000AE
:101E30003300013200003200003200013100003175
:101E4000000031000031000130000030000030009F
:101E5000012F00002F00002F00002F00012E000096
:101E60002E00002E00012D00002D00002D00002D61
:101E700000012C00002C00002C00002C00012B0085
:101E8000002B00002B00002B00012A00002A00007C
:101E90002A00002A00002A00012900002900002948
:101EA0000000290001280000280000280000280068
:101EB000002800012700002700002700002700005D
:101EC000270001260000260000260000260000262C
:101ED0000000260001250000250000250000250047
:101EE000002500002500012400002400002400003B
:101EF000240000240000240001230000230000230C
:101F00000000230000230000230001220000220023
:101F10000022000022000022000022000022000116
:101F200021000021000021000021000021000021EB
:101F300000002100012000002000002000002000FF
:101F4000002000002000002000002000011F0000F1
:101F50001F00001F00001F00001F00001F00001FC7
:101F6000000020436F756E7420583A00004265648B
:101F700000453100626564002C2073797374656DCF
:101F80002073746F70706564212048656174657298
:101F90005F49443A20004572723A204D41585445F9
:101FA0004D50004D415854454D502074726967673B
:101FB000657265640048656174696E672046616991
:101FC0006C65640048656174696E67206661696C60
:101FD0006564004572723A204D494E54454D50009B
:101FE0004D494E54454D502074726967676572655E
:101FF0006400544845524D414C2052554E41574182
:102000005900546865726D616C2052756E6177611C
:102010007900202F002042403A0020403A0020570B
:102020003A007C3C3E5E2B3D3F2F5B5D3B2C2A22E1
:102030005C005761726E696E673A005344204361D9
:10204000726420496E6974204661696C00534420B3
:1020500063617264206F6B0A006F70656E526F6F00
:1020600074206661696C65640A00766F6C756D65D5
:102070002E696E6974206661696C65640A004E6F32
:1020800020534420636172640A000A4D3234004DCB
:102090003233202573002E0A006F70656E20666152
:1020A000696C65642C2046696C653A200046696C51
:1020B000652073656C65637465640A002053697AF2
:1020C000653A200046696C65206F70656E65643AFC
:1020D0002000454E4420535542524F5554494E45D9
:1020E0000A002220706F73002220706172656E7486
:1020F0003A2200535542524F5554494E45204341D0
:102100004C4C207461726765743A220053756263A7
:10211000616C6C204F766572666C6F7700457863F2
:102120006565646564206D617820535542524F5552
:1021300054494E452064657074683A002E0A004484
:10214000656C6574696F6E206661696C65642C20CE
:1021500046696C653A200046696C652064656C656B
:102160007465643A0057726974696E6720746F20F1
:1021700066696C653A2000434F4D4D554E494341C9
:1021800054494F4E0044525952554E004552524FF9
:10219000525300494E464F004543484F004D32349C
:1021A00053004D323320004739322E394500473134
:1021B00046004731463630305A00473146333030DA
:1021C000305800473132004D31303650004D3130FB
:1021D0003953004D32303044004739322E395A00DD
:1021E0004D3432305300473238523058590047315D
:1021F000463630305A004739322E395A0047393284
:102200002E394530004D31303953004D313930537E
:10221000004D3432305330004F46460A0046616468
:1022200065204865696768742000426564204C65D4
:1022300076656C696E6720004661696C6564207420
:102240006F20656E61626C6520426564204C657626
:10225000656C696E670A00496E76616C6964206D11
:102260006573682E0A0076616C69640A53746F7234
:1022700061676520736C6F743A2000696E004D656C
:10228000736820697320003F496E76616C69642031
:1022900073746F7261676520736C6F742E20557351
:1022A00065203020746F20003F454550524F4D202F
:1022B00073746F72616765206E6F742061766169F7
:1022C0006C61626C652E0A0020440020204D323083
:1022D00030205300202844697361626C6564293A98
:1022E0000046696C616D656E742073657474696E07
:1022F00067730020204D3230312058004D61782026
:10230000416363656C65726174696F6E2028756ED8
:102310006974732F7332290020204D3230332058D6
:10232000004D61782066656564726174657320286C
:10233000756E6974732F73290020520020204D326E
:102340003034205000416363656C65726174696F5D
:102350006E2028756E6974732F7332292028503CC3
:102360007072696E742D616363656C3E20523C72BD
:102370006574726163742D616363656C3E20543CC7
:1023800074726176656C2D616363656C3E29002013
:102390004A0020540020530020204D323035204286
:1023A00000416476616E6365642028423C6D696E0D
:1023B0005F7365676D656E745F74696D655F757376
:1023C0003E20533C6D696E5F66656564726174653D
:1023D0003E20543C6D696E5F74726176656C5F6619
:1023E000656564726174653E204A3C6A756E635F20
:1023F0006465763E290020440020490020204D33AA
:102400003031205000486F74656E6420504944009C
:1024100020440020490020204D3330342050004219
:102420006564205049440020580020204D61783ACE
:102430002000200020204D696E3A2000203B200023
:1024400020204D3231312053005761726E696E6722
:102450003A20436C65616E20436972636C6520723B
:10246000657175697265732058590A005761726EFB
:10247000696E673A20526164697573204F757420E4
:102480006F662052616E67650A004E6F7A7A6C65DE
:1024900020746F6F20636F6C64202D20536B697004
:1024A00070696E6720776970650A0048656164200D
:1024B00063616E6E6F74206265207061726B65641B
:1024C00000507265737320627574746F6E20746F40
:1024D00020726573756D650A00496E7365727420AC
:1024E00066696C616D656E7420616E6420707265E2
:1024F000737320627574746F6E0A0052656865614B
:102500007420446F6E6500526568656174696E671A
:102510002E2E2E00507265737320627574746F6E68
:1025200020746F2068656174206E6F7A7A6C650A1A
:1025300000496E736572742066696C616D656E74B6
:1025400020616E6420707265737320627574746F9D
:102550006E0A00203B0020550020204D36303320ED
:102560004C0046696C616D656E74206C6F61642F00
:10257000756E6C6F616400203B200020204D34316B
:1025800033205300506F7765722D6C6F7373207218
:1025900065636F76657279003B200020496E766135
:1025A0006C69642065787472756465722000536C80
:1025B0006565702E2E2E005B505D61726B696E67D3
:1025C000207374796C652028302E2E34292E003F1C
:1025D000496E76616C696420005A2050726F6265A2
:1025E0002050617374204265640A005A2050726F53
:1025F0006265205061737420426564005A205072F5
:102600006F626520506173742042656400205A3AFD
:102610000020593A0042656420583A004D657368BD
:1026200020706F696E74206F7574206F6620726100
:102630006E67650A00436C69636B20746F20526596
:1026400073756D652E2E2E004E6F204D6F76652EA4
:1026500000456E642066696C65206C6973740A00BD
:10266000426567696E2066696C65206C6973740ADF
:10267000004E6F206D656469610A005344206361F8
:1026800072642072656C65617365640A00286E6F00
:102690002066696C65290043757272656E742066E8
:1026A000696C653A20004E6F742053442070726943
:1026B0006E74696E670A005344207072696E7469A3
:1026C0006E67206279746520002569730025696D45
:1026D00020256973002569682025696D20256973A7
:1026E00000256964202569682025696D20256973A6
:1026F0000025697920256964202569682025696D90
:1027000020256973005072696E742074696D653A92
:1027100020006F6B004C696E653A20006F666600A2
:10272000982193218C218521772144454255473AB0
:10273000004D3131322053687574646F776E004DEF
:102740003131332053003344205072696E74657206
:10275000204F46462E0020732E0A00496E61637496
:1027600069766974792074696D656F7574200043AA
:102770002E0A003F49646C652054696D656F75745D
:102780002028542920747269676765722074656D0A
:1027900070657261747572652073686F756C642002
:1027A0006265206F76657220002F2F004D31343521
:1027B00020533C696E6465783E206F7574206F66A7
:1027C0002072616E67652028302D31290A003F4A4A
:1027D000206F7574206F662072616E6765202830E7
:1027E0002E303120746F20302E33290A00250A0044
:1027F00046523A0020466C6F773A20003A2000207B
:10280000536572766F2000206F7574206F6620729A
:10281000616E67650A00536572766F2000646973A4
:1028200000656E0043290061626C656420286D6953
:102830006E2074656D702000436F6C642065787441
:1028400072756465732061726520004D6573682040
:10285000706F696E74206F7574206F662072616E80
:1028600067650A004D34323120696E636F7272659C
:10287000637420706172616D657465722075736137
:1028800067650A004F666673657473204170706CEB
:10289000696564004D494E2F4D415820546F6F209B
:1028A00046617200546F6F206661722066726F6DB0
:1028B000204D494E2F4D41580A00454550524F4D2D
:1028C000204F4B0A00290A0020746F20003F5A2035
:1028D0006F7574206F662072616E6765202800290D
:1028E0000A0020746F20003F59206F7574206F66B6
:1028F0002072616E6765202800290A0020746F200D
:10290000003F58206F7574206F662072616E676596
:102910002028004D383400446F6E65207072696E57
:1029200074696E672066696C650A004D3737004D23
:1029300033310020204D323036205800486F6D650D
:10294000206F6666736574004361703A00434F4EB2
:102950004649475F4558504F5254004D45415450E9
:1029600041434B00434F4F4C45525F54454D5045FA
:10297000524154555245004348414D4245525F54DF
:10298000454D50455241545552450045505F4241D6
:1029900042595354455000424142595354455050B6
:1029A000494E470041524353004D4F54494F4E5FEB
:1029B0004D4F44455300544845524D414C5F505291
:1029C0004F54454354494F4E00455854454E444595
:1029D000445F4D323000435553544F4D5F4649528A
:1029E0004D574152455F55504C4F4144004C464E67
:1029F0005F5752495445004C4F4E475F46494C453E
:102A00004E414D45004155544F5245504F52545F31
:102A100053445F5354415455530053445F575249F4
:102A2000544500524550454154004D554C54495F62
:102A3000564F4C554D45005344434152440050526B
:102A40004F4D50545F535550504F525400484F53C0
:102A5000545F414354494F4E5F434F4D4D414E44A7
:102A60005300454D455247454E43595F50415253DF
:102A7000455200434153455F4C494748545F4252D9
:102A8000494748544E45535300544F47474C455FC0
:102A90004C494748545300534F4654574152455FA1
:102AA000504F574552004255494C445F50455243A0
:102AB000454E54004C4556454C494E475F444154A1
:102AC00041005A5F50524F42450052554E4F5554A7
:102AD000004155544F4C4556454C005052494E54B8
:102AE0005F4A4F420050524F4752455353004155A1
:102AF000544F5245504F52545F54454D500041552C
:102B0000544F5245504F52545F504F5300564F4C04
:102B1000554D455452494300454550524F4D004292
:102B2000494E4152595F46494C455F5452414E53BC
:102B30004645520053455249414C5F584F4E5F58ED
:102B40004F4646004649524D574152455F4E414D12
:102B5000453A4D61726C696E206275676669782DC1
:102B6000322E312E7820284A756E202034203230C3
:102B700032362031353A34353A34312920534F55E5
:102B80005243455F434F44455F55524C3A67697421
:102B90006875622E636F6D2F4D61726C696E466948
:102BA000726D776172652F4D61726C696E20505243
:102BB0004F544F434F4C5F56455253494F4E3A3155
:102BC0002E30204D414348494E455F545950453AB7
:102BD0003344205072696E746572204B494E454DE6
:102BE00041544943533A43617274657369616E207D
:102BF00045585452554445525F434F554E543A310F
:102C000020555549443A63656465326132662D3416
:102C10003161322D343734382D396231322D6335FC
:102C2000356336326633363766660020204D3235DE
:102C3000302043004C434420436F6E7472617374C0
:102C40000047322F47332062616420706172616DEA
:102C500065746572730A00203B0020204D383531C1
:102C60002058005A2D50726F6265204F666673655A
:102C70007400436F6F6C696E672E2E2E00453120F5
:102C800025530020460020420020204D31303420C2
:102C900053004175746F2054656D7020436F6E74DE
:102CA000726F6C0020573A0042656420436F6F6C6E
:102CB000696E672E2E2E0042656420486561746936
:102CC0006E672E2E2E0023646566696E652044456E
:102CD0004641554C545F00004245445F004B442040
:102CE000004B4920004B5020002066696E697368D4
:102CF0006564212050757420746865206C6173745C
:102D0000204B702C204B6920616E64204B64206343
:102D10006F6E7374616E74732066726F6D2062657E
:102D20006C6F7720696E746F20436F6E666967758C
:102D3000726174696F6E2E680A00504944204175B3
:102D4000746F74756E6500206661696C656421201E
:102D500074696D656F75740A00504944204175743B
:102D60006F74756E6500206661696C65642120541E
:102D7000656D706572617475726520746F6F20681F
:102D80006967680A00504944204175746F74756E14
:102D90006500504944204379636C657300255320D6
:102DA00025692F256900204B643A2000204B693AA1
:102DB0002000204B703A200020436C6173736963DC
:102DC00020504944200A00204E6F206F76657273B0
:102DD000686F6F740A002054753A2000204B753AD2
:102DE0002000206D61783A2000206D696E3A200045
:102DF00020643A200020626961733A2000486561CE
:102E000074696E672E2E2E002073746172740A002E
:102E1000504944204175746F74756E650020666179
:102E2000696C6564212054656D706572617475729A
:102E30006520746F6F20686967680A0050494420F4
:102E40004175746F74756E65005049442041757406
:102E50006F74756E65003F28432979636C65732034
:102E60006E6F7420706C61757369626C6520283EAA
:102E70003D33292E0A00206661696C656421204279
:102E80006164206865617465722069640A00504954
:102E900044204175746F74756E6500205400205392
:102EA0000020450020204D3836204200486F7465D0
:102EB0006E642049646C652054696D656F7574009B
:102EC0004572723A207574663820666F6E74206E93
:102ED0006F7420696E697469616C697A65642E002B
:102EE0004572723A207574663820666F6E74206E73
:102EF0006F7420696E697469616C697A65642E000B
:102F00004572723A207574663820666F6E74206E52
:102F10006F7420696E697469616C697A65642E00EA
:102F2000200020003A00200020003A003A002568E6
:102F3000753A25303268750025303268753A25308B
:102F40003268750025303268752725303268750083
:102F5000256875642025303268753A2530326875E9
:102F600000FFE0FFD140A0C8A6A22FF80023AC00CC
:102F7000AF10FFFEFF05FFD0FFE0FFC1FFD1E24031
:102F8000A0C8A6A22FF800238127AC00AFFFD0FF76
:102F900064FFD1A5FFD0FF64FF64FFD1A4FFD0FF81
:102FA00016FFFE000C0F00FE07022503BB017FFE8B
:102FB00008FE08FE05080806000040F0C88888984A
:102FC0007810050808060000C0F88888888888F806
:102FD0000505050600012030F83020050808060028
:102FE000002070F820202020E00509090600FF20BD
:102FF00070A8A8B888887020070505070001D86C5C
:10300000366CD80509090600FFF8A88888888888E2
:10301000A8F8050A0A0600FE205050505088A8A8BB
:10302000887003030306000340A040FFFFFFFFFF7B
:10303000FFFFFFFFFFFFFFFFFFFFFFFFFFFFFFFFA0
:10304000FF0000000605FF010707060200808080E0
:1030500080800080030303060105A0A0A0050606EA
:1030600006000050F85050F8500509090600FF20EE
:1030700070A8A07028A87020050707060000C8C81F
:10308000102040989805070706000040A0A040A81F
:103090009068010303060205808080030909060188
:1030A000FF2040408080804040200309090601FF46
:1030B0008040402020204040800507070600002077
:1030C000A8702070A8200505050600012020F82022
:1030D000200203030601FFC0408005010106000332
:1030E000F8020202060100C0C0050707060000083A
:1030F000101020404080050707060000708898A83F
:10310000C8887003070706010040C040404040E007
:10311000050707060000708808102040F80507071B
:10312000060000F808103008887005070706000040
:1031300010305090F81010050707060000F880F0D6
:1031400008088870050707060000304080F088886E
:1031500070050707060000F808101020202005075A
:1031600007060000708888708888700507070600C9
:103170000070888878081060020505060100C0C04C
:1031800000C0C00206060601FFC0C000C0408003A8
:1031900005050601012040804020050303060002CA
:1031A000F800F8030505060101804020408005076E
:1031B0000706000070881020200020050707060081
:1031C000007088B8A8B880700507070600007088EE
:1031D00088F8888888050707060000F04848704886
:1031E00048F0050707060000708880808088700519
:1031F0000707060000F04848484848F0050707065A
:103200000000F88080F08080F8050707060000F8CD
:103210008080F0808080050707060000708880802D
:10322000988870050707060000888888F8888888CD
:10323000030707060100E04040404040E005070763
:1032400006000038101010109060050707060000F7
:103250008890A0C0A09088050707060000808080A5
:10326000808080F805070706000088D8A88888882D
:10327000880507070600008888C8A8988888050779
:103280000706000070888888888870050707060090
:1032900000F08888F08080800507070600007088AD
:1032A0008888A89068050707060000F08888F0A0C5
:1032B00090880507070600007088807008887005F0
:1032C0000707060000F82020202020200507070619
:1032D00000008888888888887005070706000088AD
:1032E000888888505020050707060000888888884D
:1032F000A8A8500507070600008888502050888835
:1033000005070706000088885020202020050707B1
:10331000060000F80810204080F80309090601FFA4
:10332000E080808080808080E005070706000080C4
:103330004040201010080309090601FFE02020206A
:1033400020202020E0050303060005205088050109
:10335000010600FEF8030303060105804020050571
:1033600005060000700878887805070706000080C9
:1033700080F0888888F00505050600007080808848
:103380007005070706000008087888888878050512
:10339000050600007088F080700507070600003001
:1033A0004840E04040400507070600FE70888888D6
:1033B0007808700507070600008080F088888888F4
:1033C0000307070601004000C0404040E00409092F
:1033D0000601FE100030101010109060050707065F
:1033E000000080808890E09088030707060100C0F5
:1033F0004040404040E0050505060000D0A8A8A8D0
:10340000A8050505060000B0C888888805050506DA
:10341000000070888888700507070600FEF088881D
:1034200088F080800507070600FE7888888878087D
:1034300008050505060000B0C88080800505050662
:10344000000078807008F00507070600002020F8CB
:103450002020201805050506000088888898680542
:10346000050506000088888850200505050600002F
:103470008888A8A8500505050600008850205088B7
:103480000507070600FE888888502040800505054E
:10349000060000F8102040F80309090601FF20404B
:1034A000404080404040200109090602FF808080A2
:1034B0008080808080800309090601FF80404040B1
:1034C000204040408005030306000248A890FF0307
:1034D00002260E0F3812133E1A1C180A072009097B
:1034E0000800010D0E2001400130013B0140013672
:1034F000016001310170012C0190012701B001220E
:1035000001C0011D01F00118011002130130020E6B
:10351000016002090190020401C002FF000003FAE9
:10352000004003F5008003F000D003EB002004E628
:10353000007004E100E004DC004005D700C005D2C3
:10354000004006CD00D006C8008007C3003008BE8A
:1035500000F008B900C009B400B00AAF00B00BAA6F
:1035600000D00CA500000EA000500F9B00C01096CC
:10357000005012910000148C00C0158700B0178213
:1035800000B0197D00D01B7800001E730040206E33
:103590000090226900F024640040275F0090295ABF
:1035A00000E02B5500102E500020304B001032460A
:1035B00000E033410090353C00103737007038325E
:1035C00000A0392D00B03A2800A03B2300603C1E2B
:1035D00000103D1900903D1400103E0F00703E0A8F
:1035E00000C03E0500003F0000403FFBFF803FF66B
:1035F000FFC03FF1FF2001400130013B0140013697
:10360000016001310170012C0190012701B00122FC
:1036100001C0011D01F00118011002130130020E5A
:10362000016002090190020401C002FF000003FAD8
:10363000004003F5008003F000D003EB002004E617
:10364000007004E100E004DC004005D700C005D2B2
:10365000004006CD00D006C8008007C3003008BE79
:1036600000F008B900C009B400B00AAF00B00BAA5E
:1036700000D00CA500000EA000500F9B00C01096BB
:10368000005012910000148C00C0158700B0178202
:1036900000B0197D00D01B7800001E730040206E22
:1036A0000090226900F024640040275F0090295AAE
:1036B00000E02B5500102E500020304B00103246F9
:1036C00000E033410090353C00103737007038324D
:1036D00000A0392D00B03A2800A03B2300603C1E1A
:1036E00000103D1900903D1400103E0F00703E0A7E
:1036F00000C03E0500003F0000403FFBFF803FF65A
:10370000FFC03FF1FF2001400130013B0140013685
:10371000016001310170012C0190012701B00122EB
:1037200001C0011D01F00118011002130130020E49
:10373000016002090190020401C002FF000003FAC7
:10374000004003F5008003F000D003EB002004E606
:10375000007004E100E004DC004005D700C005D2A1
:10376000004006CD00D006C8008007C3003008BE68
:1037700000F008B900C009B400B00AAF00B00BAA4D
:1037800000D00CA500000EA000500F9B00C01096AA
:10379000005012910000148C00C0158700B01782F1
:1037A00000B0197D00D01B7800001E730040206E11
:1037B0000090226900F024640040275F0090295A9D
:1037C00000E02B5500102E500020304B00103246E8
:1037D00000E033410090353C00103737007038323C
:1037E00000A0392D00B03A2800A03B2300603C1E09
:1037F00000103D1900903D1400103E0F00703E0A6D
:1038000000C03E0500003F0000403FFBFF803FF648
:10381000FFC03FF1FF726F746174696F6E206D615C
:10382000747269783A0A002001400130013B01407E
:103830000136016001310170012C0190012701B0B6
:10384000012201C0011D01F0011801100213013015
:10385000020E016002090190020401C002FF000093
:1038600003FA004003F5008003F000D003EB0020D2
:1038700004E6007004E100E004DC004005D700C06D
:1038800005D2004006CD00D006C8008007C3003036
:1038900008BE00F008B900C009B400B00AAF00B01B
:1038A0000BAA00D00CA500000EA000500F9B00C07A
:1038B0001096005012910000148C00C0158700B0C3
:1038C000178200B0197D00D01B7800001E730040E5
:1038D000206E0090226900F024640040275F009071
:1038E000295A00E02B5500102E500020304B0010BC
:1038F000324600E033410090353C0010373700700D
:10390000383200A0392D00B03A2800A03B230060D7
:103910003C1E00103D1900903D1400103E0F007039
:103920003E0A00C03E0500003F0000403FFBFF8014
:103930003FF6FFC03FF1FF5A5F6D6F76655F636FC3
:103940006D700A00616C736F20656E61626C6564F6
:10395000290A00206E6F742064697361626C65646B
:103960002E205368617265642077697468002E0A9E
:1039700000004D343031004D343032004732385A77
:1039800000473239503452540047323950345400D1
:103990004732394A2569004732394A3000473239BF
:1039A000503354300047323950324254300047329D
:1039B000380A4D31393049300A4D31303949300AF1
:1039C00047323950310A4D31303453300A4D313499
:1039D000305330004732380A4D31393049310A4DC1
:1039E00031303949310A47323950310A4D3130349A
:1039F00053300A4D3134305330004732394E503154
:103A00000047323950314300473239490047323993
:103A1000543000473239543100473239532D310088
:103A2000473239493939390A4732395032425430EC
:103A3000004732395700417869732000206D696E64
:103A40003A00206D61783A00534C4F570004000053
:103A50000501000300050100050400000005000346
:103A6000004572726F722077726974696E67207494
:103A70006F20454550524F4D210A0053544F50502E
:103A800045442E20005072696E7465722073746F05
:103A9000707065642064756520746F206572726F44
:103AA00072732E2046697820746865206572726F83
:103AB0007220616E6420757365204D393939207428
:103AC0006F20726573746172742E202854656D7056
:103AD00065726174757265206973207265736574AF
:103AE0002E2053657420697420616674657220729B
:103AF000657374617274696E67290A004E6F2043A2
:103B00006865636B73756D2077697468206C696E86
:103B100065206E756D6265722C204C617374204C4B
:103B2000696E653A20004E6F20436865636B73755C
:103B30006D2077697468206C696E65206E756D62A2
:103B400065722C204C617374204C696E653A2000BC
:103B5000636865636B73756D206D69736D61746304
:103B6000682C204C617374204C696E653A20004CBF
:103B7000696E65204E756D626572206973206E6F87
:103B800074204C617374204C696E65204E756D62B3
:103B900065722B312C204C617374204C696E653A30
:103BA00020004D3131300053657269616C207374AF
:103BB00061747573206D69736D617463680A005375
:103BC000442072656164206572726F720A00486FEA
:103BD00074656E642049646C652054696D656F7509
:103BE0007400486F74656E642049646C6520546984
:103BF0006D656F75740A004B494C4C206275747486
:103C00006F6E2F70696E002121204B494C4C206350
:103C100061757365642062792000746F6F206D7523
:103C2000636820696E6163746976652074696D6587
:103C3000202D2063757272656E7420636F6D6D61E7
:103C40006E643A20002121204B494C4C2063617561
:103C50007365642062792000627573793A2070611F
:103C60007573656420666F7220696E7075740A00E2
:103C7000627573793A2070617573656420666F723E
:103C800020757365720A00627573793A2070726FDD
:103C900063657373696E670A0053442043617264FD
:103CA0002052656D6F7665640053442043617264F1
:103CB00020496E736572746564004D313030305345
:103CC00000506C65617365205265736574005052D5
:103CD000494E5445522048414C5445440025533ADE
:103CE000202553004B494C4C45442E20005072690E
:103CF0006E7465722068616C7465642E206B696CEB
:103D00006C28292063616C6C6564210A0065636816
:103D10006F3A004572726F723A00556E6966696556
:103D20006420426564204C6576656C696E6700614D
:103D300063746976650A00696E002053797374654F
:103D40006D2076312E303120002020207C0A004E5C
:103D5000414E0020202E20202000207C0020666F75
:103D60007220004C43443A0A004353563A0A003A40
:103D70000A0A000A42656420546F706F67726170AE
:103D80006879205265706F727400205A3A200020C2
:103D9000793A200042656420583A200050726F62E0
:103DA000696E67204661696C65640A0050726F62D3
:103DB000696E67204661696C656400204A002020B6
:103DC0004D343231204900202047323920493939D9
:103DD000390A00446F6E652E0A0073746F72616752
:103DE0006520736C6F742E0A3F5573652030207404
:103DF0006F20003F496E76616C696420003F454545
:103E000050524F4D2073746F72616765206E6F74EE
:103E100020617661696C61626C652E0A00446F6E88
:103E2000652E0A0073746F7261676520736C6F741E
:103E30002E0A3F557365203020746F20003F496E75
:103E400076616C696420003F454550524F4D2073A8
:103E5000746F72616765206E6F7420617661696C42
:103E600061626C652E0A0020616E642074616B656E
:103E70002061206D6561737572656D656E742E0AC3
:103E8000006D6D20746869636B2E0A00427573695A
:103E90006E657373204361726420697320005265FC
:103EA0006D6F76652026204D6561737572652042C1
:103EB00065640052656D6F7665207368696D0050AA
:103EC0006C616365207368696D20756E646572202E
:103ED0006E6F7A7A6C65005C3A573A523A4D3A3FC7
:103EE000496E76616C696420502076616C75652E30
:103EF0000A0A004732392050322066696E697368B9
:103F000065642E0A005859206F75747369646520C2
:103F10007072696E7461626C652072616469757338
:103F20002E0A003F4572726F7220696E20427573CF
:103F3000696E6573732043617264206D656173758A
:103F400072656D656E742E0A004D616E75616C6CE4
:103F5000792070726F62696E6720756E7265616339
:103F60006861626C6520706F696E74732E0A002937
:103F70002E0A0050726F62696E672061726F756EF3
:103F8000642028004D65736820696E76616C6964F1
:103F9000617465642E2050726F62696E67206D6572
:103FA00073682E0A004D657368207A65726F6564C8
:103FB0002E0A0044656661756C742073746F7261BB
:103FC000676520736C6F7420302073656C65637453
:103FD00065642E0A004732384C300020696E7661E5
:103FE0006C6964617465642E0A0A004C6F636174C5
:103FF000696F6E7300456E74697265204D657368F4
:104000000062656420706C616E65206E6F726D6118
:104010006C203D205B00436F756C64206E6F7420D4
:10402000636F6D706C657465204C5346210A0043C4
:104030006F727265637465645F5A3D002553202575
:10404000692F2569000A0A002F0054696C74696E93
:1040500067206D65736820706F696E7420003F453E
:1040600072726F722070726F62696E6720706F6912
:104070006E742E2041626F7274696E67206F706576
:10408000726174696F6E2E0A00436F727265637499
:1040900065645F5A3D0054696C74696E6720506FA7
:1040A000696E740025532025692F33002F33290AA8
:1040B0000054696C74696E67206D65736820280010
:1040C0004170706C79696E672074657374207061DB
:1040D000747465726E2E0A0A002851292074657363
:1040E00074207061747465726E2E20283020746F95
:1040F0002032290A003F496E76616C6964200053C2
:1041000074616E6461726420446576696174696F7C
:104110006E3A20004D65616E204D657368204865DC
:10412000696768743A200023206F662073616D70A0
:104130006C65733A20000A4D657368206F6E6C7968
:10414000207061727469616C6C7920706F70756C2D
:10415000617465642E0A0A0050726F62696E67208E
:10416000506F696E740025532025692F2569002E34
:104170000A002F0050726F62696E67206D65736868
:1041800020706F696E7420000A4D657368206F6E31
:104190006C79207061727469616C6C7920706F70D9
:1041A000756C617465642E0A004D65736820506FEC
:1041B000696E74204D656173757265642061743A2F
:1041C00020004D656173757265004D656173757290
:1041D0006500506C616365205368696D2026204D31
:1041E00065617375726500506C6163652053686921
:1041F0006D2026204D656173757265004D6F76697F
:104200006E6720746F206E657874004D657368204A
:1042100045646974696E672053746F7070656400DB
:10422000446F6E652045646974696E67204D6573DF
:10423000680A00446F6E652045646974696E672082
:104240004D6573680046696E652054756E696E67CA
:10425000204D6573680028582C5929206F75747398
:10426000696465207072696E7461626C6520726148
:10427000646975732E0A004F6666736574206F75E6
:1042800074206F6620626F756E64732E2028302054
:10429000746F2031306D6D290A0A00496E76616CA9
:1042A0006964206D617020747970652E0A0A003F80
:1042B0002846296164652068656967687420666FAF
:1042C0007220426564204C6576656C20436F727283
:1042D000656374696F6E206E6F7420706C617573A6
:1042E00069626C652E0A0A003F43616E2774206183
:1042F0006374697661746520616E642064656163CE
:1043000074697661746520617420746865207361D6
:104310006D652074696D652E0A0A00426F7468200D
:104320005820262059206C6F636174696F6E73206A
:104330006D75737420626520737065636966696565
:10434000642E0A0A003F496E76616C69642000673A
:104350007269642073697A6520284A292073706520
:104360006369666965642028322D39292E0A003F69
:10437000285029686173652076616C756520696EC7
:1043800076616C69642028302D36292E0A0A003F98
:104390002856296572626F7365206C6576656C209E
:1043A000696D706C61757369626C652028302D349D
:1043B000292E0A0A003F28522965706574697469BC
:1043C0006F6E20636F756E7420696E76616C6964C0
:1043D0002028312B292E0A0A00446F696E67204776
:1043E00032390020646F6E652E0A0020496E7375A5
:1043F0006666696369656E7420646174610A00456C
:1044000078747261706F6C6174696E67206D65732A
:10441000682E2E2E000000803F00006D420000EB51
:104420004200C02F4300006A430000803F00006D3F
:10443000420000EB4200C02F4300006A43486F7403
:10444000656E6420746F6F20636F6C640A0066721F
:1044500065736800646F696E67002066696C653A11
:1044600020004E6F7720002F6175746F25632E67D3
:1044700000024C434420436F6E74726173743A209F
:10448000006D61726C696E66772E6F72670062757F
:10449000676669782D322E312E78001FFFFFFFFFEF
:1044A000FFFF600000000001FF400000000000FF6F
:1044B0008000000000007F83CF00000C303F87FFAA
:1044C00080000C301F867980000C000F8C30C78371
:1044D0008C30E78C30CFC7CC31F38C30DCECEC3354
:1044E000B98C30D86C6C33198C30D06C0C33198C7F
:1044F00030D86C0C33198C30DC6C0E3B198C30CFFF
:104500007C079F198C30C77C038F19400000000086
:104510000002600000000000061FFFFFFFFFFFF821
:104520002001400130013B014001360160013101B1
:1045300070012C0190012701B0012201C0011D0171
:10454000F00118011002130130020E01600209018E
:1045500090020401C002FF000003FA004003F500CE
:104560008003F000D003EB002004E6007004E100BB
:10457000E004DC004005D700C005D2004006CD00B5
:10458000D006C8008007C3003008BE00F008B9009C
:10459000C009B400B00AAF00B00BAA00D00CA5004F
:1045A000000EA000500F9B00C0109600501291000A
:1045B00000148C00C0158700B0178200B0197D0070
:1045C000D01B7800001E730040206E00902269000E
:1045D000F024640040275F0090295A00E02B55002A
:1045E000102E500020304B0010324600E0334100C6
:1045F00090353C001037370070383200A0392D005C
:10460000B03A2800A03B2300603C1E00103D19007A
:10461000903D1400103E0F00703E0A00C03E0500A1
:10462000003F0000403FFBFF803FF6FFC03FF1FF2F
:104630002020506C616E6E657242756666657242CE
:10464000797465733A20002046726565204D656D6A
:104650006F72793A200020436F6D70696C65643A1F
:10466000204A756E20203420323032360A00204C29
:1046700061737420557064617465643A203230321D
:10468000362D30352D3236207C20417574686F729E
:104690003A202857696C6C69616E53290A004D6194
:1046A000726C696E206275676669782D322E312EC4
:1046B000780A0020536F66747761726520526573C3
:1046C00065740A00205761746368646F67205265DF
:1046D0007365740A002042726F776E206F757420C4
:1046E00052657365740A002045787465726E616C5A
:1046F0002052657365740A00506F77657255700AB1
:104700000073746172740A004732385859004D3191
:10471000303031006F6B006572726F722077726992
:1047200074696E6720746F2066696C650A00446F57
:104730006E6520736176696E672066696C652E0A06
:10474000004D323900456E6473746F7073002553E9
:1047500020256320256320256320256300205A3A05
:104760000020593A0020583A00656E6473746F70E7
:1047700073206869743A200000002100240027009B
:104780002A002D0030003300010100000401070160
:104790000A0100000A0B02090C0D0E0807030401B0
:1047A0000000000000000000000000000000000009
:1047B00000000000000000000000000000001211D6
:1047C00010000000000000000000000000000000D9
:1047D0000000000000000000302E30323500302E86
:1047E0003100312E30004D6F766520246D6D003123
:1047F0003000000075430000754300007A434D6FA0
:1048000076652041786973004D6F7665202A004DEA
:104810006F7665204000200020002000FFFFFF434E
:10482000616E6E6F74206F70656E2073756264695F
:10483000722000220A00556E6B6E6F776E20636FD8
:104840006D6D616E643A2022004D657368206C6F57
:10485000616465642066726F6D20736C6F742000F4
:104860003F556E61626C6520746F206C6F616420CF
:104870006D65736820646174612E0A002045002014
:104880005A0020590020204D3932205800537465B9
:1048900070732070657220756E697400DB0FC93FFC
:1048A00045BCDA3F8FB30240FCF02740569461408C
:1048B000FE4B9B4084A5D840E0231841346A564102
:1048C000E859974164DBD5416E271742B4B755428A
:1048D000CE1A9742C8AED542B5885A43D40684BF93
:1048E000A65FA7BF7443E0BF10B11AC01C2C58C00C
:1048F000E8F697C0B849D6C04E4E17C124D355C16B
:10490000802497C1A0B5D5C1121A17C244AE55C2B2
:10491000781797C26CACD5C267885AC320746F6F82
:10492000206C6F6E6720657874727573696F6E2086
:1049300070726576656E7465640A0020636F6C64DE
:1049400020657874727573696F6E20707265766514
:104950006E7465640A0020453A00205A3A002059D6
:104960003A00583A006F6B0A00526573656E643AFC
:1049700020003344205072696E7465722052656164
:1049800064792E005072696E74696E672E2E2E0047
:104990005072696E74205061757365640001021075
:1049A0002020080810204010204080020102010849
:1049B00004020101020408102040808040201008F9
:1049C0000402018004020180402010080402010852
:1049D00004020101020408102040800102040810B2
:1049E00020408000002200250028002B002E0031EE
:1049F00000340002010000050108010B0105050556
:104A000005070508080808020202020A0A08080445
:104A10000404040101010101010101030303030373
:104A2000030303040707070C0C0C0C0C0C0C0C0202
:104A300002020206060606060606060B0B0B0B0B09
:104A40000B0B0B000F01F50011241FBECFEFD1E2BD
:104A5000DEBFCDBF00E00CBF84B78093A11C14BEA5
:104A60000FB6F894A89580916000886180936000EB
:104A7000109260000FBE16E0A0E0B2E0E2E7F3E4BF
:104A800003E00BBF02C007900D92AE35B107D9F716
:104A90002CE1AEE5B6E001C01D92A13AB207E1F704
:104AA00015E2C3E2D5E200E006C021970109802F9C
:104AB000FE010F94F09CC232D10780E00807A9F7ED
:104AC0000F94B6880D94A8A10C940000609119026F
:104AD00070911A02072E000C880B990B0F942F96D9
:104AE0002AE037ED43E25CE30F948E9620912B078A
:104AF00030912C0740912D0750912E070F948E96E0
:104B000060936D0270936E0280936F0290937002B7
:104B100008958091910B811104C08091770B80934F
:104B2000290C0895CF93DF93EC01CB01BA010F94C8
:104B30002F9620E030E040E251E40F94ED9D2AE012
:104B400037ED43E25CE30F94119D688379838A8398
:104B50009B83DF91CF910895CF93DF93EC01CB013D
:104B6000BA010F942F96688379838A839B83DF91A0
:104B7000CF910895CF93DF93EC01CB01BA010F944D
:104B80002F96688379838A839B83DF91CF910895E1
:104B9000809168118823F1F02FEF3FEF30933A02B4
:104BA00020933902815080936811E6EBFAE1882363
:104BB00051F08150990B2BE1289FF001299FF00DB6
:104BC0001124E451F54E8BE1A1EDBAE101900D9273
:104BD0008A95E1F720916811211105C08091731128
:104BE00080648093731181E090E0A0E0B0E0211137
:104BF00003C080E090E0DC0180936F0B9093700B1A
:104C0000A093710BB093720B1092740B81E08093A0
:104C1000690B83E080936A02089581E080936906BE
:104C2000089582E0809369060895FC014083089509
:104C3000CF93DF93EC01642F70E090E080E00F945D
:104C40002F9629EC38EC48EC5EE30F94ED9D20E0C4
:104C500030E040E05FE30F94119D0F945A9E68830B
:104C6000DF91CF91089580915D02863E08F486EE33
:104C700080935D020C940ADAE091910B86E0E802E1
:104C8000F0011124E558F44F8091770B90E0958363
:104C900084830895CF93DF93EC01CB01BA010F9485
:104CA0002F9620E030E048EC52E40F94ED9D2FE683
:104CB00032E143E85AE30F94119D688379838A8334
:104CC0009B83DF91CF910895CF93DF93EC01CB01CC
:104CD000BA010F942F9620E030E048EC52E40F9494
:104CE000ED9D2FE632E143E85AE30F94119D68836E
:104CF00079838A839B83DF91CF910895CF93DF934C
:104D0000EC01CB01BA010F942D962AE037ED43E276
:104D10005DE30F94ED9D0F945A9E688379838A8397
:104D20009B83DF91CF910895CF93DF93EC01CB016B
:104D3000BA010F942F962AE037ED43E25DE30F941A
:104D4000ED9D688379838A839B83DF91CF9108955A
:104D5000CF93DF93EC01CB01BA010F942F966883B8
:104D600079838A839B83DF91CF910895FC015183DE
:104D700040830895CF93DF93EC01CB01BA010F94E8
:104D80002F9620E030E04AE754E40F94ED9D27E1B0
:104D900037EB41ED58E30F94119D688379838A8343
:104DA0009B83DF91CF9108958091260890912708E9
:104DB00020912408309125088217930724F49093BA
:104DC000250880932408089580912408909125084F
:104DD00020912608309127082817390724F490934A
:104DE0002708809326080895CF92DF92EF92FF92D2
:104DF0006B017C0120E030E0A9010F94299687FD2A
:104E000010C06DEB77E386E095E3A70196010F9460
:104E1000119D42E050E0FF90EF90DF90CF900D9415
:104E200081746DEB77E386E095EBEFCF0F942F96CF
:104E300020E030E04AE754E40F94ED9D27E137EBA2
:104E400041ED58E30F94119DCFCFCB010C94F8AEF8
:104E500080916A02882351F06091770B7091780BF2
:104E600030E020E041E081E00C9420DD08950F93D4
:104E70001F93CF93DF93CDB7DEB762970FB6F89449
:104E8000DEBF0FBECDBF80910B028F9380910A02CF
:104E90008F9384E09EE09F938F938E010F5F1F4F4F
:104EA0001F930F930F94C295C8010F945C110F903C
:104EB0000F900F900F900F900F9062960FB6F8948E
:104EC000DEBF0FBECDBFDF91CF911F910F9108952F
:104ED000EF92FF920F931F93CF93DF93CDB7DEB77F
:104EE000A8970FB6F894DEBF0FBECDBFF62EE72E03
:104EF000909103079F93909102079F93282F082E6C
:104F0000000C330B3F938F9380E49FE09F938F932C
:104F10008E010F5F1F4F1F930F930F94C295F801DF
:104F200001900020E9F7CF01209103072F932091F2
:104F300002072F93EF92FF9201979F938F930F9405
:104F4000C295C8010F945C110FB6F894DEBF0FBE76
:104F5000CDBFA8960FB6F894DEBF0FBECDBFDF91D0
:104F6000CF911F910F91FF90EF9008956EE47FE035
:104F70008CE4AECF6DE57FE083E5AACF0F945F2789
:104F80008CE49EE00D94032D0C94DCBBCF92DF9259
:104F9000EF92FF9281E08093080780916C069091D8
:104FA0006D06892B41F180916C0690916D062AE087
:104FB00037ED43EA5BEB1816190624F42AE037EDC7
:104FC00043EA5BE36091FE067091FF068091000763
:104FD000909101070F94119D6093FE067093FF0658
:104FE000809300079093010710926D0610926C0653
:104FF00082E080936A0280916A028823A9F120E00E
:1050000030E04AE754E46091FE067091FF0680911B
:105010000007909101070F948E960F94559E6B0197
:105020007C0125E030E040E050E00F94759CA70142
:105030009601261B370B480B590BCA01B9010F9477
:105040002F9620E030E04AE754E40F94ED9D42E0D3
:1050500050E00F948174BC018DE29DE0FF90EF90D1
:10506000DF90CF900C941CDEFF90EF90DF90CF90FC
:10507000089570E090E080E00F942F9629EC38ECD2
:1050800048EC5EE30F94ED9D20E030E040E05FE30C
:105090000F94119D0F945A9E862F0C9455AF9091AA
:1050A0004D0781E089270D944027CF92DF92EF9240
:1050B000FF920F942F9620E030E048EC52E40F94DA
:1050C000ED9D2FE632E143E85AE30F94119D6B0109
:1050D0007C0120E030E0A9010F9429962DEB37E305
:1050E00046E055E387FF04C02DEB37E346E055EB80
:1050F000C701B6010F94119DFF90EF90DF90CF9004
:105100000C9424B1CF92DF92EF92FF920F942F96DE
:1051100020E030E040E251E40F94ED9D2AE037EDCD
:1051200043E25CE30F94119D6B017C0120E030E0D1
:10513000A9010F9429962DEB37E346E055E387FF4D
:1051400004C02DEB37E346E055EBC701B6010F94E1
:10515000119D43E050E0FF90EF90DF90CF900C94D2
:105160003FB00F942F960C94C1B86FE77FE382E0B5
:105170000D945F8061E87FE381E00D945F8063E8D8
:105180007FE380E00D945F8062E471E483E00D943E
:105190005F800F94096C0F944F29882331F08FEEB4
:1051A00094E09093250B8093240B0C94C1AD862F33
:1051B0000C942CAF0F94391983E080936A02089500
:1051C000CF93DF9300D01F92CDB7DEB78FEF8983E7
:1051D0008A838B838FE78C8360E0CE0101960F94E6
:1051E000D7170F900F900F900F90DF91CF910895E8
:1051F000CF93DF9300D01F92CDB7DEB78FEF8983B7
:105200001A821B828FE78C8360E0CE0101960F9497
:10521000D7170F900F900F900F90DF91CF910895B7
:10522000CF93DF9300D01F92CDB7DEB78FEF898386
:1052300089E18A831B828FE78C8360E0CE0101962F
:105240000F94D7170F900F900F900F90DF91CF9181
:105250000895CF93DF9300D01F92CDB7DEB78FEFC5
:1052600089838BE48A831B828FE78C8360E0CE0185
:1052700001960F94D7170F900F900F900F90DF911A
:10528000CF910895CF93DF9300D01F92CDB7DEB7B3
:1052900019821A828FEF8B838FE78C8360E0CE01B7
:1052A00001960F94D7170F900F900F900F90DF91EA
:1052B000CF910895CF93DF9300D01F92CDB7DEB783
:1052C00019828FEF8A838B838FE78C8360E0CE0116
:1052D00001960F94D7170F900F900F900F90DF91BA
:1052E000CF910895CF93DF9300D01F92CDB7DEB753
:1052F0008FEF89831A828B838FE78C8360E0CE01E6
:1053000001960F94D7170F900F900F900F90DF9189
:10531000CF910895CF93DF9300D01F92CDB7DEB722
:1053200088EE93E0A0E0B0E089839A83AB83BC83EE
:10533000BE016F5F7F4F88E70F94492B0F900F904E
:105340000F900F90DF91CF910895CF92DF92EF925F
:10535000FF926B017C0120E030E0A9010F942996B7
:1053600087FD0EC06DEB77E386E095E3A70196011C
:105370000F94119DFF90EF90DF90CF900C94D7AFDA
:105380006DEB77E386E095EBF1CF0F942F962AE053
:1053900037ED43E25DE30F94ED9DD7CF0F942F9649
:1053A000D4CF0F942D962AE037ED43E25DE30F94BE
:1053B000ED9D0F945A9E0F942D960C94D7AFCF92DB
:1053C000DF92EF92FF926B017C0120E030E0A901B7
:1053D0000F94299687FD26C06DEB77E386E095E371
:1053E000A70196010F94119D6B017C0120E030E034
:1053F000A9010F94299620E030E040E05FE387FFA9
:1054000004C020E030E040E05FEBC701B6010F943C
:10541000119D0F94559ECB01FF90EF90DF90CF90A0
:105420000C944EAE6DEB77E386E095EBD9CF0F94FD
:105430002F96C5CFCF92DF92EF92FF920F942F96C7
:1054400020E030E048EC52E40F94ED9D2FE632E18D
:1054500043E85AE30F94119D6B017C0120E030E09A
:10546000A9010F9429962DEB37E346E055E387FF1A
:1054700004C02DEB37E346E055EBC701B6010F94AE
:10548000119DFF90EF90DF90CF900D94CE750C940E
:10549000F9930C94F9930C94AB930C94AB930C94F8
:1054A000AB930C94AB9363E972E084E690E00E94C6
:1054B00080CA70E060E08AE090E00E9480CA6AEBF7
:1054C00072E084E690E00C9480CA0E94C0AAEBCF00
:1054D0008111E9CF68E270E080E991E00C9480CA24
:1054E0000E94C98FF5CF0E9406C6F2CFCF92DF92FD
:1054F000EF92FF92CF93C82F0F948E796B017C01AE
:1055000024EA30E74DE75FE360910D0270910E02EF
:1055100080910F02909110020F94299687FD18C078
:105520008AEF90E0A0E0B0E08C0D9D1DAE1DBF1D88
:105530008093840690938506A0938606B093870691
:10554000C0930102CF91FF90EF90DF90CF9008952C
:1055500080E090E0DC01E8CF8F929F92AF92BF9203
:10556000CF92DF92EF92FF92CF93DF9300D000D0E3
:105570001F921F92CDB7DEB7809105070F946C2064
:105580004B015C0189829A82AB82BC8280910607C2
:105590000F943D206B017C01CD82DE82EF82F88684
:1055A000CE0101960F940824882311F18092850C76
:1055B0009092860CA092870CB092880CC092890CB5
:1055C000D0928A0CE0928B0CF0928C0C8EEF289685
:1055D0000FB6F894DEBF0FBECDBFDF91CF91FF9025
:1055E000EF90DF90CF90BF90AF909F908F907ECF45
:1055F00028960FB6F894DEBF0FBECDBFDF91CF91D6
:10560000FF90EF90DF90CF90BF90AF909F908F90E2
:105610000895CF92DF92EF92FF9220E030E04AE7C8
:1056200054E46091FE067091FF068091000790910E
:1056300001070F948E960F94559E6B017C0125E017
:1056400030E040E050E00F94759CA7019601261BC6
:10565000370B480B590BCA01B9010F942F9620E064
:1056600030E04AE754E40F94ED9DFF90EF90DF9017
:10567000CF900895843021E0920714F084E091E007
:105680009093DE118093DD1110922C080C940AF394
:105690008091770B9091780BEDCF8091770B909163
:1056A000780BE8CF6091770B7091780B8091790B34
:1056B00090917A0B41E00D949827F4CF40E450E0AC
:1056C000BC0186E29BE00D9472954F925F926F92BF
:1056D0007F928F929F92AF92BF92CF92DF92EF9282
:1056E000FF920F931F93CF93DF93CDB7DEB7C554CF
:1056F000D1090FB6F894DEBF0FBECDBF809104076D
:10570000882309F4BAC080916A0B10926A0B88232F
:1057100009F46AC0C0900C02D090060710910507EA
:105720006EE97FE0CE0101960E94B8F2812F012E32
:10573000000C990B9F931F9348E4E42E46E0F42E4F
:10574000FF92EF928E010F5B1F4F1F930F930F94E9
:1057500078A1B801CE0101960E9441F269E50E944C
:105760002CF25C018D2D0D2C000C990B9F93DF9278
:10577000FF92EF921F930F930F9478A1B801C50188
:105780000E9441F262E50E942CF27C011F92CF92AE
:105790008BE496E09F938F931F930F930F9478A1C0
:1057A000B801C7010E9441F2CE01019687DF0FB612
:1057B000F894DEBF0FBECDBFCB5BDF4F0FB6F894C2
:1057C000DEBF0FBECDBFDF91CF911F910F91FF9034
:1057D000EF90DF90CF90BF90AF909F908F907F9091
:1057E0006F905F904F90089581E0809308078091BB
:1057F0006F0B9091700BA091710BB091720BB7FF72
:105800000CC088E190E0A0E0B0E080936F0B909333
:10581000700BA093710BB093720B80916F0B9091F2
:10582000700BA091710BB091720B4997A105B10556
:1058300044F010926F0B1092700B1092710B10923B
:10584000720B60916F0B7091700B8091710B909146
:10585000720B25E030E040E050E00F94539C615023
:105860002150233028F489E0633028F086E003C01B
:1058700084E06330D8F380930C0260916F0B7091D9
:10588000700B8091710B9091720B25E030E040E03D
:1058900050E00F94539C122F6B0180916A02882371
:1058A00009F406C18091761A8C3308F58091781A34
:1058B0008830E8F081E08093621A01E321E348E058
:1058C00065E282E49AE10F948A7C8091761A8833AB
:1058D00070F48091781A8A3050F01092621A0DE2BA
:1058E0002DE24AE067E282E49AE10F948A7C81E04B
:1058F0008093621A3EE0B32E8091761AB81698F023
:105900008091781A8B1578F02BE2A22E01E021E02D
:105910004B2D6A2D82E49AE10F948A7C99E0A90EBE
:1059200088E5A812F3CF99E0B90E8BE3B812E4CF63
:1059300044E0411B69E0469F402D1124465F842FBF
:1059400090E009962091761A2817190609F074F448
:105950008091781A841750F06C9D602D1124695D38
:1059600009E029E082E49AE10F948A7C81E0809347
:10597000621A8091761A883008F045C08C2D0F94F9
:105980006C202B013C01812F0F943D204B015C01C9
:1059900020910F0730911007409111075091120785
:1059A000C301B2010F94119D2B013C0120911307FB
:1059B000309114074091150750911607C501B401A5
:1059C0000F94119D4B015C0185E08093791A07E0EB
:1059D00000937A1A82E699E40E9402DCC301B201C4
:1059E0000E94B1B00E9419DE8AE48093791A009374
:1059F0007A1A83EB9FE00E9402DCC501B4010E9489
:105A0000B1B00E9419DE8091761A813408F050C03E
:105A10008091781A873308F44BC088E290E0A0E0C8
:105A2000B0E089839A83AB83BC8305E00093791A45
:105A300080E4B82EB0927A1ACE0101960E94ACDAB8
:105A40008C2D0F940C7581EB9FE00E9468DC812FF8
:105A50000F940C758FEA9FE00E9468DC8AE48093C3
:105A6000791AB0927A1A8CEA9FE00E9402DC0C9DAF
:105A7000F0010D9DF00D1124E10FF11DEE0FFF1F40
:105A8000EE0FFF1FEA55F44F80809180A280B38013
:105A9000A5019401C501B4010F9414A0811122C085
:105AA00042E050E0C501B4010F9481740E9419DEF8
:105AB00080910507082E000C990B8C159D0549F463
:105AC00080910607082E000C990B1817190609F487
:105AD00073CEC0920507109306073EDD82E08093E7
:105AE0006A026ACE85EA9FE00E9468DCE1CF0F93EC
:105AF0001F93CF93DF93CDB7DEB72E970FB6F894F1
:105B0000DEBF0FBECDBF809108029091090207E071
:105B100010E01816190614F406E010E06BE67DE0BC
:105B2000CE0101960F941C95809108029091090274
:105B300097FF03C09195819591099F938F9387E675
:105B40009DE09F938F9381E090E08C0F9D1F080F45
:105B5000191F1F930F930F94C295CE010196AEDDCE
:105B60000F900F900F900F900F900F902E960FB6F2
:105B7000F894DEBF0FBECDBFDF91CF911F910F9183
:105B800008950F931F93CF93DF93CDB7DEB7C05423
:105B9000D1090FB6F894DEBF0FBECDBF80910702CA
:105BA0008F93809106028F93809105028F9380914D
:105BB00004028F9385E39DE09F938F938E010F5F87
:105BC0001F4F1F930F930F94C295C80177DD0FB637
:105BD000F894DEBF0FBECDBFC05CDF4F0FB6F894A8
:105BE000DEBF0FBECDBFDF91CF911F910F91089502
:105BF000EF92FF920F931F93CF93DF9300D000D0CB
:105C000000D01F921F92CDB7DEB77C012091EB062A
:105C1000422F022E000C550B8091EC06833069F167
:105C2000843021F18AE997E05F932F939F938F93BC
:105C30008E010F5F1F4F1F930F930F94C295C701E3
:105C400019DDC8013BDD0F900F900F900F900F9062
:105C50000F902B960FB6F894DEBF0FBECDBFDF912D
:105C6000CF911F910F91FF90EF90089586EA97E0F2
:105C700027FDDACF81E997E0D7CF8FEA97E0D4CF3D
:105C8000E091910B86E0E802F0011124E558F44F11
:105C900080819181ADCF8091DD119091DE11A8CFEF
:105CA000CF93DF93CDB7DEB720E2488559856F816A
:105CB0008E810F940974DF91CF910895282F8091E0
:105CC0006F0B9091700BA091710BB091720BB7FF9D
:105CD00008C010926F0B1092700B1092710B109203
:105CE000720B80910407882331F080916F0B8093B1
:105CF000730B1092690B8091680B1816FCF4082E38
:105D0000000C990B821B91092091730B022E000C41
:105D1000330B2817390794F097FF02C090E080E01A
:105D20008093730B092E000CAA0BBB0B80936F0B97
:105D30009093700BA093710BB093720B8091730BC7
:105D40006623A9F09091740B891714F48093740B57
:105D50002091740B022E000C330B2C5F3F4F482F09
:105D6000082E000C550B241735071CF48450809323
:105D7000740B0895AF92BF92CF92DF92EF92FF9291
:105D80000F931F93CF93DF9361E081E097DFC09182
:105D9000740B05E00C0FD1E08DEEE82E87E0F82EB5
:105DA00012E01C1B96EFC92E97E0D92EBD2EBC1A0F
:105DB000AC2EA194C11130C0DD23D9F08091730BBA
:105DC0001816BCF040916F0B5091700B6091710BE5
:105DD0007091720B4F5F5F4F6F4F7F4F40936F0B10
:105DE0005093700B6093710B7093720B8F5F809365
:105DF000730B80916A02882341F030E020E041E09B
:105E000061E078E08A2D0E9420DDCF5F0C13D2CFB5
:105E100083E08093680B1FC0C13041F59091730BF4
:105E2000913069F080916A028823C1F11F92DF925C
:105E3000CF92BF9281E0913051F180E028C08091F3
:105E40006A0B10926A0B882369F3C09369068091EC
:105E5000690B882339F3DF91CF911F910F91FF9048
:105E6000EF90DF90CF90BF90AF900895C23069F669
:105E70009091730B9230A1F080916A02882371F0A7
:105E80001F92FF92EF921F9381E09230B1F68F93B1
:105E900007DF0F900F900F900F900F90D0E0B5CFCD
:105EA00080916A0B10926A0B882331F3C0936906C4
:105EB0008091690B882301F3CECF2F923F924F92AE
:105EC0005F926F927F928F929F92AF92BF92CF928A
:105ED000DF92EF92FF920F931F93CF93DF9300D047
:105EE00000D000D01F92CDB7DEB74C010F9437958C
:105EF00001966401C80ED91EC6010F94379501960C
:105F00009601280F391F3F832E83F601E08001E0C0
:105F1000E11001C000E0EE81FF81F081FD83662485
:105F20006394F11101C0612C11E0E11010E060E018
:105F300085E0C4DE7090740BF72C9EE0A92EB12C86
:105F4000272D21952A87812F90E00196080F192F80
:105F5000111DC801860D911D9987888725E4222E81
:105F6000312C412C512CF1101DC080916A028823E4
:105F7000A1F0E0910302E25061E178E0E33038F40F
:105F8000F0E0EE0FFF1FE955FD4F6081718130E0B9
:105F900020E045E08A850E9420DD01E0E11013C089
:105FA00002E011C002E0E11001E00F110CC080918D
:105FB0006A02882341F030E020E041E0B401802F04
:105FC00087190E9420DD11E0100F6F2C6718EE205A
:105FD00079F01F110BC080916A02882339F030E0FC
:105FE00020E041E0B601862D0E9420DD12E0100F76
:105FF0009D81992379F01F110CC080916A0288233A
:1060000041F030E020E041E06E817F81862D0E94EA
:1060100020DD1F5FE885F98533970CF41F5F1F11A2
:1060200061C080916A02882309F459C030E020E001
:1060300044E062E278E0862D0E9420DD9EEF9A0D1A
:106040008091761A8A151B0411F00CF048C020913B
:10605000781A83EF8A0D821708F041C000916A0612
:1060600029823A824B825C82FEE3F093791A909304
:106070007A1ACE0101960E94ACDA81E3800F082ED5
:10608000000C990BAA0BBB0B89839A83AB83BC834F
:10609000CE0101960E94ACDA80E298E00E9468DCB2
:1060A0000E9477D90E94F8AE0E9419DE8EE198E036
:1060B0000E9468DC0E9448D9811109C025E0029F36
:1060C000F0011124E95EF74F8481811108C08091AD
:1060D000DD119091DE110E94F8AE0E9419DE32E0CF
:1060E00030936A028CE0A80EB11CF3949AE4A916CE
:1060F000B10409F038CF1F5F1093680B2A960FB6D2
:10610000F894DEBF0FBECDBFDF91CF911F910F91ED
:10611000FF90EF90DF90CF90BF90AF909F908F90C7
:106120007F906F905F904F903F902F9008958DE2F9
:1061300098E0C3CE8AE398E0C0CE8CE598E0BDCE6F
:1061400087EF98E0BACE82EB98E0B7CE8FED98E07B
:10615000B4CE82E399E0B1CE85E199E0AECE85E997
:1061600098E0ABCE86E798E0A8CEEF92FF920F932F
:106170001F93CF93DF93E0912E1AF0912F1AE81717
:10618000F907C1F1F22EE42E8B01EC0110926B069F
:10619000EB55F34341F48BE6C83CD80721F4109249
:1061A00068060F94096CD0932F1AC0932E1A30E012
:1061B00020E000936F0B1093700B2093710B3093C2
:1061C000720BE092740BF092680BCB55D34331F411
:1061D000109208071092E9061092070782E0809358
:1061E0006A0281E08093690B1092ED061092090714
:1061F0001092EA06DF91CF911F910F91FF90EF90DF
:10620000089520E040E070E060E08BE593E3ADCFDF
:106210006FEF8091770B0F948B75F3CFF9CF62E01E
:106220008091770B0F948B75ECCFF9CF1092290CDE
:106230000E94268CE6CF61E08091770B0F948B75DE
:10624000E0CF84E191E10E945280DBDF0D94096C84
:106250001092230B109267060F946529882381F012
:106260000F9441299091731180FB97F990937311CA
:106270000E94F8AD60E082ED94E00F94F028C1CF69
:106280008091731184FFF4CF0F94CC72F1CFB9DFFA
:106290008BE499E09093250B8093240B08950E9442
:1062A000C3F2AFCF6F927F928F929F92AF92BF92C5
:1062B000CF92DF92EF92FF920F931F93CF93DF93D2
:1062C00081E08093080761E0F9DCC091740B85E000
:1062D000882E8C0ED1E00FE411E391E5E92E99E0D0
:1062E000F92E82E0982E9C1A27E4C22E21E3D22EAA
:1062F0003CE5A32E39E0B32E7D2E7C1A6C2E6194E2
:10630000C11130C0DD23D9F08091730B1816BCF099
:1063100040916F0B5091700B6091710B7091720BEB
:106320004F5F5F4F6F4F7F4F40936F0B5093700BDA
:106330006093710B7093720B8F5F8093730B8091DE
:106340006A02882341F030E020E041E069E679E02C
:10635000862D0E9420DDCF5F8C12D2CF83E0809308
:10636000680B22C0C13079F58091730B813089F0C0
:1063700080916A02882309F442C0DF92CF92BF92D3
:10638000AF927F9281E09091730B913081F180E028
:106390002EC080916A0B10926A0B882349F377DF35
:1063A0008091690B882321F3DF91CF911F910F9189
:1063B000FF90EF90DF90CF90BF90AF909F908F9025
:1063C0007F906F900895C23031F68091730B8230C8
:1063D000C1F080916A02882391F01F930F93FF927E
:1063E000EF929F9281E09091730B923081F68F93A0
:1063F00057DC0F900F900F900F900F900F90D0E000
:10640000AACF80916A0B10926A0B882311F347DFA1
:106410008091690B8823E9F2C7CFCF930E94C0AA6D
:106420000E94C98FC82F882319F080E00E945D8EDA
:106430008C2F4ED8CF91E5CE85EE95E09093250B2D
:106440008093240BDECE6093FE067093FF0680934C
:1064500000079093010720E040E070E060E086ECE8
:1064600097E283CE20E040E070E060E087E89FE3C1
:106470007CDE81E0809308071092A20B1092A10BA2
:10648000089581E0809308071092140B10920E0774
:10649000EDE4F2E180859185A285B3858093F106D4
:1064A0009093F206A093F306B093F40680E090E098
:1064B000A0E8BFEB80879187A287B38780914D07C3
:1064C0008093F50680E00F9440278AE090E1909356
:1064D000250B8093240B20E040E070E060E082E731
:1064E00092E343CE80916A02882341F030E020E0BD
:1064F00041E06FEF7FE082E00E9420DD80910E0797
:106500008770873091F41092F6061092F706109279
:10651000F8061092F90620E040E070E060E08AEAB8
:106520009EE423DE81E080930807089520E040E0A8
:1065300070E060E084EC98E218CE0E94A793882374
:1065400039F020E040E070E060E08CEA9CE40DCEA1
:10655000EDCFCF93C1E0C093080760930D02709315
:106560000E0280930F029093100220E040E070E052
:1065700060E08091750B9091760BF7DDC0936B0610
:10658000CF9108956DEC7CEC8CEC9CE3E2CF6DEC4C
:106590007CEC8CEC9DE3DDCF60E070E080E89FE375
:1065A000D8CF60E070E080E291E4D3CF60930D0239
:1065B00070930E0280930F029093100220E040E04F
:1065C00070E060E085E89FE3D0CD6DEC7CEC8CEC76
:1065D0009CE3ECCF6DEC7CEC8CEC9DE3E7CF60E0D2
:1065E00070E080E89FE3E2CF8091731184FF0E9406
:1065F000F88720E040E070E060E08AEB94E7B5CDFA
:1066000061116093030240936A06EFEFE80FEA30EE
:1066100008F034C00E2E000CFF0B8827ED5EFC4CFA
:106620008F4F0D94F09C3F33423327332A331D3371
:106630002D3339333033333336338DE990E321E072
:106640002093080720E040E070E060E08ECD83EA10
:1066500090E3F5CF86EA90E3F2CF89EA90E3EFCFBB
:106660008CEA90E3ECCF8FEA90E3E9CF82EB90E302
:10667000E6CF109269068AEB9EE2E1CFC2CD8AE9AD
:1066800090E3DDCF80EA90E3DACF8091DD11909145
:10669000DE110F948D17811107C086EE97E090935D
:1066A000250B8093240B089520E040E070E060E02B
:1066B0008FE994E45ACD4F925F926F927F928F92BE
:1066C0009F92AF92BF92CF92DF92EF92FF920F9381
:1066D0001F93CF93DF93CDB7DEB760970FB6F894D3
:1066E000DEBF0FBECDBFE0916506F0916606309724
:1066F00021F0199581110F94096C80916A0B109209
:106700006A0B882301F120E040E070E060E088EC53
:106710009BE62BDD0E942DDA60960FB6F894DEBF63
:106720000FBECDBFDF91CF911F910F91FF90EF90E2
:10673000DF90CF90BF90AF909F908F907F906F90A1
:106740005F904F9008952091130230911402409170
:106750006F0B5091700BCA01820F931F24363105C5
:1067600009F04AC447305105E4F00697883EE3E05B
:106770009E0714F087EE93E08A30910514F48AE0C6
:1067800090E02817390789F0909314028093130240
:1067900010926F0B1092700B1092710B1092720B83
:1067A00004C006964A3F5F4F0CF38091040788238C
:1067B00009F477C16091DD117091DE11072E000C94
:1067C000880B990B0F942F9611E02091D9113091DD
:1067D000DA114091DB115091DC110F94389F18169B
:1067E0000CF010E06091B5117091B611072E000CFD
:1067F000880B990B0F942F962091B1113091B21103
:106800004091B3115091B4110F94389F18160CF4A5
:106810001260109383068091850C9091860CA09154
:10682000870CB091880C89839A83AB83BC83809159
:10683000890C90918A0CA0918B0CB0918C0C8D835B
:106840009E83AF83B88780918D0C90918E0CA09120
:106850008F0CB091900C89879A87AB87BC87809109
:10686000910C9091920CA091930CB091940C8D8707
:106870009E87AF87B88BCE0101960E9489D9498047
:106880005A806B807C80CD80DE80EF80F8848984A4
:106890009A84AB84BC8420E030E0A901C301B2013A
:1068A0000F94299620E030E040E05FEB87FD04C0C4
:1068B00020E030E040E05FE3C301B2010F94119D9E
:1068C0000F94559ECB010E944EAEBC018EE796E020
:1068D0000F9458A120E030E0A901C701B6010F9440
:1068E000299620E030E040E05FEB87FD04C020E027
:1068F00030E040E05FE3C701B6010F94119D0F94B3
:10690000559ECB010E944EAEBC0189E796E00F94E4
:1069100058A142E050E0C501B4010E9489AF6B016B
:106920007C0180E2F7FE09C0F094E094D094C0941A
:10693000C11CD11CE11CF11C8DE28093880B60E22C
:10694000F0E1CF16F7E2DF06E104F1048CF0C701B5
:10695000B60120E137E240E050E00F94759CCA0197
:10696000B9012AE030E040E050E00F94759C605D92
:106970006093890B60E228EEC21623E0D206E104A0
:10698000F1048CF0C701B60128EE33E040E050E09E
:106990000F94759CCA01B9012AE030E040E050E054
:1069A0000F94759C605D60938A0BC701B60124E665
:1069B00030E040E050E00F94759C6AE0862E912C08
:1069C000A12CB12CCA01B901A50194010F94759CA9
:1069D000605D60938B0BC701B601A50194010F9414
:1069E000759C162FCA01B901A50194010F94759CDD
:1069F000112309F411C38EE280938C0B605D6093C8
:106A00008D0B105D10938E0B68E87BE081E796E0BC
:106A10000F9458A18091731124E683FD28C00F9430
:106A20004129882309F40AC380916B1190916C115C
:106A3000A0916D11B0916E110097A105B10509F4F7
:106A4000FDC2BC01CD016D597F4F8F4F9F4F24E692
:106A500030E040E050E00F94539C60916F117091D2
:106A6000701180917111909172110F94539C209329
:106A70005E06809100028217A1F02093000248E494
:106A8000249FB001112490E080E00F942D962AE01D
:106A900037ED43E25CE30F948E960F945A9E609319
:106AA000700681E00E94F9D980918306982F927038
:106AB00042E102E081FF02C048E00CE08091761ADA
:106AC000843180F48091781A841760F0992309F456
:106AD000B7C280EA94E07C0123E060E582E49AE1B9
:106AE0000F94757E0E9448D9182F8091761A8431B0
:106AF000B8F48091781A823098F0112309F4A3C277
:106B00008091290C882309F49EC284E694E07C01DC
:106B100002E123E042E068E682E49AE10F94757EA8
:106B20000091761A0C3108F012C10E9477D96C01DD
:106B3000A090DD11B090DE11043198F48091781AA4
:106B4000883078F08091830680FF80C286E194E0EF
:106B50007C010CE022E048E068E082E49AE10F94D6
:106B6000757E8091761A883050F5111104C080919D
:106B70001B08811124C0B7FC6CC2C5010E94CDAEB8
:106B8000FC0101900020E9F73197E81BF90B2E2F4B
:106B9000220F220FE21BE15FE093791A27E0209396
:106BA0007A1A0E9419DE89E090E0A0E0B0E08983C3
:106BB0009A83AB83BC83CE0101960E94ACDA8091AC
:106BC000761A8C3140F58091781A843120F1D7FC07
:106BD00047C2C6010E94CDAEFC0101900020E9F73A
:106BE0003197E81BF90B2E2F220F220FE21BE15FDA
:106BF000E093791A2CE120937A1A0E9419DE89E039
:106C000090E0A0E0B0E089839A83AB83BC83CE019F
:106C100001960E94ACDAC090B111D090B211E09010
:106C2000B311F090B4118091761A883068F5111183
:106C300004C080912008811127C08091B5119091E6
:106C4000B61197FD14C20E94CDAEFC010190002048
:106C5000E9F73197E81BF90B2E2F220F220FE21BC9
:106C6000E65AE093791A27E020937A1A0E9419DEF7
:106C700089E090E0A0E0B0E089839A83AB83BC8395
:106C8000CE0101960E94ACDA8091761A8C3190F593
:106C90008091781A843170F120E030E040E05FE3C9
:106CA000C701B6010F94119D0F94559E77FDE6C163
:106CB000CB010E94CDAEFC0101900020E9F7319795
:106CC000E81BF90B2E2F220F220FE21BE65AE0934E
:106CD000791A2CE120937A1A0E9419DE89E090E05B
:106CE000A0E0B0E089839A83AB83BC83CE01019698
:106CF0000E94ACDA8091761A8C3148F58091781A2E
:106D0000843128F18091290C882309F164E6869F5B
:106D1000C001112481589F4F6FEF70E00F94DD9CEC
:106D2000CB010E94F8AE27E62093791A2CE120933C
:106D30007A1A0E9419DE85E290E0A0E0B0E0898333
:106D40009A83AB83BC83CE0101960E94ACDA0F9488
:106D50004129882379F18091761A843358F58091FE
:106D6000781A8A3238F107E028E04AE26AE282E4DF
:106D70009AE10F948A7C05E022E04CE262E382E42F
:106D80009AE10F948A7C24E04AE061E38AE20F945E
:106D9000547C6091441A7091451A82E380935E1A84
:106DA0008BE280935F1A2EE53AE142E382E49AE1B6
:106DB0000F94167B8091761A853350F48091781A5F
:106DC000813330F024E04AE461E386E30F94547C9D
:106DD0008091761A833368F48091781A823348F070
:106DE00002E02091700642E367E382E49AE10F94A7
:106DF0008A7C8091761A8033B8F58091781A88322F
:106E000098F18091770290917802A0917902B091E7
:106E10007A0289839A83AB83BC830E9448D990917C
:106E20006F068917B9F00E9448D980936F06809148
:106E30006E068F5F823008F028C180936E06E09165
:106E40006E06F0E0EE0FFF1FEC0FFD1F0180F281D8
:106E5000E02D199586E38093791A80E380937A1A5E
:106E600080E39AE10E9419DE8091761A883208F058
:106E70006FC08091781A8D3108F46AC02BE040E829
:106E80006DE180E00F94547C8091761A873208F08F
:106E90005FC08091781A8F3108F45AC088E590E07D
:106EA000A0E0B0E089839A83AB83BC8383E08093C6
:106EB000791A06E200937A1ACE0101960E94ACDAA2
:106EC0008BE08093791A00937A1A112309F4E0C0B9
:106ED0008EE796E00E9419DE89E590E0A0E0B0E040
:106EE00089839A83AB83BC8388E28093791A06E214
:106EF00000937A1ACE0101960E94ACDA80E3809367
:106F0000791A00937A1A112309F4EBC089E796E005
:106F10000E9419DE8AE590E0A0E0B0E089839A83C0
:106F2000AB83BC838DE48093791A06E200937A1ACE
:106F3000CE0101960E94ACDA85E58093791A009320
:106F40007A1A112309F4F6C081E796E00E9419DE4F
:106F50008091761A833368F58091781A8B3248F1E4
:106F600083E00E94F9D986E090E0A0E0B0E0898358
:106F70009A83AB83BC8383E08093791A13E31093E5
:106F80007A1ACE0101960E94ACDA81E00E94F9D90A
:106F900080911302909114020E94F8AE2CE020938D
:106FA000791A10937A1A0E9419DE8BEE93E00E94F0
:106FB00068DC8091761A813408F0AECB8091781A23
:106FC000863308F4A9CB1092791A8EE380937A1A4B
:106FD00083E09AE10E9402B8182F60E870E083E035
:106FE0009AE10E94C2DC153108F096CB89EE93E05D
:106FF0000E9468DC1F5FF7CF51E0243631050CF4A6
:1070000050E041E0853691050CF440E0541709F456
:10701000ADCB84E690E0B8CB662351F08EE280934E
:107020008C0B605D60938D0B80E280938E0BECCCBB
:1070300080E280938D0B80938C0BF6CF20E017CDF0
:107040008AE994E048CD8EE294E061CD8EEF93E042
:107050007FCD4AEF53E067E086E00E9462DCAFCD6F
:107060004AEF53E06CE186E00E9462DCD4CD4AEF47
:1070700053E067E081E50E9462DC06CE4AEF53E010
:107080006CE181E50E9462DC35CE10926E06D7CEAF
:1070900081E00E941FA38823D9F09EE7E92E96E0A5
:1070A000F92EF70181917F01882309F415CF8F32E2
:1070B0000CF08FE3082E000C990BAA0BBB0B8983F5
:1070C0009A83AB83BC83CE0101960E94ACDAE9CFF0
:1070D0008091140B80FDFCCE85EF93E00E9468DC6C
:1070E000FBCE82E00E941FA38823D9F089E7E82E17
:1070F00086E0F82EF70181917F01882309F40ACFF9
:107100008F320CF08FE3082E000C990BAA0BBB0BEF
:1071100089839A83AB83BC83CE0101960E94ACDA4B
:10712000E9CF8091140B81FDF1CE85EF93E00E94B1
:1071300068DCF0CE84E00E941FA38823C9F001E739
:1071400016E0F80181918F01882309F401CF8F3275
:107150000CF08FE3082E000C990BAA0BBB0B898354
:107160009A83AB83BC83CE0101960E94ACDAE9CF4F
:107170008091140B82FDE8CE8DEE93E00E9468DCD6
:10718000E7CECF93DF93C091E906CC23B9F0C1508D
:10719000C093E90689E0C89FE0011124CC55D94F7E
:1071A0006A817B812F814E81888199810E94B530CF
:1071B000888580930807DF91CF910895DF91CF9163
:1071C00020C82F923F924F925F926F927F928F9240
:1071D0009F92AF92BF92CF92DF92EF92FF920F9366
:1071E0001F93CF93DF9300D01F92CDB7DEB70E94DD
:1071F000518E9C838B8361E081E00E945E2E5090D3
:10720000740B25E0250D298311E0352D31953A8346
:10721000212E25188AEB682E87E2782E9BE6E92E30
:107220009FE0F92E83E0482E451826EBC22E27E278
:10723000D22E39E7A32E3FE0B32E82E0382E351848
:107240008B809C8081E0881A910851100AC080913F
:10725000730B882309F445C080916A02811165C0CF
:1072600010E0809102079091030797FD06C02B81E3
:107270003C81821793070CF464C031E0531229C09B
:107280001123D9F08091730B8230BCF440916F0BC5
:107290005091700B6091710B7091720B4F5F5F4F4B
:1072A0006F4F7F4F40936F0B5093700B6093710B38
:1072B0007093720B8F5F8093730B80916A028823A7
:1072C00041F030E020E041E063E97FE0822D0E9460
:1072D00020DD82E0539439813511B7CF8093680B5C
:1072E0000DC080916A0B10926A0B882309F4B4CF09
:1072F00048DF8091690B882309F4AECF0F900F907F
:107300000F900F90DF91CF911F910F91FF90EF9011
:10731000DF90CF90BF90AF909F908F907F906F90B5
:107320005F904F903F902F90089581E09091730B64
:10733000911180E024E04BE950E16A810F940974D7
:107340008FCF81E0581235C08091730B8130D9F016
:1073500080916A028823A1F011E08091730B813043
:1073600009F010E080910207909103070E94F8AEA7
:1073700000E09C0147E85FE0622D812F0E94D9DE8A
:1073800010E084E0A7CF80916A0B10926A0B8823EB
:10739000F9F210E000E0940150E040E062E077E0B4
:1073A00087E89FE00F945C778091690B882381F2D6
:1073B000A5CF92E0591221C08091730B823081F0E9
:1073C00080916A028823E1F2DF92CF92BF92AF925E
:1073D0003F9281E09091730B923029F180E023C0BD
:1073E00080916A0B10926A0B882351F30E94B62792
:1073F0008091690B882321F381CF23E05212C1CF02
:107400008091730B8330C9F080916A02882309F45C
:10741000B7CF7F926F92FF92EF924F9281E090915F
:10742000730B9330D9F68F930E94502E0F900F90CC
:107430000F900F900F900F90A3CF80916A0B109236
:107440006A0B882309F30E94BA278091690B88236D
:10745000D9F254CF8F929F92AF92BF92CF92DF9288
:10746000EF92FF920F931F93CF93DF9361E081E040
:107470000E945E2EC091740B85E0982E9C0E91ECBC
:10748000C92E9DE2D92E23EDA22E2EE0B22ED3E0FE
:10749000DC1B82E0F82EFC1A81E0E82EEC1A8C2E20
:1074A0008194C11132C08091730B8823B1F0809117
:1074B0006A02882359F081E09091730B911180E06A
:1074C00024E040E950E1682D0F940974CF5F9C12CD
:1074D000E8CF84E08093680B0BC080916A0B109218
:1074E0006A0B882321F34DDE8091690B8823F9F222
:1074F000DF91CF911F910F91FF90EF90DF90CF9090
:10750000BF90AF909F908F900895C130A1F580916A
:10751000730B8130C9F080916A028823B9F211E0BF
:107520008091730B813009F010E0809106029091F8
:1075300007020E94F8AE00E09C014BE55DE06E2D75
:10754000812F0E94D9DEC2CF80916A0B10926A0B04
:10755000882309F310E000E024E031E04AEA50E03B
:1075600066E072E08BE59DE00F945C778091690B9B
:10757000882389F2BDCFC23009F03FC08091730BE0
:107580008230B9F080916A02882309F49FCF11E01C
:107590008091730B823009F010E080910402909189
:1075A00005020E94F8AE00E09C0142E55DE06F2D0F
:1075B000C7CF80916A0B10926A0B882319F310E0F1
:1075C00000E02CE830E045E050E064E072E082E565
:1075D0009DE00F945C778091690B882399F288CFA6
:1075E00080916A0B10926A0B882371F00E94C12D62
:1075F0008091690B882341F07BCFC33009F066CFBF
:107600008091730B833061F380916A02882309F4BF
:107610005DCFDF92CF92BF92AF92DF9381E09091E6
:10762000730B933009F080E08F930E94502E0F90DF
:107630000F900F900F900F900F9048CF3F924F9266
:107640005F926F927F928F929F92AF92BF92CF92F2
:10765000DF92EF92FF920F931F93CF93DF9361E03E
:1076600081E00E945E2EC091740B85E0482E4C0E86
:1076700091E0E92E91E3F92E23E6C22E2EE0D22EE0
:10768000D4E0DC1B3EE1A32E3EE0B32E83E0782E57
:107690007C1A45E3842E4EE0942E82E0682E6C1A0C
:1076A00081E0582E5C1A3C2E3194C11132C0809179
:1076B000730B882389F080916A02882309F447C0FC
:1076C00081E09091730B911180E024E040E950E15A
:1076D000632D0F9409743BC080916A0B10926A0B62
:1076E000882349F34EDD8091690B882321F3DF91D4
:1076F000CF911F910F91FF90EF90DF90CF90BF90AF
:10770000AF909F908F907F906F905F904F903F9041
:107710000895C130D1F58091730B8130F9F08091DB
:107720006A028823A1F011E08091730B813009F087
:1077300010E080910A0290910B020E94F8AE00E0E6
:107740009C014DE35EE0652D812F0E94D9DECF5F65
:107750004C12ABCF85E08093680BC9CF80916A0B48
:1077600010926A0B8823D9F207E317E229E030E090
:1077700050E040E06AE072E08DE39EE00F945C77B9
:107780008091690B882359F2B2CFC23009F04EC004
:107790009091730B923069F080916A028823B9F25C
:1077A00081E0923009F080E020E247E25EE0662D61
:1077B00090CF80916A0B10926A0B882369F39092A4
:1077C000250B8092240B8091690B882329F38FCF9E
:1077D0009091730B933071F080916A02882309F4C1
:1077E000B6CF81E0933009F080E020E24FE05EE028
:1077F000672D6FCF80916A0B10926A0B882361F31B
:10780000B092250BA092240B8091690B882321F361
:107810006ECF80916A0B10926A0B882381F00E94D0
:1078200001318091690B882351F061CFC33081F21F
:10783000C43009F08CCF8091730B843051F3809168
:107840006A02882309F483CFFF92EF92DF92CF92EE
:10785000DF9381E09091730B943009F080E08F9377
:107860000E94502E0F900F900F900F900F900F903E
:107870006ECFBF92CF92DF92EF92FF920F931F9342
:10788000CF93DF9361E081E00E945E2EC091740B84
:1078900085E0E82EEC0E93ECC92E9DE0D92ED2E0C7
:1078A000DC1B81E0F82EFC1ABC2EB194C1112FC054
:1078B0008091730B8823B1F080916A02882359F07C
:1078C00081E09091730B911180E024E045EC50E150
:1078D0006B2D0F940974CF5FEC12E8CF83E0809397
:1078E000680B0BC080916A0B10926A0B882321F3FE
:1078F00048DC8091690B8823F9F2DF91CF911F91C9
:107900000F91FF90EF90DF90CF90BF900895C1301E
:10791000A1F58091730B8130C9F080916A028823B0
:10792000D1F211E08091730B813009F010E0809169
:107930001102909112020E94F8AE00E09C014EEC00
:107940005DE06F2D812F0E94D9DEC5CF80916A0B3B
:1079500010926A0B882309F310E000E026E030E083
:1079600042E050E061E172E08EEC9DE00F945C77C4
:107970008091690B882389F2C0CFC23009F0ABCF68
:107980008091730B8230C1F080916A02882309F4E0
:10799000A2CF1F92DF92CF92DF9381E09091730B81
:1079A000923009F080E08F930E94502E0F900F903C
:1079B0000F900F900F908FCF80916A0B10926A0BEF
:1079C000882311F30E94DCBB8091690B8823E1F2CC
:1079D00094CF9F92AF92BF92CF92DF92EF92FF929D
:1079E0000F931F93CF93DF9361E081E00E945E2E9F
:1079F000C091740B85E0E82EEC0E91E0C92E91E366
:107A0000D92E23E6A22E2EE0B22ED2E0DC1B81E09E
:107A1000F82EFC1A9C2E9194C11131C08091730BE9
:107A20008823B1F080916A02882359F081E0909117
:107A3000730B911180E024E041E650E1692D0F9431
:107A40000974CF5FEC12E8CF83E08093680B0BC022
:107A500080916A0B10926A0B882321F392DB80914C
:107A6000690B8823F9F2DF91CF911F910F91FF905D
:107A7000EF90DF90CF90BF90AF909F900895C1306E
:107A8000A1F58091730B8130C9F080916A0288233F
:107A9000C1F211E08091730B813009F010E0809108
:107AA0000802909109020E94F8AE00E09C0143E7B1
:107AB0005DE06F2D812F0E94D9DEC3CF80916A0BCC
:107AC00010926A0B882309F307E71DE229E030E0F2
:107AD00047EF5FEF68E072E083E79DE00F945C772B
:107AE0008091690B882389F2BECFC23009F0A9CFFB
:107AF0008091730B8230D1F080916A02882309F45F
:107B0000A0CFDF92CF92BF92AF92DF9381E09091AE
:107B1000730B923009F080E08F930E94502E0F90EB
:107B20000F900F900F900F900F908BCF80916A0B5A
:107B300010926A0B882301F30E9401318091690B36
:107B40008823D1F290CF3F924F925F926F927F92B3
:107B50008F929F92AF92BF92CF92DF92EF92FF925D
:107B60000F931F93CF93DF9300D000D0CDB7DEB734
:107B700090916A0B10926A0B9923D1F0109208072A
:107B800026960FB6F894DEBF0FBECDBFDF91CF9122
:107B90001F910F91FF90EF90DF90CF90BF90AF902B
:107BA0009F908F907F906F905F904F903F90E9CA29
:107BB000382E60916F0B7091700B8091710B9091CA
:107BC000720B611571058105910509F459C0209169
:107BD0001B02222309F4CDC020911C022111C9C02F
:107BE00021E0321609F4A3C0A2E03A1609F4B0C0AD
:107BF000C0901D02D0901E02E0901F02F090200263
:107C00004090290250902A0260902B0270902C0222
:107C10000F942F9620910D0230910E0240910F0289
:107C2000509110020F948E9669837A838B839C8384
:107C300024E0329EF0011124FE83ED838F010B5767
:107C4000134FD8012D913D914D915C910F94119D51
:107C50004B015C01A3019201C701B6010F94299663
:107C6000811196C0ED81FE81EB57F34F80829182A6
:107C7000A282B382832D0E94762A81E080936A02D9
:107C800010926F0B1092700B1092710B1092720B7E
:107C900080916A02882309F41AC13092910BB4E0F2
:107CA0003B9EC0011124FC01EB57F34F815F984FBD
:107CB000DC012D913D914D915C91608171818281BA
:107CC00093810F94119D6B017C012DEC3CEC4CECED
:107CD0005DE360910D0270910E0280910F02909110
:107CE00010020F94389F87FD7CC042E050E0C7012E
:107CF000B6010E943FB0BC018FE098E426960FB613
:107D0000F894DEBF0FBECDBFDF91CF911F910F91D1
:107D1000FF90EF90DF90CF90BF90AF909F908F90AB
:107D20007F906F905F904F903F900C941CDEC090BE
:107D30002102D0902202E0902302F0902402409091
:107D40002D0250902E0260902F027090300260CF72
:107D5000C0902502D0902602E0902702F0902802E1
:107D600040903102509032026090330270903402A1
:107D70004FCF412C20E5522E23EC622E27E4722EA9
:107D8000C12C30E5D32E33ECE32E37ECF32E40CF6D
:107D900020E030E0A90169817A818B819C810F9478
:107DA000299687FF0EC0A7019601C501B4010F9463
:107DB000299687FF57CFF801C082D182E282F382F1
:107DC00059CFA3019201C501B4010F94389F181631
:107DD0000CF048CFD8014D925D926D927C92139732
:107DE00049CF43E050E0C701B6010E9489AF6B0163
:107DF0007C0120EA36E841E050E00F94759CCA010E
:107E0000B9012AE030E040E050E00F94759C605DDD
:107E1000F7FE09C0F094E094D094C094C11CD11C2A
:107E2000E11CF11C6DE26093880BC701B60120E1F3
:107E300037E240E050E00F94759C8AE0882E912C48
:107E4000A12CB12CCA01B901A50194010F94759C14
:107E5000605D6093890BC701B60128EE33E040E016
:107E600050E00F94759CCA01B901A50194010F94CB
:107E7000759C605D60938A0B8EE280938B0BC701CB
:107E8000B60124E630E040E050E00F94759CCA0152
:107E9000B901A50194010F94759C605D60938C0BF2
:107EA000C701B601A50194010F94759C6983CA01AD
:107EB000B901A50194010F94759C605D60938D0BD1
:107EC000B981B05DB0938E0B88E89BE014CF269605
:107ED0000FB6F894DEBF0FBECDBFDF91CF911F91DB
:107EE0000F91FF90EF90DF90CF90BF90AF909F9059
:107EF0008F907F906F905F904F903F90089582E0B9
:107F000022CE81E020CE80E01ECE82E01CCE809189
:107F10006A0B10926A0B882319F01092080731C976
:107F200080916F0B9091700BA091710BB091720BBF
:107F30000097A105B10569F010926F0B1092700BBC
:107F40001092710B1092720B21E020936A020F9431
:107F50009A7980916A028823E9F06091A10B70916F
:107F6000A20B072E000C880B990B0F942F962091D3
:107F7000320C3091330C4091340C5091350C0F94ED
:107F80008E9641E050E00F948174BC018DEE9CE030
:107F90000C941CDE08954F925F926F927F928F92A5
:107FA0009F92AF92BF92CF92DF92EF92FF920F9388
:107FB0001F93CF93DF930091770B61E081E00E94E4
:107FC0005E2EC091740B10E0000F111F015A114F6B
:107FD00095E0592E5C0E20E9E22E2CE0F22ED3E043
:107FE000DC1B3BE1C32E31E3D32E4EE9A42E4CE043
:107FF000B42E82E0782E7C1A54EC852E5CE0952E0F
:1080000081E0682E6C1A4C2E4194C11136C08091CB
:10801000730B8823B1F080916A02882359F081E0C4
:108020009091730B911180E024E04FEA5CE0642DA5
:108030000F940974CF5FC511E8CF84E08093680B7B
:108040000BC080916A0B10926A0B882321F399D898
:108050008091690B8823F9F2DF91CF911F910F91E5
:10806000FF90EF90DF90CF90BF90AF909F908F9058
:108070007F906F905F904F900895C13071F5F80137
:10808000859194919093950B8093940B1092930B00
:108090001092920B1092910B8091730B813081F0B2
:1080A00080916A02882331F21F929F928F926F9281
:1080B00081E09091730B913009F47AC080E078C030
:1080C00080916A0B10926A0B882351F30E94083149
:1080D0008091690B882321F3BFCFC23009F045C0DE
:1080E000F801859194919093950B8093940B109245
:1080F000930B1092920B1092910B8091730B823024
:10810000D1F080916A02882309F494CFDF92CF9254
:10811000BF92AF927F9281E09091730B923009F001
:1081200080E08F930E94502E0F900F900F900F9031
:108130000F900F907FCF80916A0B10926A0B88236B
:1081400001F30E941B318091690B8823D1F284CF07
:1081500080916A0B10926A0B8823D9F00E940F312C
:108160008091690B8823A9F077CFC33009F062CFE3
:10817000F801859194919093950B8093940B1092B4
:10818000930B1092920B1092910B8091730B833092
:10819000F9F280916A02882309F44CCF1F92FF9272
:1081A000EF92DF9381E09091730B933009F086CFCB
:1081B0008F930E94502E0F900F900F900F900F9062
:1081C00039CF8091FA069091FB06A091FC06B09100
:1081D000FD068093551290935612A0935712B093B8
:1081E000581210921C028091F5060F9440271092AD
:1081F00008070E94C1388091F6069091F706A09179
:10820000F806B091F90680938D0C90938E0CA09394
:108210008F0CB093900C0E94A6A720E041E060E094
:1082200070E080EA90E40C9426A4CBCF8091F10614
:108230009091F206A091F306B091F4068093551246
:1082400090935612A0935712B093581210921C029A
:108250008091F5060F944027109208070E94C138BC
:108260008091140B8B7F8093140B80910E078B7F72
:1082700080930E078BE89CE09093250B8093240B52
:108280000895D4CF80916A0B10926A0B882321F055
:10829000109208070C94C13860916F0B7091700BAD
:1082A0008091710B9091720B61157105810591059B
:1082B00061F10F942F9620910D0230910E024091A2
:1082C0000F02509110020F948E962091910C3091D4
:1082D000920C4091930C5091940C0F94119D6093CB
:1082E000910C7093920C8093930C9093940C83E078
:1082F0000E94762A81E080936A0210926F0B10929E
:10830000700B1092710B1092720B80916A0288238D
:10831000D9F020916B0B30916C0B40916D0B50910B
:108320006E0B6091910C7091920C8091930C9091D6
:10833000940C0F94109D42E050E00E943FB0BC01AD
:1083400080E49BE00C941CDE08958F929F92AF9284
:10835000BF92CF92DF92EF92FF920F931F93CF9332
:10836000DF9361E081E00E945E2EC091740B1C2FB0
:1083700085E0882E8C0ED1E092E7C92E99E2D92EA5
:1083800009E00C1B88E0F82EFC1A87E0E82EEC1AB6
:1083900086E0B82EBC1A85E0A82EAC1A84E0982E90
:1083A0009C1AC11131C0DD23D9F08091730B1816CE
:1083B000BCF040916F0B5091700B6091710B7091FC
:1083C000720B4F5F5F4F6F4F7F4F40936F0B509318
:1083D000700B6093710B7093720B8F5F8093730BB4
:1083E00080916A02882349F030E020E045E069EF9F
:1083F00079E0812F81950E9420DDCF5F8C12D1CF53
:108400008AE08093680B25C0C13081F58091730BA1
:10841000813099F080916A02882369F061E0611BE4
:1084200081E09091730B913009F080E024E04FEDF2
:1084300059E00F940974D0E0E0CF80916A0B10925C
:108440006A0B882339F30E94C1388091690B882315
:1084500009F3DF91CF911F910F91FF90EF90DF9083
:10846000CF90BF90AF909F908F900895C23009F049
:1084700029C18091730B8230B9F080916A02882300
:10848000D1F280EE98E29F938F9381EA99E09F93D7
:108490008F9382E0811B8F9381E09091730B9230D8
:1084A00009F42EC180E02CC180916A0B10926A0BF6
:1084B000882319F30E94E0288091690B8823E9F250
:1084C000C8CF80916A0B10926A0B882309F402C10D
:1084D0000E94F8288091690B882309F4FBC0B9CF6A
:1084E000C43029F58091730B8430A1F080916A0229
:1084F000882309F4A0CF80E199E29F938F9386E9C6
:1085000099E09F938F939F9281E09091730B9430A9
:1085100049F6F6C080916A0B10926A0B882331F3FA
:108520000E9410298091690B882301F392CFC530F6
:1085300031F58091730B8530A9F080916A02882310
:1085400009F479CF89E299E29F938F938FE899E0BC
:108550009F938F93AF9281E09091730B953009F0C8
:10856000A1CFCEC080916A0B10926A0B882329F3A9
:108570000E9429298091690B8823F9F26ACFC630BD
:1085800051F58091730B8630A9F080916A0288239F
:1085900009F451CF8DEA9EEC9F938F9389E899E07F
:1085A0009F938F93BF9281E09091730B963009F067
:1085B00079CFA6C080916A0B10926A0B882329F3A9
:1085C0008DEA9EEC892B11F00E94ADCE8091690B53
:1085D0008823D9F23ECFC73031F58091730B8730B5
:1085E000A9F080916A02882309F425CF82E499E2F8
:1085F0009F938F9384E899E09F938F93EF9281E00C
:108600009091730B973009F04DCF7AC080916A0B2F
:1086100010926A0B882329F30E9442298091690BEA
:108620008823F9F216CFC83031F58091730B88306A
:10863000A9F080916A02882309F4FDCE8AE599E2C7
:108640009F938F938DE799E09F938F93FF9281E0A3
:108650009091730B983009F025CF52C080916A0B2E
:1086600010926A0B882329F30E945A298091690B82
:108670008823F9F2EECEC93009F0BFCE8091730B9A
:10868000893099F080916A02882309F4D4CEDF9270
:10869000CF9286E799E09F938F930F9381E090911B
:1086A000730B993009F0FECE2BC080916A0B1092AB
:1086B0006A0B882339F30E9472298091690B882301
:1086C00009F3C7CEC33009F00BCF8091730B833011
:1086D00009F4F7CE80916A02882309F4ACCE88EFC2
:1086E00098E29F938F938DE999E09F938F9383E016
:1086F000811B8F9381E09091730B933009F0D2CE60
:108700008F930E94502E0F900F900F900F900F900C
:108710000F9091CEBF92CF92DF92EF92FF920F9384
:108720001F93CF93DF9361E081E00E945E2EC091A2
:10873000740B85E0C82ECC0ED4E0DC1B13E01C1BB0
:1087400082E0F82EFC1A81E0E82EEC1ABC2EB194DF
:10875000C11130C08091730B8823B1F080916A02FF
:10876000882359F081E09091730B911180E024E00F
:108770004FED59E06B2D0F940974CF5FCC12E8CF09
:1087800085E08093680B0CC080916A0B10926A0B95
:10879000882321F30E94C1388091690B8823F1F26C
:1087A000DF91CF911F910F91FF90EF90DF90CF90CD
:1087B000BF900895C13081F58091730B8130C1F075
:1087C00080916A028823C9F2DD24D3948091730BCF
:1087D000813009F0D12C80917D1A0E942CAF00E0ED
:1087E0009C0141ED59E06E2D8D2D0E94D9DEC5CF43
:1087F00080916A0B10926A0B882311F321EF30E00D
:1088000040E06DE77AE181ED99E00F94E0778091A7
:10881000690B8823A9F2C4CFC23009F070C08091DF
:10882000730B8230B1F080916A02882309F4A5CFDE
:10883000DD24D3948091730B823009F0D12C809188
:108840007E1A0E942CAF00E09C0141EC59E06F2D94
:10885000CBCF80916A0B10926A0B882321F321EF12
:1088600030E040E06EE77AE181EC99E00F94E07748
:108870008091690B8823B9F293CF8091730B833079
:10888000B1F080916A02882309F477CFDD24D39474
:108890008091730B833009F0D12C80917F1A0E9454
:1088A0002CAF00E09C0142EB59E0612F9DCF8091FD
:1088B0006A0B10926A0B882321F321EF30E040E02D
:1088C0006FE77AE182EB99E00F94E0778091690B92
:1088D0008823B9F265CF80916A0B10926A0B8823C6
:1088E000C1F021EF30E040E060E87AE187EA99E00A
:1088F0000F94E0778091690B882359F051CFC330F2
:1089000009F4BBCFC43009F038CF8091730B8430A9
:1089100011F380916A02882309F42FCFDD24D394C8
:108920008091730B843009F0D12C8091801A0E94C1
:108930002CAF00E09C0147EA59E06D2F55CF2F92F4
:108940003F924F925F926F927F928F929F92AF92DF
:10895000BF92CF92DF92EF92FF920F931F93CF932C
:10896000DF9382E08093EC061092EB06E090910B8F
:1089700061E081E00E945E2EC091740B6C2E95E048
:10898000792E7C0ED1E05D2E5C1A4C2E419420E4B1
:10899000A22E2EE2B22E37ED832E37E0932E332413
:1089A000339484E0F82EFC1AC11171C0DD23D9F094
:1089B0008091730B1816BCF040916F0B5091700BA7
:1089C0006091710B7091720B4F5F5F4F6F4F7F4FD4
:1089D00040936F0B5093700B6093710B7093720BFD
:1089E0008F5F8093730B80916A02882341F030E09F
:1089F00020E045E068EB77E0842D0E9420DD8FE5E4
:108A0000C82E8EE0D82E12E00EEF0C0F2C2E26185A
:108A1000C11317C0F601859194919093950B8093A3
:108A2000940B1092930B1092920B0093910B8091E8
:108A3000730B8C1709F464C080916A0281116FC0B6
:108A4000D0E0812F92E0C90ED11C13E0833001F7F2
:108A5000C430A1F41092950B1092940B1092930BCA
:108A60001092920B1092910B8091730B843009F449
:108A70006AC080916A02811181C0D0E0CF5FC711C6
:108A800093CF85E08093680BE092910B19C0C130C1
:108A900009F0B5CF8091730B813031F080916A027B
:108AA000811121C0D0E0ABCF80916A0B10926A0B8C
:108AB0008823A1F30E94C1388091690B882371F348
:108AC000DF91CF911F910F91FF90EF90DF90CF90AA
:108AD000BF90AF909F908F907F906F905F904F90DE
:108AE0003F902F90089581E09091730B913009F0A1
:108AF00080E024E041EE57E0652D0F940974D2CF59
:108B000080916A0B10926A0B882309F495CF0E941A
:108B1000402E8091690B882309F48ECFD1CFBF926C
:108B2000AF929F928F922F9281E09091730B91134D
:108B300080E08F930E94502E0F900F900F900F9017
:108B40000F900F907DCF80916A0B10926A0B882353
:108B500009F48FCF0BE41EE224E031E04AEA50E052
:108B60006DED71E188EC97E00F945C773092090726
:108B70008091690B882309F47CCFA2CFD1E080914A
:108B8000730B843009F0D0E08091DD119091DE11FB
:108B90000E94F8AE00E09C0148EC57E06F2D8D2F4D
:108BA0000E94D9DE6ACF6F927F928F929F92AF928E
:108BB000BF92CF92DF92EF92FF920F931F93CF93CA
:108BC000DF9361E081E00E945E2EC091740B6C2EF9
:108BD00085E0782E7C0E0FEE10E090EBA92E96E04B
:108BE000B92ED5E0DC1B2DEDE22E20E0F22E84E044
:108BF000D82EDC1A83E0C82ECC1A82E0982E9C1A5C
:108C000081E0882E8C1AC11136C08091730B8823A5
:108C1000B9F080916A02882361F0662D619581E048
:108C20009091730B911180E024E049EE56E00F948F
:108C30000974CF5F7C12E7CF86E08093680B0CC08D
:108C400080916A0B10926A0B882319F30E94C13835
:108C50008091690B8823E9F2DF91CF911F910F91E9
:108C6000FF90EF90DF90CF90BF90AF909F908F904C
:108C70007F906F900895C13049F58091730B8130DA
:108C8000A1F080916A028823A1F28DE091E09F9388
:108C90008F938EEC96E09F938F938F9281E09091CB
:108CA000730B913069F180E02BC080916A0B1092B8
:108CB0006A0B882331F38DE091E0892B11F00F943A
:108CC000BE2B8091690B8823E1F2C6CFC23009F038
:108CD0008FC08091730B8230E9F080916A02882303
:108CE00009F4A7CF8AE899E29F938F9384EC96E0EA
:108CF0009F938F939F9281E09091730B923099F69E
:108D00008F930E94502E0F900F900F900F900F9006
:108D10000F908FCF80916A0B10926A0B8823E9F233
:108D20000E948A298091690B8823B9F295CF80919E
:108D3000730B8330A9F080916A02882309F479CFFC
:108D40008BEE90E09F938F938DEB96E09F938F93A4
:108D5000CF9281E09091730B933009F0A4CFD0CFE4
:108D600080916A0B10926A0B882329F38BEE90E0B6
:108D7000892B11F00F948A2B8091690B8823D9F2EB
:108D80006BCF8091730B843099F080916A028823B5
:108D900009F44FCFFF92EF9288EB96E09F938F9369
:108DA000DF9281E09091730B943009F07CCFA8CFD3
:108DB00080916A0B10926A0B882339F3E114F10455
:108DC00011F00F94702B8091690B8823F1F244CF3E
:108DD00080916A0B10926A0B8823B1F0011511057E
:108DE00011F00F94A42B8091690B882369F034CF84
:108DF000C33009F49CCFC43021F2C53009F019CF3B
:108E00008091730B853021F380916A02882309F4E5
:108E100010CF1F930F93BF92AF92DF9381E0909199
:108E2000730B953009F03FCF6BCF9F92AF92BF92FB
:108E3000CF92DF92EF92FF920F931F93CF93DF9326
:108E400061E081E00E945E2EC091740BFC2E85E0F3
:108E5000B82EBC0EAC2EA19497EAC92E96E0D92E5E
:108E600081E0E82EEC1AC11114C08091730B8823A5
:108E700009F490C080916A02882359F081E09091B2
:108E8000730B911180E024E04BEA56E06A2D0F94B9
:108E900009748091340790913507892B09F4B0C08B
:108EA000D2E0C13009F0ADC09091730B913009F45C
:108EB0008BC080916A02811198C0D2E081E08D0F51
:108EC0008C131EC08091730B8C1709F4D2C0809153
:108ED0006A028823A9F09C2E9F1811E08091730BE1
:108EE0008C1310E080913607909137070E94F8AEFE
:108EF00000E09C0143E856E0692D812F0E94D9DEF5
:108F000082E08D0F8C131EC08091730B8C1709F4B7
:108F1000C9C080916A028823A9F09C2E9F1811E095
:108F20008091730B8C1310E0809138079091390772
:108F30000E94F8AE00E09C0142E756E0692D812FC7
:108F40000E94D9DE83E08D0F8C131DC08091730BBE
:108F50008C1709F4C0C080916A028823A1F011E047
:108F60008091730B8C1310E080913A0790913B072E
:108F70000E94F8AE00E09C0144E656E06C2F6F19A9
:108F8000812F0E94D9DECF5FBC126DCFDC5FD09302
:108F9000680B0EC080916A0B10926A0B882309F44B
:108FA00069CF0E94C1388091690B882309F462CF90
:108FB000DF91CF911F910F91FF90EF90DF90CF90B5
:108FC000BF90AF909F90089580916A0B10926A0BAA
:108FD000882309F46ECFD092250BC092240B809188
:108FE000690B882309F465CFE3CF81E0913009F064
:108FF00080E020E247E956E06E2D0F9409745DCFC2
:10900000D1E0DC135BCF8091730B8D17D9F0809189
:109010006A02882309F452CF9C2E9F1811E0809198
:10902000730B8C1310E080913407909135070E94E8
:10903000F8AE00E09C014FE856E0692D812F0E94B8
:10904000D9DE3CCF80916A0B10926A0B8823F9F22B
:1090500010E000E027EE33E050E040E064E377E02A
:109060008FE896E00F945C778091690B882379F202
:109070009FCF80916A0B10926A0B882309F427CF47
:1090800010E000E024E031E050E040E066E377E00B
:1090900083E896E00F945C778091690B882309F44C
:1090A00016CF86CF80916A0B10926A0B882309F441
:1090B00030CF10E000E024E031E050E040E068E331
:1090C00077E082E796E00F945C778091690B8823C4
:1090D00009F41FCF6DCF80916A0B10926A0B882321
:1090E00009F439CF10E000E02CE830E050E040E037
:1090F0006AE377E084E696E00F945C778091690BF1
:10910000882309F428CF54CF2F923F924F925F9239
:109110006F927F928F929F92AF92BF92CF92DF9287
:10912000EF92FF920F931F93CF93DF9300D000D065
:109130001F921F92CDB7DEB72091910B288761E077
:1091400081E00E945E2E3091740B3F83E8858E2F64
:1091500090E0880F991F9C01215A314F3C832B834B
:1091600036E0E39FC0011124FC01E358F44FFA8379
:10917000E9839C012558344F79015F8035E0432E07
:10918000450C11E0312E3518252C2194FE82ED82FC
:10919000570134E0A30EB11C40E7C42E4AE2D42E9E
:1091A000470182E0880E911C83E0782E751882E0DA
:1091B000682E6518EF81E11164C01123D9F0809108
:1091C000730B1816BCF040916F0B5091700B6091AF
:1091D000710B7091720B4F5F5F4F6F4F7F4F4093DA
:1091E0006F0B5093700B6093710B7093720B8F5FCA
:1091F0008093730B80916A02882351F0EB81FC818C
:109200006591749130E020E045E0822D0E9420DDE0
:10921000F50180818093770BFF81F23009F083C0E4
:109220001092950B1092940B1092930B1092920B3C
:10923000288527FF2093910B8091730B823009F4CE
:109240005FC080916A02882391F011E08091730BD6
:10925000823009F010E08091770B0E9455AF00E05A
:109260009C014FED56E0662D812F0E94D9DE10E063
:109270002F812F5F2F8342129DCF86E08093680B52
:1092800019C0FF81F13021F68091730B813031F0EC
:1092900080916A02811127C010E0BACF80916A0BD9
:1092A00010926A0B8823A1F30E94C1388091690B48
:1092B000882371F328960FB6F894DEBF0FBECDBF9A
:1092C000DF91CF911F910F91FF90EF90DF90CF90A2
:1092D000BF90AF909F908F907F906F905F904F90D6
:1092E0003F902F90089581E09091730B913009F099
:1092F00080E024E049EE56E0632D0F940974CCCF52
:1093000080916A0B10926A0B882309F49ACF6CE360
:1093100076E28FED96E00F9496778091690B882323
:1093200009F48FCFC7CF3F81333089F58091730B1C
:109330008330B9F080916A02882309F498CF11E054
:109340008091730B833009F010E0ED81FE81808104
:1093500091810E94F8AE00E09C0148ED56E0672D37
:1093600083CF80916A0B10926A0B882319F310E067
:1093700000E024E031E045E050E0B70188ED96E000
:109380000F945C778091690B8823A1F293CFFF81C2
:10939000F43091F58091730B8430B9F080916A02BA
:1093A000882309F464CF11E08091730B843009F0B5
:1093B00010E0F401808191810E94F8AE64E06519AB
:1093C00000E09C0144ED56E04FCF80916A0B109273
:1093D0006A0B882319F310E000E02CE830E045E048
:1093E00050E069817A8184ED96E00F945C778091FA
:1093F000690B882399F25ECFFF81F53009F038CFF1
:109400008091730B8530F1F080916A02882309F412
:109410002ECFDF92CF9286E197E09F938F9385E0E6
:1094200085198F9381E09091730B953009F080E05E
:109430008F930E94502E0F900F900F900F900F90CF
:109440000F9015CF80916A0B10926A0B8823E1F27E
:109450000E94702A8091690B8823B1F22BCF4F9222
:109460005F926F927F928F929F92AF92BF92CF92B4
:10947000DF92EF92FF920F931F93CF93DF93CDB7BD
:10948000DEB760970FB6F894DEBF0FBECDBF80E1A8
:10949000EBE7F2E0DE01119601900D928A95E1F77B
:1094A00061E081E00E945E2ED090740B9D2C65E0FF
:1094B000762E7D0C6D2C61948824839473E0572E56
:1094C000D11014C08091730B882309F4D0C080910F
:1094D0006A02882359F081E09091730B911180E02A
:1094E00024E045EC55E0662D0F940974AA24A3945A
:1094F000B12C4D2C4918DA102FC01092950B1092F8
:10950000940B1092930B1092920B8FEF8A0D809315
:10951000910B8091730B8D1509F4CEC080916A0276
:109520008823D1F011E08091730B8D1110E0F501CB
:10953000EE0FFF1FEE0FFF1FE35CF34F60A171A161
:1095400082A193A10E94A52900E09C0145E755E076
:10955000642D812F0E94D9DECA2C81E08A0D9FEFF5
:10956000A91AB90A94E0A916B10429F68D112CC0E4
:109570001092950B1092940B1092930B1092920BE9
:109580005092910B8091730B8D1509F4BFC080919F
:109590006A028823C9F0BD2CB91811E08091730BC1
:1095A0008D1110E060916D0C70916E0C80916F0CBC
:1095B0009091700C0E94A52900E09C0145E755E0C0
:1095C0006B2D812F0E94D9DE82E08C0D8D1122C07F
:1095D0008091730B8D1509F4B7C080916A028823BE
:1095E000C9F0BD2CB91811E08091730B8D1110E0FA
:1095F00060917D0C70917E0C80917F0C9091800C1D
:109600000E94A52900E09C0148E655E06B2D812FC2
:109610000E94D9DE83E08C0D8D1121C08091730BE7
:109620008D1509F4AEC080916A028823C1F011E063
:109630008091730B8D1110E06091810C7091820C00
:109640008091830C9091840C0E94A52900E09C01DC
:1096500047E555E06D2D6919812F0E94D9DED3941D
:109660007D102ECF84E08C0D8093680B0EC080910E
:109670006A0B10926A0B882309F429CF0E94C13823
:109680008091690B882309F422CF60960FB6F89475
:10969000DEBF0FBECDBFDF91CF911F910F91FF9025
:1096A000EF90DF90CF90BF90AF909F908F907F9082
:1096B0006F905F904F90089580916A0B10926A0BA3
:1096C000882309F42BCFB501660F771F660F771F2C
:1096D000FB01349781E090E08C0F9D1FE80FF91F8C
:1096E000E080F18002811381635A734F20E030E003
:1096F00040E85FE385E795E00F9492768092090752
:109700008091690B882309F409CFBFCF80916A0B40
:1097100010926A0B882309F43ACFE12C1CE3F12E56
:109720000CE116E420E030E040E85FE36DE67CE029
:1097300085E795E00F949276809209078091690BF6
:10974000882309F424CFA1CF80916A0B10926A0B71
:10975000882309F442CFE12C1CE3F12E0CE116E43E
:1097600020E030E0A9016DE77CE088E695E00F9409
:109770009276809209078091690B882309F42DCF96
:1097800084CF80916A0B10926A0B882309F44BCF27
:10979000E12C1CE3F12E0CE116E420E030E0A901FD
:1097A00061E87CE087E595E00F9492768092090766
:1097B0008091690B882309F436CF67CF2F923F92AF
:1097C0004F925F926F927F928F929F92AF92BF92D1
:1097D000CF92DF92EF92FF920F931F93CF93DF937D
:1097E00000D0CDB7DEB74C013B015A012B83232EAD
:1097F000280181E08093080740916F0B5091700B16
:109800006091710B7091720B4115510561057105E5
:1098100071F0141615060CF080E08093EA061092A1
:109820006F0B1092700B1092710B1092720B1091C3
:10983000EA0630906A0B10926A0B311005C08091D5
:109840006A02882309F46FC0C2010E94F4B7082F8E
:1098500080E0C114D10419F0C6010E94F4B71A8245
:109860001982E114F104B1F4402F50E0282F30E0C8
:10987000CA01820F931F46976CF485E190E0841B28
:10988000950B821B930B97FD0196959587958A837F
:1098900081E0898301E020E13BE7A201BE016F5F27
:1098A0007F4FCE0102960E941DDBE114F10491F07E
:1098B0008A81882321F01A8289818F5F898300E061
:1098C00023E13BE7A701BE016F5F7F4FCE01029608
:1098D0000E941DDBC114D10459F000E020E13BE7F8
:1098E000A601BE016F5F7F4FCE0102960E941DDB75
:1098F00041E04127B30181E00F94AB7CC4010E9499
:10990000F4B7412FB40194E1981B892F0F94AB7CDD
:10991000332049F0111102C0AB80B22CA114B10464
:10992000C1F0F50119950F900F900F90DF91CF9135
:109930001F910F91FF90EF90DF90CF90BF90AF906D
:109940009F908F907F906F905F904F903F902F905F
:1099500008950E94C138E7CFCF92DF92EF92FF9235
:109960000F931F9381E2C82E8BE0D82EF12CE12CAF
:1099700003E21BE030E020E046E952E363E37BE0F2
:1099800088E39BE01BDF1F910F91FF90EF90DF902A
:10999000CF900895CF92DF92EF92FF920F931F9393
:1099A00080912111811119C084E191E121EEC22E33
:1099B0002AE0D22E7C0103EE1AE030E020E041E202
:1099C00051E36FEE7AE086EF9AE0F8DE1F910F9197
:1099D000FF90EF90DF90CF90089581E291E1E6CF84
:1099E000CF92DF92EF92FF920F931F9383E3C82EE3
:1099F0008AE0D82EF12CE12C05E81AE030E020E0D6
:109A000045E453E365E37AE088E39AE0D7DE1F910B
:109A10000F91FF90EF90DF90CF900895CF92DF925B
:109A2000EF92FF920F931F9387E2C82E8AE0D82E01
:109A3000F12CE12C0EEB1AE030E020E048E251E39B
:109A400069E27AE08EE29AE0B9DE1F910F91FF9011
:109A5000EF90DF90CF900895CF92DF92EF92FF9238
:109A60000F931F9387EDC82E85E0D82EF12CE12CA3
:109A70000AEE15E030E020E04DE052E369ED75E0DC
:109A800080EE95E09BDE1F910F91FF90EF90DF90AD
:109A9000CF900895AF92BF92CF92DF92EF92FF9254
:109AA0000F931F93CF93DF93CDB7DEB7ADB6BEB69E
:109AB00082E095E00E94F4B790E001962DB73EB7A2
:109AC000281B390B0FB6F8943EBF0FBE2DBF8DB7C4
:109AD0009EB701967C0162E075E00F941C95E091C1
:109AE000770BE15010E000E0E43038F4F0E0EE0FE6
:109AF000FF1FE25DFC4F0081118183EFC82E84E0DF
:109B0000D82E21E031E34DE052E365EF74E08CEFB5
:109B100094E054DE0FB6F894BEBE0FBEADBEDF912A
:109B2000CF911F910F91FF90EF90DF90CF90BF905A
:109B3000AF9008950F931F93CF93DF93FC01EB0138
:109B400080916F0B9091700BA091710BB091720B83
:109B5000B7FD76C04091DD065091DE066091DF06CC
:109B60007091E006481759076A077B0714F4DB0178
:109B7000CA0180936F0B9093700BA093710BB093FD
:109B8000720B20916A022223C1F04091E1065091AC
:109B9000E2066091E3067091E4068C019D01040FDA
:109BA000151F261F371FC901B8011995BC018091E7
:109BB000E7069091E8060E941CDE80916A0B8111F5
:109BC00009C08091DA06882309F43EC080916A02B8
:109BD0008823D1F18091E5069091E6060097B1F0D7
:109BE00040916F0B5091700B6091710B7091720BE3
:109BF0000091E1061091E2062091E3063091E4061F
:109C0000400F511F621F731FFE011995E091DB0683
:109C1000F091DC06309741F08091DA06811103C0A3
:109C200080916A0B8111199580916A0B10926A0BD1
:109C3000882351F0DF91CF911F910F910C94C1387F
:109C400080E090E0DC0195CFDF91CF911F910F91E3
:109C5000089562E975E282E898E26CCF6AEB75E2FA
:109C600081EB98E267CF6AE476E285E598E262CF1D
:109C700065E176E287ED98E25DCF68E176E289E31F
:109C800098E258CF64E676E28AE19AE253CF6EE733
:109C900076E281ED99E24ECF64E976E285EC99E2D5
:109CA00049CF68EA76E28EEC99E244CF66EB76E241
:109CB00085E297E23FCF6CEA75E287E19AE23ACF1C
:109CC0006AEB76E286E197E235CFE091E906E6308D
:109CD00028F581E08E0F8093E90640916F0B50913B
:109CE000700B6091710B7091720B2091740B9091BD
:109CF000680B8091080739E0E39FF0011124EC55CF
:109D0000F94FA0912E1AB0912F1AB183A0834283EC
:109D10005383648375832683978380870895CF93C5
:109D2000DF93EC01D2DFD093780BC093770B20E068
:109D300040E070E060E088E297E20E94B53081E0A8
:109D4000809308070E941C9410920807DF91CF911E
:109D50000C94C1388F929F92AF92BF92CF92DF92B4
:109D6000EF92FF920F931F93CF93DF9300D000D019
:109D70001F921F92CDB7DEB780916A02882341F00F
:109D800030E020E041E067E77CE081E00E9420DDF8
:109D90008091F006811179C088E0EBE8F2E0DE0105
:109DA000119601900D928A95E1F711E01093F0065B
:109DB0001F92812C912C80EAA82E80E4B82EC12C11
:109DC000D12CE12C90ECF92E01E021E040E063E0A1
:109DD000CE0101960F94F72D6093F6067093F70667
:109DE0008093F8069093F9061092F00680E00F94A5
:109DF0001A201093F006E0905912F0905A12F701D1
:109E000020813181428153816091850C7091860C53
:109E10008091870C9091880C0F94119D6093850C14
:109E20007093860C8093870C9093880CF7012481A3
:109E30003581468157816091890C70918A0C80919F
:109E40008B0C90918C0C0F94119D6093890C7093E6
:109E50008A0C80938B0C90938C0C60E070E085E012
:109E600093E40E949EA481E69CE059DF1092F006E4
:109E700010931C0220E040E070E060E085E294E690
:109E80000E94B530109308070F9028960FB6F894EB
:109E9000DEBF0FBECDBFDF91CF911F910F91FF901D
:109EA000EF90DF90CF90BF90AF909F908F900895EC
:109EB00084EE94E034DF81E08093080760E080E97D
:109EC00099E40F94F02880EE94E09093250B809312
:109ED000240B08952F923F924F925F926F927F9240
:109EE0008F929F92AF92BF92CF92DF92EF92FF92AA
:109EF0000F931F93CF93DF9300D000D0CDB7DEB781
:109F00001C017A8369832B833C834D835E83270105
:109F1000380181E08093690BD8DE83E080936A0288
:109F20003092E8062092E70689819A819093E606AE
:109F30008093E5068B819C81AD81BE818093E10693
:109F40009093E206A093E306B093E4064092DD0608
:109F50005092DE066092DF067092E006A0926F0BD0
:109F6000B092700BC092710BD092720B90922F1A1C
:109F700080922E1A8C8D9D8D9093DC068093DB064B
:109F80008E8D8093DA0626960FB6F894DEBF0FBE4C
:109F9000CDBFDF91CF911F910F91FF90EF90DF9098
:109FA000CF90BF90AF909F908F907F906F905F9079
:109FB0004F903F902F9008954F925F926F927F92B3
:109FC0008F929F92AF92BF92CF92DF92EF92FF92C9
:109FD0000F931F93CF93DF9361E081E00E945E2E89
:109FE000C091740B45E0542E5C0ED3E0DC1B82E084
:109FF000782E7C1A81E0682E6C1A4C2E4194C11187
:10A0000037C08091730B8823B1F080916A02882356
:10A0100059F081E09091730B911180E024E045ECC0
:10A0200055E0642D0F940974CF5F5C12E8CF84E093
:10A030008093680B0CC080916A0B10926A0B882386
:10A0400021F30E94C1388091690B8823F1F2DF91DE
:10A05000CF911F910F91FF90EF90DF90CF90BF9025
:10A06000AF909F908F907F906F905F904F900895EA
:10A07000C130A1F58091730B8130C9F080916A02E3
:10A08000882391F211E08091730B813009F010E088
:10A0900080912408909125080E94F8AE00E09C0170
:10A0A00040E555E0662D812F0E94D9DEBDCF80911D
:10A0B0006A0B10926A0B882309F304EE16E224E07F
:10A0C00031E050E040E064E278E080E595E00F9414
:10A0D0005C778091690B882389F2B9CFC23009F08F
:10A0E0006DC08091730B8230B9F080916A02882331
:10A0F00009F49ACF11E08091730B823009F010E0DF
:10A1000080912608909127080E94F8AE00E09C01FB
:10A1100049E455E0672DC7CF80916A0B10926A0B16
:10A12000882319F304ED16E224E031E050E040E02A
:10A1300066E278E089E495E00F945C778091690BA2
:10A14000882399F284CF80916A0B10926A0B88233E
:10A15000E9F120E030E048EC52E460912808709189
:10A16000290880912A0890912B080F948E962FE64B
:10A1700032E143E85AE30F94119D0F94559E1F92CC
:10A180001F921F9223E3822E2EE4922E5B016C011C
:10A1900018EEE12E13E0F12E00E010E020E030E0B8
:10A1A000A90168E278E081E495E094DE0F900F90D9
:10A1B0000F908091690B882349F049CFC33009F093
:10A1C00033CF8091730B833009F4BDCF80916A0245
:10A1D000882309F429CF11E08091730B833009F0B3
:10A1E00010E0C0902808D0902908E0902A08F0904C
:10A1F0002B0820E030E0A901C701B6010F94299691
:10A200002DEB37E346E055EB87FD04C02DEB37E33C
:10A2100046E055E3C701B6010F94119D0E9424B199
:10A2200000E09C0141E455E06D2F3DCF2F923F921D
:10A230004F925F926F927F928F929F92AF92BF9256
:10A24000CF92DF92EF92FF920F931F93CF93DF9302
:10A2500000D000D0CDB7DEB761E081E00E945E2E75
:10A260002091740B2D832A83822F8B5F8983922FF9
:10A2700091959B834424439484E0821B8C83FD81CD
:10A28000F11114C08091730B882309F4B6C080913A
:10A290006A02882359F081E09091730B911180E05C
:10A2A00024E045EC55E06B810F9409744DE3642E76
:10A2B0004CE0742E21E02E833D803A942D808A81DB
:10A2C000281A9D81EE819E133DC01092950B10922D
:10A2D000940B1092930B1092920B3092910B8091F1
:10A2E000730B891709F4B0C080916A02882351F179
:10A2F00011E08091730BFE818F1310E0F301C4888D
:10A30000D588E688F78820E030E0A901C701B601CA
:10A310000F9429962DEB37E346E055EB87FD04C0FB
:10A320002DEB37E346E055E3C701B6010F94119DCD
:10A330000F94CE7500E09C014AEB55E0622D812F11
:10A340000E94D9DE5E80F4E06F0E711C21E0250DC5
:10A350002E83243009F0B5CF8D81843009F042C0BE
:10A360001092950B1092940B1092930B1092920BEB
:10A3700093E09093910B8091730B843009F4AAC001
:10A3800080916A02882371F1F1E0FE838091730B62
:10A39000843009F01E82C0905D0CD0905E0CE0907D
:10A3A0005F0CF090600C20E030E0A901C701B6011D
:10A3B0000F9429962DEB37E346E055EB87FD04C05B
:10A3C0002DEB37E346E055E3C701B6010F94119D2D
:10A3D0000F94CE7500E09C014AEB55E06C818E81B4
:10A3E0000E94D9DE2D812F5F2D838981821347CF73
:10A3F000539453945092680B0EC080916A0B109244
:10A400006A0B882309F443CF0E94C1388091690BFD
:10A41000882309F43CCF26960FB6F894DEBF0FBE12
:10A42000CDBFDF91CF911F910F91FF90EF90DF9003
:10A43000CF90BF90AF909F908F907F906F905F90E4
:10A440004F903F902F90089580916A0B10926A0B65
:10A45000882309F449CF20E030E048EC52E4F301CE
:10A4600064897589868997890F948E962FE632E1E3
:10A4700043E85AE30F94119D0F94559E5B016C01C4
:10A48000F4EFAF1AF1E0BF0AC108D1081F9289E4C6
:10A490009AE29F938F9322E4822E2EE4922E18EE5E
:10A4A000E12E1FE3F12E0FE010E024EF31E040E059
:10A4B00050E0B3016C5E7F4F8AEB95E00BDD40927C
:10A4C00009070F900F900F908091690B882309F472
:10A4D0000BCFA1CF80916A0B10926A0B882309F4ED
:10A4E0004FCF20E030E048EC52E460915D0C709179
:10A4F0005E0C80915F0C9091600C0F948E962FE60D
:10A5000032E143E85AE30F94119D0F94559E5B018D
:10A510006C01E4EFAE1AE1E0BE0AC108D1081F9257
:10A5200087E49AE29F938F9382E4882E8EE4982E9C
:10A5300018EEE12E1FE3F12E0FE010E024EF31E0E2
:10A5400040E050E06DE57CE08AEB95E0C3DC4092B2
:10A5500009070F900F900F908091690B882309F4E1
:10A560000FCF59CF2F923F924F925F926F927F926F
:10A570008F929F92AF92BF92CF92DF92EF92FF9213
:10A580000F931F93CF93DF9300D000D01F921F92A1
:10A59000CDB7DEB70091410C1091420C2091430CD5
:10A5A0003091440C8091450C9091460CA091470C41
:10A5B000B091480C80179107A207B30710F4D90196
:10A5C000C80100913D0C10913E0C20913F0C309140
:10A5D000400CBC01CD01601771078207930710F48E
:10A5E000C901B8010F942D962B013C0161E081E077
:10A5F0000E945E2E2091740B28872A83822F8B5F06
:10A60000898387E0922F821B8B8386E0821B8C8359
:10A6100085E0821B8D8384E0821B8E8383E0821B16
:10A620008F8322E0322E391A292E21942885211178
:10A6300042C08091730B8823C9F080916A028823FD
:10A6400059F081E09091730B911180E024E045EC8A
:10A6500055E0622D0F94097498859F5F9887298132
:10A660009213E4CF88E08093680B0CC080916A0B52
:10A6700010926A0B882309F30E94C1388091690BFC
:10A680008823D9F228960FB6F894DEBF0FBECDBF4F
:10A69000DF91CF911F910F91FF90EF90DF90CF90BE
:10A6A000BF90AF909F908F907F906F905F904F90F2
:10A6B0003F902F9008958885813009F06DC080917A
:10A6C000730B8130F9F080916A02882329F211E03E
:10A6D0008091730B813009F010E06091710C7091E2
:10A6E000720C8091730C9091740C0E94A52961E00A
:10A6F0002A81621B00E09C0144EB55E0812F0E94FF
:10A70000D9DEAACF80916A0B10926A0B8823D9F206
:10A710002AE037ED43E25DE36091710C7091720CB9
:10A720008091730C9091740C0F948E960F94559E9B
:10A730005B016C0121E0A21AB108C108D1082AE02E
:10A7400037ED43E25DE3C301B2010F948E960F949F
:10A75000559E7B018C0121E0E21AF10801091109E3
:10A760001F921F921F929CE4892E9EE4992E21E055
:10A7700030E040E050E061E77CE084EB95E0AADB6C
:10A780008885809309070F900F900F908091690B37
:10A79000882309F498CF76CF8885823009F097C155
:10A7A0008091730B8230D9F080916A02882309F47A
:10A7B00053CF11E08091730B823009F010E060916B
:10A7C000750C7091760C8091770C9091780C0E94AA
:10A7D000A52900E09C0146EA55E0632D8FCF8091CA
:10A7E0006A0B10926A0B8823F9F26091490C709100
:10A7F0004A0C80914B0C90914C0C0F942D967B0140
:10A800008C0120E030E048EC52E465E77CE086EA29
:10A8100095E00F94927681E0809309078091690B0F
:10A82000882311F22FCF8091730B8330D9F0809160
:10A830006A02882309F410CF11E08091730B8330F2
:10A8400009F010E06091790C70917A0C80917B0C8A
:10A8500090917C0C0E94A52900E09C0149E955E0FB
:10A860006F814CCF80916A0B10926A0B8823F9F2AA
:10A870002AE037ED43E25DE36091790C70917A0C48
:10A8800080917B0C90917C0C0F948E960F94559E2A
:10A890005B016C0121E0A21AB108C108D1082AE0CD
:10A8A00037ED43E25DE3C301B2010F948E960F943E
:10A8B000559E7B018C0121E0E21AF1080109110982
:10A8C0001F921F921F928CE4882E8EE4982E21E016
:10A8D00030E040E050E069E77CE089E995E0FADAB1
:10A8E00081E0809309070F900F900F908091690B82
:10A8F000882309F49CCFC6CE1092950B1092940B2E
:10A900001092930B1092920B1092910B8091730BFB
:10A910008430E9F080916A02882309F49DCE11E029
:10A920008091730B843009F010E060913D0C7091C0
:10A930003E0C80913F0C9091400C0F942D960E94FC
:10A94000D7AF00E09C014DE855E06E81D7CE8091F5
:10A950006A0B10926A0B8823E9F201E51AE224E6F9
:10A9600030E040E050E06DE37CE08DE895E00F944E
:10A97000F77681E0809309078091690B882351F273
:10A9800081CE1092950B1092940B1092930B109213
:10A99000920BFF24F394F092910B8091730B85300E
:10A9A000E9F080916A02882309F456CE11E0809183
:10A9B000730B853009F010E06091410C7091420CEE
:10A9C0008091430C9091440C0F942D960E94D7AF28
:10A9D00000E09C014DE855E06D8190CE80916A0BBE
:10A9E00010926A0B8823E9F20FE41AE224E630E0C1
:10A9F00040E050E061E47CE08DE895E00F94F7766C
:10AA0000F09209078091690B882359F23BCE10928E
:10AA1000950B1092940B1092930B1092920B82E074
:10AA20008093910B8091730B8630E9F080916A02DC
:10AA3000882309F411CE11E08091730B863009F060
:10AA400010E06091450C7091460C8091470C9091FC
:10AA5000480C0F942D960E94D7AF00E09C014DE862
:10AA600055E06C814BCE80916A0B10926A0B882363
:10AA7000E9F20DE41AE22AE030E040E050E065E45B
:10AA80007CE08DE895E00F94F77681E080930907EC
:10AA90008091690B882351F2F5CD80916A0B109259
:10AAA0006A0B882341F10BE41AE224E630E040E02F
:10AAB00050E069E47CE081E895E00F94F77681E06E
:10AAC000809309078091690B8823A9F0DBCD8885E5
:10AAD000833009F4A8CE843009F40ECF853009F410
:10AAE00050CF863009F493CF873009F0B5CD8091EF
:10AAF000730B873091F280916A02882309F4ACCD00
:10AB000011E08091730B873009F010E06091490CDF
:10AB100070914A0C80914B0C90914C0C0F942D9697
:10AB20000E94D7AF00E09C0141E855E06B81E6CD83
:10AB30002F923F924F925F926F927F928F929F924D
:10AB4000AF92BF92CF92DF92EF92FF920F931F933B
:10AB5000CF93DF9300D01F92CDB7DEB761E081E0E5
:10AB60000E945E2E2091740B2B83322E2B5F298343
:10AB7000E7E76E2EEAE77E2E55245394852D831940
:10AB80008A83232C219482E0482E43182B812111A3
:10AB90007FC08091730B882309F455C080916A02AD
:10ABA000882359F081E09091730B911180E024E0AB
:10ABB00045EC55E0622D0F94097480914807882375
:10ABC00009F401C18B81823009F027C18091730B98
:10ABD000823009F498C080916A028111DAC093E052
:10ABE0009C838C818F5F2B81821322C08091730B99
:10ABF000821709F446C180916A028823C9F011E0E6
:10AC00008091730B9B81891310E060913C077091D8
:10AC10003D0780913E0790913F070E94DF2900E0A9
:10AC20009C0144E155E06B816319812F0E94D9DEBC
:10AC30002B812F5F2B8389812813A8CF9C819E5F56
:10AC40009093680B0EC080916A0B10926A0B882358
:10AC500009F4A4CF0E94C1388091690B882309F4BC
:10AC60009DCF0F900F900F900F90DF91CF911F917C
:10AC70000F91FF90EF90DF90CF90BF90AF909F909B
:10AC80008F907F906F905F904F903F902F9008959E
:10AC90008B81813009F091CF8091730B8130D1F09D
:10ACA00080916A02882309F488CF81E09091730B28
:10ACB000913009F080E09091480724E335E091114C
:10ACC00002C020E335E001E047E355E06A810E94DD
:10ACD000D9DE73CF8091480790916A0B10926A0B6E
:10ACE0009923F1F29B8189278093480723E02093E1
:10ACF0006A026114710411F00E94777A8091690BE5
:10AD0000882371F2AECF80916A0B10926A0B882370
:10AD100009F461CF20E030E04AE754E46091440751
:10AD20007091450780914607909147070F948E9642
:10AD300027E137EB41ED58E30F94119D0F94559E99
:10AD40005B016C012CEDA21A25E0B20AC108D10802
:10AD50001F927F926F9260E6862E6EE4962E16ED1D
:10AD6000E12E16E0F12E00E010E02CED35E040E0A1
:10AD700050E064E477E086E295E0ACD850920907B1
:10AD80000F900F900F908091690B882309F423CFC7
:10AD900068CF81E08C838091730B823009F01C8234
:10ADA000609144077091450780914607909147074D
:10ADB0000E94F42600E09C0146E255E0642D8C815F
:10ADC0000E94D9DE0CCF22E02C839C812B81921330
:10ADD00008CF8091730B891719F180916A0288233B
:10ADE00009F4FFCEDB80D31811E08091730B9B81B7
:10ADF000891310E0609140077091410780914207EC
:10AE0000909143070E94DF2900E09C014CE155E04E
:10AE10006D2D812F0E94D9DEE4CE83E08C83D5CFC7
:10AE200080916A0B10926A0B8823B9F260914007F7
:10AE30007091410780914207909143070F94559E6E
:10AE40001F921F921F924BE5842E4EE4942E5B01BD
:10AE50006C0118ECE12EF12C00E010E020E030E075
:10AE6000A90160E477E08CE195E034D850920907BD
:10AE70000F900F900F908091690B882309F4ADCF4C
:10AE8000F0CE80916A0B10926A0B882309F4B3CE3E
:10AE900060913C0770913D0780913E0790913F077C
:10AEA0000F94559E1F921F921F922BE5822E2EE427
:10AEB000922E5B016C0118ECE12EF12C00E010E009
:10AEC00020E030E0A9016CE377E084E195E002D86E
:10AED000509209070F900F900F908091690B882373
:10AEE00009F489CEBECECF93DF93CDB7DEB78E8186
:10AEF00087FF03C01092680680E090916806282FB3
:10AF0000082E000C330B9217130609F08CF4809373
:10AF100068069E01275F3F4F4F8158856AE270E0C7
:10AF200083E09AE10F94F1951092660610926506FF
:10AF3000DF91CF910895CF93DF93CDB7DEB7A1977F
:10AF40000FB6F894DEBF0FBECDBF67FF03C01092EF
:10AF5000680660E050916806262F062E000C330B21
:10AF60005217130609F014F56093680619821F8EB4
:10AF7000442329F14FE150E0BC01CE0101960F942A
:10AF800023954BE250E0BE016F5F7F4F83E09AE173
:10AF90000F9472958AE290E099A388A3CE018096DF
:10AFA0000F94E86B1092660610926506A1960FB694
:10AFB000F894DEBF0FBECDBFDF91CF9108954FE172
:10AFC00050E0BC01CE0101960F947295DACF2F921A
:10AFD0003F924F925F926F927F928F929F92AF9229
:10AFE000BF92CF92DF92EF92FF920F931F93CF9376
:10AFF000DF9300D000D0CDB7DEB76C015B01742EBB
:10B0000029013E2C6E2C2EEF94EC892E94E0992E83
:10B01000421304C028EC822E24E0922E85E4282ED0
:10B02000872D072C000C990BFC01ED55FD4FFE837D
:10B03000ED8316140CF07CC0AE014F5F5F4F60E1F2
:10B040007BE7C5010E9410B87C0149815A816B8160
:10B050007C81411551056105710509F469C04B37C3
:10B0600051056105710509F4DBC04E3751056105D5
:10B07000710509F4D5C04A3251056105710509F021
:10B0800072C077FE17C0462D062C000C550B4F5F83
:10B090005F4FB401C6010F942395C6010E9402B808
:10B0A000681AF60101900020E9F79F01215031094B
:10B0B00059012DC05601FFEFAF1ABF0AF6012082D9
:10B0C0006A94662009F46DC0650181E04B37510533
:10B0D0006105710509F480E0870D8A3084F056011E
:10B0E000FFEFAF1ABF0A6A946AE00F94BC9C805DC0
:10B0F000F6018083662009F454C0892F650156014A
:10B10000FFEFAF1ABF0A805DF60180836A941614C0
:10B110000CF047C0462D062C000C550B4F5F5F4FBF
:10B12000B701C5010F942395C5010E9402B8681AA2
:10B13000832D861926960FB6F894DEBF0FBECDBFBD
:10B14000DF91CF911F910F91FF90EF90DF90CF9003
:10B15000BF90AF909F908F907F906F905F904F9037
:10B160003F902F900895443251056105710509F013
:10B170003EC001151105C1F0462D062C000C550BE3
:10B180004F5F5F4FB801C6010F942395C6010E941F
:10B1900002B8681AF60101900020E9F7CF01019783
:10B1A0005C016501570145CF4114510449F4D601B2
:10B1B000F501EE16FF0669F184918D933196F9CF72
:10B1C000462D062C000C550B4F5F5F4FB201C60198
:10B1D0000F947295C6010E9402B8681AF601019098
:10B1E0000020E9F79F01215031095901DACF40349D
:10B1F000510561057105D9F656013FEFA31AB30A4F
:10B20000ED81FE818081F6018083F50110826A94D0
:10B21000C8CF97012A193B095901AC0CBD1CF5CFC9
:10B2200077FE53CF30CFCF92DF92EF92FF920F9401
:10B230008E796B017C0126B191E02295217029273E
:10B2400086B186FB882780F9892730919F0690E098
:10B2500020FB90F980FB91F9932790FF82C0B70102
:10B26000A6014E5F5F4F6F4F7F4F40939B065093F9
:10B270009C0660939D0670939E0691FF8BC0B7015C
:10B28000A6014E5F5F4F6F4F7F4F409396065093DE
:10B290009706609398067093990690919F0620FBFD
:10B2A00090F980FB91F990939F0620919A06822F46
:10B2B0008170269521702827880F282B809195066C
:10B2C0002817A1F1422F481B550BCA01059664E0CF
:10B2D00070E00F94DD9C815020939506823009F038
:10B2E00072C080919406880F882301F190916406C2
:10B2F000981B909364068091990B8823B9F08091F4
:10B300006406882399F02091640680916C069091E0
:10B310006D06820F911D27FD9A9590936D0680937F
:10B320006C061092640681E080936A028091A00608
:10B330009091A106A091A206B091A3068C199D0937
:10B34000AE09BF09181619061A061B062CF0329B07
:10B350003DC080E080936306FF90EF90DF90CF9038
:10B36000089540919B0650919C0660919D067091B6
:10B370009E064C195D096E097F09141615061606FE
:10B3800017060CF47ACF30919A0620FB30F93093EF
:10B390009A0673CF40919606509197066091980651
:10B3A000709199064C195D096E097F0914161506EE
:10B3B000160617060CF471CF90919A0680FB91F94E
:10B3C00090939A066ACF809394068ECF84E0C2CF82
:10B3D000CF9393E090936A028111109263060F94C9
:10B3E0008E796C507E4F8F4F9F4F6093A006709365
:10B3F000A1068093A2069093A30668E873E182E019
:10B4000090E00E9480CAC6E0C15049F00E9451B449
:10B4100062E070E080E090E00F945B79F5CFCF912F
:10B4200008956F927F928F929F92AF92BF92CF9228
:10B43000DF92EF92FF920F931F93CF93DF93CDB7DD
:10B44000DEB72C970FB6F894DEBF0FBECDBF0F94BA
:10B450008E796B017C01809101028F3F09F444C019
:10B460008090840690908506A0908606B09087060E
:10B470000F948E79861A970AA80AB90A1814190423
:10B480001A041B048CF180915D120E9442D99091A4
:10B490005E12891749F1E0910102E43008F03EC0E4
:10B4A00024E0E29FF0011124ED56FD4F9080A18031
:10B4B000B280838019821A821B821C821D821E82A6
:10B4C0001F82188619861A861B861C869E012F5F8E
:10B4D0003F4F492D5A2D6B2D782D85E89CE00F9418
:10B4E00024728FEF809301029EDE8091990B81116F
:10B4F00035C00F94E928882389F180919306811142
:10B500002FC091E0909393068091670689278093DE
:10B510006A0B1092670681E05BDF22C06090650CC9
:10B520007090660C0091670C1091680C9090610C03
:10B53000A090620CB090630C8090640C292D3A2D81
:10B540004B2D582DB301C8010F94389F18160CF4D9
:10B55000B1CF962CA72CB02E812EACCF1092930693
:10B5600080915F0690916006A0916106B09162069D
:10B570008C199D09AE09BF09181619061A061B0673
:10B580000CF460C1D701C6018C599F4FAF4FBF4F1C
:10B5900080935F0690936006A0936106B093620665
:10B5A000809164068091640680939206609164069F
:10B5B000062E000C770B77FF03C07195619571091A
:10B5C000653008F4F7C1809109078111B7C021E007
:10B5D00030E040E050E08091640665E00F94BC9C50
:10B5E000882339F1909164066BEF869F900D1124AA
:10B5F0009093640690916A0B91111BC0A82F880F3D
:10B60000BB0B0F949B9C00916F0B1091700B2091C2
:10B61000710B3091720BDC01CB01800F911FA21FC7
:10B62000B31F80936F0B9093700BA093710BB0932B
:10B63000720BD701C6018856954CAF4FBF4F809310
:10B640008A0690938B06A0938C06B0938D0681E0BA
:10B6500080936A021092ED061092970B1092960B4F
:10B6600089E08093020280912E1A90912F1A23E391
:10B670008B35920709F0B2C08091020281119FC1FF
:10B680008CE0809302028091880690918906009751
:10B6900029F00197909389068093880681E0809332
:10B6A0006A021092ED060E9413978090250C9090EC
:10B6B000260CA090270CB090280C81110F94922892
:10B6C000D501C4013AE0B695A795979587953A9527
:10B6D000D1F78F3F4FEF9407A105B10520F08FEF11
:10B6E0009FEFA0E0B0E09695879520916A02211126
:10B6F000C2C03091ED06311166C180912E1A909131
:10B700002F1A8B55934309F43BC18091080781118F
:10B7100037C180918A0690918B06A0918C06B091DA
:10B720008D068C199D09AE09BF09181619061A064F
:10B730001B060CF433C10E94013130C170E090E06F
:10B7400080E00F942D9620E030E040EA50E40F9422
:10B75000ED9D20E030E04AE754E40F948E964B01D3
:10B760005C0180918E0690918F06A0919006B09119
:10B770009106A7019601281B390B4A0B5B0BCA01E6
:10B78000B9010F942D969B01AC01C501B4010F9432
:10B79000ED9D4B015C01C0928E06D0928F06E09227
:10B7A0009006F092910620E030E040EA52E40F94D7
:10B7B000389F24E630E040E050E087FF0CCF20E0E7
:10B7C00030E040EF51E4C501B4010F94389F2AE006
:10B7D00030E040E050E087FFFECEF9CE8A5B944730
:10B7E00009F061CF9091970B992309F45CCF809178
:10B7F00002022FEF280F20930202811154CF809173
:10B80000960B8F5F8093960B24E0891708F02CE04D
:10B8100020930202981710F41092960B81E0809307
:10B820006A021092ED06D701C6018856954CAF4FBB
:10B83000BF4F80938A0690938B06A0938C06B0939B
:10B840008D0631CF8091ED0681112DCF2C960FB64C
:10B85000F894DEBF0FBECDBFDF91CF911F910F9146
:10B86000FF90EF90DF90CF90BF90AF909F908F9020
:10B870007F906F900895009741F040918806509115
:10B8800089064817590708F038CF8091ED068111D5
:10B8900012C0223038F0243008F441C0243011F4B2
:10B8A00010926A028EE39AE10E9469DC81E0809343
:10B8B00004078093ED0683E00E94F9D981E080932C
:10B8C000621AE0912E1AF0912F1A1995109204071E
:10B8D0008091ED06811127C010926A0B80912E1A7B
:10B8E00090912F1A8B55934309F00FCF0F948E79B7
:10B8F000DC01CB018C199D09AE09BF0900918806B6
:10B900001091890630E020E0081719072A073B0745
:10B9100008F0F3CE9093890680938806EECE81E0FE
:10B9200080936A02BFCF82E49AE10F94DE7C91E0BB
:10B93000811101C090E09093ED06882369F2809117
:10B940002E1A90912F1A8B55934309F07FCF0F94A5
:10B950008E79DC01CB018C199D09AE09BF090091DC
:10B9600088061091890630E020E0081719072A0799
:10B970003B0708F06BCF909389068093880666CFCB
:10B9800038E9C30E3AE3D31EE11CF11CC0928A06CB
:10B99000D0928B06E0928C06F0928D068091ED0697
:10B9A000811154CF80916A02813009F04FCF1092FB
:10B9B0006A024CCF80916A0B81113BCE54CE8150EC
:10B9C0008093020270CE009709F475CF56CF9F92F4
:10B9D000AF92BF92CF92DF92EF92FF920F931F939D
:10B9E000CF93DF9361E081E00E945E2EC091740BE3
:10B9F000DC2F85E0982E9C0E91E0A92E91E3B92EC4
:10BA000019E01C1B08E00C1B87E0F82EFC1A86E0EE
:10BA1000E82EEC1A85E0D82EDC1A84E0C82ECC1A69
:10BA2000C11133C08091730B8823B9F080916A02F1
:10BA3000882361F06D2F619581E09091730B9111D6
:10BA400080E024E045EC50E10F940974CF5F9C1234
:10BA5000E7CF8AE08093680B0CC080916A0B10924C
:10BA60006A0B882319F30E94C1388091690B8823DF
:10BA7000E9F2DF91CF911F910F91FF90EF90DF904E
:10BA8000CF90BF90AF909F900895C13071F5EFE5D2
:10BA9000FEE0859194919093950B8093940B109276
:10BAA000930B1092920B1092910B9091730B91301B
:10BAB00059F080916A02882349F261E06D1B81E0B0
:10BAC000913091F180E030C080916A0B10926A0B46
:10BAD000882379F32AE13FE03093250B2093240B50
:10BAE0008091690B882329F3C4CFC23009F015C1B6
:10BAF000E1E6FEE0859194919093950B8093940BF1
:10BB00001092930B1092920B1092910B9091730BD9
:10BB1000923071F080916A02882309F497CF62E035
:10BB20006D1B81E0923071F620E24BE05FE08CCF3C
:10BB300080916A0B10926A0B882361F325EE3EE038
:10BB40003093250B2093240B8091690B882311F3EC
:10BB500090CF8091730B833089F080916A028823A3
:10BB600009F474CF63E06D1B81E09091730B933007
:10BB700009F080E023E043ED5EE066CF80916A0B40
:10BB800010926A0B882349F38AE29AE30E94F9B87B
:10BB90008091690B882309F36CCF9091730B9430DB
:10BBA00071F080916A02882309F450CF81E09430CB
:10BBB00009F080E020E24CEB5EE06C2D45CF8091F7
:10BBC0006A0B10926A0B882361F32CEC3EE03093F1
:10BBD000250B2093240B8091690B882311F349CF07
:10BBE0008091730B853081F080916A02882309F47B
:10BBF0002DCF81E09091730B953009F080E023E028
:10BC00004FEA5EE06D2D20CF80916A0B10926A0B97
:10BC1000882351F38EE19BE30E94F9B88091690B70
:10BC2000882311F326CF9091730B963071F0809199
:10BC30006A02882309F40ACF81E0963009F080E097
:10BC400020E246E95EE06E2DFFCE80916A0B1092F5
:10BC50006A0B882361F328EA3EE03093250B20939A
:10BC6000240B8091690B882311F303CF8091730B10
:10BC70008730B1F080916A02882309F4E7CE8EEB19
:10BC800097E29F938F9387E89EE09F938F93FF9215
:10BC900081E09091730B973009F46AC080E068C02E
:10BCA00080916A0B10926A0B882321F30E94BE27B1
:10BCB0008091690B8823F1F2DCCE9091730B983060
:10BCC00071F080916A02882309F4C0CE81E0983037
:10BCD00009F080E020E24FE65EE0602FB5CE809173
:10BCE0006A0B10926A0B882361F322E83EE03093DE
:10BCF000250B2093240B8091690B882311F3B9CE77
:10BD000080916A0B10926A0B882301F10E94013125
:10BD10008091690B8823D1F0ACCEC33009F419CFE0
:10BD2000C43009F43ACFC53009F45ACFC63009F40B
:10BD30007ACFC73009F49ACFC83009F4BECFC930E2
:10BD400009F084CE8091730B8930D1F280916A0220
:10BD5000882309F47BCEBF92AF9283E69EE09F9347
:10BD60008F931F9381E09091730B993009F096CFD8
:10BD70008F930E94502E0F900F900F900F900F9066
:10BD80000F9064CE8F929F92AF92BF92CF92DF922C
:10BD9000EF92FF920F931F93CF93DF9361E081E0C7
:10BDA0000E945E2EC091740B85E0982E9C0E91E04F
:10BDB000E92E91E3F92E23E6C22E2EE0D22ED3E017
:10BDC000DC1B12E01C1B3EEFA32E3DE0B32E01E076
:10BDD0000C1B8C2E8194C11133C08091730B88236E
:10BDE000B1F080916A02882359F081E09091730B41
:10BDF000911180E024E045EC50E1682D0F94097426
:10BE0000CF5F9C12E8CF84E08093680B0CC08091D8
:10BE10006A0B10926A0B882321F30E94C13880912B
:10BE2000690B8823F1F2DF91CF911F910F91FF9061
:10BE3000EF90DF90CF90BF90AF909F908F9008953C
:10BE4000C13001F59091730B913069F080916A02D5
:10BE50008823B1F281E0913009F080E020E24DEEDC
:10BE60005DE0602FCBCF80916A0B10926A0B882324
:10BE700069F3B092250BA092240B8091690B882363
:10BE800029F3D1CFC23081F58091730B823081F0DC
:10BE900080916A02882309F4B3CF81E09091730BFB
:10BEA000923009F080E023E04AED5DE0612FA6CFFB
:10BEB00080916A0B10926A0B882351F389E39CE30B
:10BEC0000E94F9B88091690B882311F3ACCF80915F
:10BED0006A0B10926A0B882371F00E9401318091E5
:10BEE000690B882341F09FCFC33009F089CF80913F
:10BEF000730B833061F380916A02882309F480CF49
:10BF0000FF92EF92DF92CF92DF9381E09091730BDB
:10BF1000933009F080E08F930E94502E0F900F9085
:10BF20000F900F900F900F906BCF5F926F927F9258
:10BF30008F929F92AF92BF92CF92DF92EF92FF9239
:10BF40000F931F93CF93DF9361E081E00E945E2EF9
:10BF5000C091740B85E0682E6C0E91E0E92E91E3A0
:10BF6000F92E23E6C22E2EE0D22ED4E0DC1B13E005
:10BF70001C1B36EAA32E3DE0B32E02E00C1B4BEB5C
:10BF8000842E4DE0942E81E0782E7C1A5C2E519404
:10BF9000C11136C08091730B8823B1F080916A0281
:10BFA000882359F081E09091730B911180E024E097
:10BFB00045EC50E1652D0F940974CF5FC611E8CFB1
:10BFC00085E08093680B0CC080916A0B10926A0B1D
:10BFD000882321F30E94C1388091690B8823F1F2F4
:10BFE000DF91CF911F910F91FF90EF90DF90CF9055
:10BFF000BF90AF909F908F907F906F905F900895CB
:10C00000C13001F59091730B913069F080916A0213
:10C01000882399F281E0913009F080E020E24DEA36
:10C020005DE0672DC8CF80916A0B10926A0B882360
:10C0300069F39092250B8092240B8091690B8823E1
:10C0400029F3CECFC23009F051C09091730B9230DA
:10C0500071F080916A02882309F4AFCF81E09230B9
:10C0600009F080E020E244E95DE0602FA4CF8091F8
:10C070006A0B10926A0B882361F3B092250BA09291
:10C08000240B8091690B882321F3AACF8091730B35
:10C09000833081F080916A02882309F48ECF81E099
:10C0A0009091730B933009F080E023E041E85DE06C
:10C0B000612F81CF80916A0B10926A0B882351F314
:10C0C00089EE9CE30E94F9B88091690B882311F3F3
:10C0D00087CF80916A0B10926A0B882381F00E94AF
:10C0E00001318091690B882351F07ACFC33071F20E
:10C0F000C43009F062CF8091730B843051F380918A
:10C100006A02882309F459CFFF92EF92DF92CF920F
:10C11000DF9381E09091730B943009F080E08F936E
:10C120000E94502E0F900F900F900F900F900F9035
:10C1300044CF7F928F929F92AF92BF92CF92DF9225
:10C14000EF92FF920F931F93CF93DF9361E081E013
:10C150000E945E2EC091740B85E0A82EAC0E92E07A
:10C16000B92E86E0F82EFC1AD1E085E0E82EEC1A14
:10C1700084E0D82EDC1A83E0C82ECC1A9B2C9C1AA3
:10C180008D2E8C1A7C2E7194C1118DC08091730BF1
:10C19000882309F46CC080916A02882309F488C15D
:10C1A00081E09091730B911180E024E043E25DE027
:10C1B000672D0F9409748091DD119091DE11909399
:10C1C000780B8093770BC23009F0C0C08091730B5D
:10C1D000823009F4A0C080916A02882309F471C1F9
:10C1E00011E08091730B823009F010E08091770BA1
:10C1F0009091780B0E94F8AE00E09C0146E15DE072
:10C20000692D812F0E94D9DE8091290C8093770BB4
:10C21000C43009F0E7C01092950B1092940B109265
:10C22000930B1092920B1092910B8091730B8430B0
:10C2300009F4C3C080916A02882391F011E08091D3
:10C24000730B843009F010E08091770B0E9455AF9A
:10C2500000E09C0148E05DE06D2D812F0E94D9DE59
:10C26000CF5FAC1291CF87E08093680B0EC08091B6
:10C270006A0B10926A0B882309F48DCF0E94C13893
:10C280008091690B882309F486CFDF91CF911F91AC
:10C290000F91FF90EF90DF90CF90BF90AF909F9065
:10C2A0008F907F900895C13009F085CF8091730BF6
:10C2B0008130D1F080916A02882309F4F9C011E03D
:10C2C0008091730B813009F010E0809113029091FE
:10C2D00014020E94F8AE00E09C014DE15DE0682D83
:10C2E000812F0E94D9DE67CF80916A0B10926A0B72
:10C2F000882301F310E000E027EE33E04AE050E04D
:10C3000063E172E08DE19DE00F945C778091690BB1
:10C31000882381F2BACF80916A0B10926A0B88232E
:10C3200009F459CF08E41BE224E031E050E040E09A
:10C3300067E77BE086E19DE00F945C77D093090787
:10C340008091690B882309F446CF9FCFC33009F051
:10C350005BCF8091730B8330B9F080916A028823A0
:10C3600009F4AFC011E08091730B833009F010E045
:10C370008091B5119091B6110E94F8AE00E09C0139
:10C3800042E15DE06C2D3DCF80916A0B10926A0B0B
:10C39000882319F301E311E02CE830E050E040E09D
:10C3A00065EB71E182E19DE00F945C77D093090722
:10C3B0008091690B882389F268CF80916A0B109273
:10C3C0006A0B882309F436CF69E875E288E09DE0BE
:10C3D0000F949677D09309078091690B882309F40D
:10C3E00029CF53CFC53091F58091730B8530B9F0CB
:10C3F00080916A02882309F433CF11E08091730B96
:10C40000853009F010E08091190290911A020E9483
:10C41000F8AE00E09C0143E05DE06E2D1ECF809100
:10C420006A0B10926A0B882319F306E615E227EED1
:10C4300033E04AE050E069E172E083E09DE00F9470
:10C440005C778091690B882399F21FCFC63009F081
:10C4500007CF1092950B1092940B1092930B1092A1
:10C46000920BB092910B8091730B863091F080917A
:10C470006A02882309F4F4CE81E09091730B963020
:10C4800009F080E023E048EF5CE06F2D0F94097421
:10C49000E7CE80916A0B10926A0B882341F382E306
:10C4A00092E30E94F9B88091690B882301F3EDCEE5
:10C4B0008091DD119091DE119093780B8093770B32
:10C4C000A3CE8091290C8093770BCACE2F923F92F6
:10C4D0004F925F926F927F928F929F92AF92BF9294
:10C4E000CF92DF92EF92FF920F931F93CF93DF9340
:10C4F000D1E08091DD119091DE11892B09F4D0E01B
:10C5000061E081E00E945E2EC091740B6C2E45E0CC
:10C51000742E7C0EFF24F39483E0E82EEC1A82E064
:10C52000982E9C1A5F2C5C1A4C2E419456E1C52E15
:10C5300051E3D52E6BEBA62E6CE0B62E86E0882E4E
:10C540008C1AC11115C08091730B882309F4CAC0DD
:10C5500080916A02882309F46FC181E09091730B86
:10C56000911180E024E043EE5CE0642D0F940974A7
:10C570008091DD119091DE119093780B8093770B71
:10C58000C13009F0EBC08091730B813009F4CBC04E
:10C5900080916A02882309F43FC011E08091730BF7
:10C5A000813009F010E08091770B9091780B0E9418
:10C5B000F8AE00E09C014CED5CE0652D812F0E94FF
:10C5C000D9DE8091290C8093770BC33029F5109226
:10C5D000950B1092940B1092930B1092920B109259
:10C5E000910B8091730B833009F4EFC080916A0244
:10C5F000882391F011E08091730B833009F010E0F3
:10C600008091770B0E9455AF00E09C014EEC5CE0FE
:10C610006E2D812F0E94D9DE10E000E034E0332E31
:10C620002C2E26180093770BC31125C0F801EE0FAE
:10C63000FF1FE15AF14F859194919093950B809350
:10C64000940B1092930B1092920B1092910B80917D
:10C65000730B8C1709F4CEC080916A02882359F0BD
:10C6600081E09091730B931180E023E044EC5CE057
:10C67000622D0F940974832D0F5F1F4F95E0392EA3
:10C68000853081F68091B5119091B611892B19F4FE
:10C69000DD2309F4CFC0C630E9F48091730B8630F6
:10C6A00009F4B9C080916A028823A1F0DF92CF9289
:10C6B000BF92AF928F9281E09091730B963009F008
:10C6C00080E08F930E94502E0F900F900F900F904C
:10C6D0000F900F9087E0D1E0CF5FC71132CF8093EA
:10C6E000680B0EC080916A0B10926A0B882309F4C4
:10C6F0002FCF0E94C1388091690B882309F428CF7D
:10C70000DF91CF911F910F91FF90EF90DF90CF902D
:10C71000BF90AF909F908F907F906F905F904F9061
:10C720003F902F90089580916A0B10926A0B882396
:10C7300009F42ECF0DE41BE224E031E050E040E0AC
:10C7400067E77BE08CED9CE00F945C77C093090772
:10C750008091690B882309F41BCFD2CFC23009F036
:10C7600030CF8091730B8230B9F080916A028823B8
:10C7700009F452CF11E08091730B823009F010E080
:10C780008091B5119091B6110E94F8AE00E09C0125
:10C7900048ED5CE0692D12CF80916A0B10926A0B14
:10C7A000882319F301E311E02CE830E050E040E089
:10C7B00065EB71E188ED9CE00F945C77F0920907DE
:10C7C0008091690B882389F29BCF80916A0B10922C
:10C7D0006A0B882309F40ACF69E875E28EEC9CE0C5
:10C7E0000F949677F09209078091690B882309F4DA
:10C7F000FDCE86CF80916A0B10926A0B882309F4D4
:10C800002BCF8BEC9FE30E94F9B88091690B8823B2
:10C8100009F422CF75CF80916A0B10926A0B88239E
:10C8200009F440CF0E9416318091690B882309F4E6
:10C8300039CF66CF86E050CF8091DD119091DE1127
:10C840009093780B8093770BBCCE4F925F926F9250
:10C850007F928F929F92AF92BF92CF92DF92EF9290
:10C86000FF920F931F93CF93DF9361E081E00E94CB
:10C870005E2EC091740BAC2E85E0982E9C0ED1E0FC
:10C880009AE1C92E9CE0D92E17E01C1B06E00C1B78
:10C8900085E0F82EFC1A84E0E82EEC1A82E0B82E2F
:10C8A000BC1A8D2E8C1A40908D0C50908E0C60907E
:10C8B0008F0C7090900C209155123091561240912F
:10C8C000571250915812C301B2010F94119D20913B
:10C8D000F6063091F7064091F8065091F9060F944C
:10C8E000109D6093FA067093FB068093FC0690936C
:10C8F000FD06C11131C0DD23D9F08091730B1816EC
:10C90000BCF040916F0B5091700B6091710B709166
:10C91000720B4F5F5F4F6F4F7F4F40936F0B509382
:10C92000700B6093710B7093720B8F5F8093730B1E
:10C9300080916A02882349F030E020E045E06EE40F
:10C940007CE08A2D81950E9420DDCF5F9C12ABCFC9
:10C9500088E08093680B96C0C13059F5DD23D9F08B
:10C960008091730B8230BCF440916F0B5091700B2F
:10C970006091710B7091720B4F5F5F4F6F4F7F4FE4
:10C9800040936F0B5093700B6093710B7093720B0D
:10C990008F5F8093730B80916A028823B1F2C30189
:10C9A000B2010E9424B19C0141E06CE47CE0882D3E
:10C9B000CACFC23009F006C11092950B1092940BA9
:10C9C0001092930B1092920BC093910BDD23E1F028
:10C9D0002091730B2330C4F440906F0B5090700B78
:10C9E0006090710B7090720B3FEF431A530A630A09
:10C9F000730A40926F0B5092700B6092710B7092A1
:10CA0000720B2F5F2093730B20916A02222309F48B
:10CA10009CCF0E9424B19C0142E06DE37CE08B2D11
:10CA200092CF89E39CE09093950B8093940B1092A6
:10CA3000930B1092920B1092910B8091730B833099
:10CA400099F080916A02882369F063E06A1981E0B5
:10CA50009091730B933009F080E023E040E35CE0B9
:10CA60000F940974D0E071CF80916A0B10926A0B19
:10CA7000882339F38FEE92E30E94F9B88091690B15
:10CA80008823F9F2DF91CF911F910F91FF90EF90E2
:10CA9000DF90CF90BF90AF909F908F907F906F90DE
:10CAA0005F904F9008958CE29CE09093950B80935B
:10CAB000940B1092930B1092920B1092910B809109
:10CAC000730B843079F080916A02882359F281E0F7
:10CAD0009091730B943009F080E023E040E35CE038
:10CAE0006E2DBECF80916A0B10926A0B882359F38A
:10CAF0008AEE92E30E94F9B88091690B882319F3BA
:10CB0000C1CF80916A0B10926A0B882309F474C01C
:10CB100085EE92E30E94F9B88091690B882309F4AD
:10CB20006BC0B0CFC63019F58091730B863091F091
:10CB300080916A02882309F495CF1F9281E29CE0DC
:10CB40009F938F930F9381E09091730B963021F117
:10CB500080E022C080916A0B10926A0B882341F317
:10CB60000E94E1408091690B882311F38BCFC7307D
:10CB700009F0EBCE8091730B8730B9F080916A0297
:10CB8000882309F46FCF1F92DF92CF921F9381E029
:10CB90009091730B9730E1F68F930E94502E0F9077
:10CBA0000F900F900F900F905DCF80916A0B1092B5
:10CBB0006A0B882319F30E9416418091690B882320
:10CBC000E9F260CFC33009F42CCFC43009F46BCF45
:10CBD000C53009F0A7CF86E29CE09093950B809337
:10CBE000940B1092930B1092920B1092910B8091D8
:10CBF000730B853009F485CF80916A02882309F48C
:10CC000031CF81E09091730B953009F080E023E003
:10CC100040E35CE06F2D24CF2F923F924F925F92C2
:10CC20006F927F928F929F92AF92BF92CF92DF923C
:10CC3000EF92FF920F931F93CF93DF9300D01F9239
:10CC40001F92CDB7DEB780910E0787708A830F944D
:10CC50006A28482E8091140B8770898361E081E0F7
:10CC60000E945E2E2091740B2C833981662463947C
:10CC7000373011F0A2E06A2E7C80472D4B5F4B834A
:10CC800055245394272C2194352C37189C819923B3
:10CC900011F12981273091F13C81313079F5909162
:10CCA000730B913009F45BC080916A02882351F0C4
:10CCB00081E0913009F080E020E246E05CE0632D05
:10CCC0000F9409742A81273009F058C241105AC0C4
:10CCD00032E03D836BC08091730B8823E1F080913B
:10CCE0006A028823B1F281E09091730B911180E088
:10CCF00024E040E15CE0622D0F9409743A81373002
:10CD000009F019C2442009F416C24C81641609F4D2
:10CD1000DFC16D8239C080916A0B10926A0B882343
:10CD2000F1F20E94C1388091690B8823C1F20F9003
:10CD30000F900F900F900F90DF91CF911F910F9157
:10CD4000FF90EF90DF90CF90BF90AF909F908F902B
:10CD50007F906F905F904F903F902F9008958091BB
:10CD60006A0B10926A0B882309F49ECF2AE030E107
:10CD70003093250B2093240B8091690B882309F4B1
:10CD800093CFD5CF82E08D834D814F5F4D838D81D1
:10CD90009C8189130BC08091730B891709F4CDC155
:10CDA00080916A028111DAC12C812D83609149073B
:10CDB00070914A0780914B0790914C076093770BD5
:10CDC0007093780B8093790B90937A0B2D812F5F62
:10CDD0003C81231323C02091730B231709F4D1C185
:10CDE00080916A028823D1F0FC80F71811E08091CD
:10CDF000730B9C81891310E06091770B7091780B15
:10CE00008091790B90917A0B0E94C1B800E09C014F
:10CE100041ED5BE06F2D812F0E94D9DE8D818E5F09
:10CE20002C81821314C09091730B921709F4D6C110
:10CE300080916A02882359F06C81671981E03C81F6
:10CE4000931380E020E24DEB5BE00F9409748D8139
:10CE50008D5F4C81841314C09091730B941709F467
:10CE6000D0C180916A02882359F06C81671981E0F2
:10CE70003C81931380E020E24BEA5BE00F9409745D
:10CE80008D818C5F4C81841344C01092950B10925D
:10CE9000940B1092930B1092920B1092910B809125
:10CEA000730B841709F4C0C180916A02882389F149
:10CEB000BC80B71811E08091730B3C81831310E0A4
:10CEC000C0904D12D0904E12E0904F12F090501240
:10CED00020E030E0A901C701B6010F9429962DEB9F
:10CEE00037E346E055EB87FD04C02DEB37E346E022
:10CEF00055E3C701B6010F94119D43E050E00E9435
:10CF00003FB000E09C014CE95BE06B2D812F0E945B
:10CF1000D9DE8D818B5F4C81841344C01092950BB8
:10CF20001092940B1092930B1092920B5092910BC3
:10CF30008091730B841709F4BCC180916A02882325
:10CF400089F1BC80B71811E08091730B3C81831389
:10CF500010E0C0905112D0905212E0905312F09015
:10CF6000541220E030E0A901C701B6010F942996C0
:10CF70002DEB37E346E055EB87FD04C02DEB37E39F
:10CF800046E055E3C701B6010F94119D43E050E020
:10CF90000E943FB000E09C014CE95BE06B2D812FCB
:10CFA0000E94D9DE8D818A5F4C81841343C0109228
:10CFB000950B1092940B1092930B1092920B82E0AF
:10CFC0008093910B8091730B841709F4B7C1809102
:10CFD0006A02882379F1BC80B71811E08091730B45
:10CFE0003C81831310E0C0905512D0905612E0900F
:10CFF0005712F090581220E030E0A901C701B601A5
:10D000000F9429962DEB37E346E055EB87FD04C0DE
:10D010002DEB37E346E055E3C701B6010F94119DB0
:10D020000E9424B100E09C014CE95BE06B2D812F54
:10D030000E94D9DE8D81895F4C81841316C0809156
:10D04000730B841709F4BFC180916A02882369F0C9
:10D050006C81671981E09091730B2C81921380E0B1
:10D0600023E04DE85BE00F9409748D81885F3C817B
:10D07000831323C08091730B831709F4B5C180918A
:10D080006A028823D1F080E79AE29F938F938EE71C
:10D090009BE09F938F938C8187198F9381E0909170
:10D0A000730B3C81931380E08F930E94502E0F905E
:10D0B0000F900F900F900F900F904C814F5F4C830B
:10D0C0008B818413E3CD9D81975F9093680B2FCE66
:10D0D00090914D079D838091730B861111C08091B3
:10D0E0006A0B10926A0B882359F095259D8383E083
:10D0F00080936A020E944F288091690B811117CE9C
:10D1000080916A02882309F404CE6C81671981E05A
:10D110009091730B2C81921380E03D81332341F079
:10D1200026EF3BE001E049EF5BE00E94D9DEF1CD64
:10D1300022EF3BE0F7CF6D822ACE80916A0B1092EE
:10D140006A0B882309F42CCE87E099EB0E94F9B88A
:10D150008091690B882309F423CEE9CD6C8167198E
:10D1600081E09091730B3C81931380E023E04DEDBF
:10D170005BE00F9409744C814D8318CE82E08D835F
:10D1800015CE20916A0B10926A0B222309F428CE47
:10D190000F94559E1F922DE53BE23F932F93EEE2B5
:10D1A0008E2EEEE49E2E5B016C0114E6E12EF12C36
:10D1B00000E010E020E030E0A90167E77BE081EDCE
:10D1C0009BE00E946A4F509209070F900F900F90BA
:10D1D0008091690B882309F403CEA9CD80916A0B55
:10D1E00010926A0B882309F423CE2CEC3BE0309399
:10D1F000250B2093240B8091690B882309F418CE0A
:10D2000096CD80916A0B10926A0B882309F429CE7F
:10D2100028EB3BE03093250B2093240B8091690B86
:10D22000882309F41ECE83CD80916A0B10926A0B7D
:10D23000882309F439CE20E030E040E251E46091E7
:10D240004D1270914E1280914F12909150120F9486
:10D250008E962AE037ED43E25CE30F94119D0F9424
:10D26000559E5B016C012DE2A20E29E0B21EC11C8D
:10D27000D11C1F921F921F9249E2842E4EE4942EDD
:10D280001BE5E12E12E1F12E00E010E023ED36EF78
:10D290004FEF5FEF6DE472E18CE99BE00E946A4F13
:10D2A0000F900F900F908091690B882309F4FCCDAB
:10D2B0003ECD80916A0B10926A0B882309F43DCE13
:10D2C00020E030E040E251E460915112709152123E
:10D2D00080915312909154120F948E962AE037ED5C
:10D2E00043E25CE30F94119D0F94559E5B016C012A
:10D2F0002DE2A20E29E0B21EC11CD11C1F921F926A
:10D300001F9229E2822E2EE4922E1BE5E12E12E1DD
:10D31000F12E00E010E023ED36EF4FEF5FEF61E517
:10D3200072E18CE99BE00E946A4F0F900F900F9082
:10D330008091690B882309F400CEF9CC80916A0BA7
:10D3400010926A0B882309F442CE20E030E048ECCA
:10D3500052E460915512709156128091571290913B
:10D3600058120F948E962FE632E143E85AE30F9459
:10D37000119D0F94559E5B016C012FECA20E27E0CE
:10D38000B21EC11CD11C1F921F921F9283E3882ED4
:10D390008EE4982E1FE9E12E1FE0F12E00E010E050
:10D3A00021E338EF4FEF5FEF65E572E18CE99BE039
:10D3B0000E946A4F0F900F900F908091690B882305
:10D3C00009F405CEB4CC80916A0B10926A0B8823C5
:10D3D00009F43ACE81E492E30E94F9B88091690B96
:10D3E000882309F431CEA3CC80916A0B10926A0B8A
:10D3F000882309F444CE0E94702A8091690B882307
:10D4000009F43DCE94CCAF92BF92CF92DF92EF92CF
:10D41000FF920F931F93CF93DF9361E081E00E940F
:10D420005E2EC091740B85E0B82EBC0E96E6E92EF8
:10D430009BE0F92ED3E0DC1B2AE0C22E20E1D22EA5
:10D4400012E01C1B01E00C1BAC2EA194C11131C0D9
:10D450008091730B8823B1F080916A02882359F080
:10D4600081E09091730B911180E024E044E75BE050
:10D470006A2D0F940974CF5FBC12E8CF84E08093CB
:10D48000680B0CC080916A0B10926A0B882321F301
:10D490000E94C1388091690B8823F1F2DF91CF910E
:10D4A0001F910F91FF90EF90DF90CF90BF90AF90C2
:10D4B0000895C13011F58091730B813079F080911E
:10D4C0006A028823C1F281E09091730B913009F0D8
:10D4D00080E023E04EEF57E4602FCBCF80916A0BC2
:10D4E00010926A0B882359F384EC9AE60E94F9B8EB
:10D4F0008091690B882319F3D1CFC23081F59091C7
:10D50000730B923071F080916A02882309F4B3CFD3
:10D5100081E0923009F080E020E24AE65BE0612F92
:10D52000A8CF80916A0B10926A0B882361F3D09286
:10D53000250BC092240B8091690B882321F3AECF79
:10D5400080916A0B10926A0B882381F0F092250B70
:10D55000E092240B8091690B882341F09FCFC33068
:10D5600009F089CF9091730B933051F380916A0247
:10D57000882309F480CF81E0933009F080E020E235
:10D5800045E55BE06D2F75CFBF92CF92DF92EF92B2
:10D59000FF920F931F93CF93DF9361E081E00E948E
:10D5A0005E2EC091740B85E0E82EEC0ED4E0DC1BFF
:10D5B00001E092E0F92E13E01C1BDF2CDC1AC02ED8
:10D5C000CC1ABC2EB194C11130C08091730B88234A
:10D5D000B1F080916A02882359F081E09091730B39
:10D5E000911180E024E04EE45BE06B2D0F94097410
:10D5F000CF5FEC12E8CF85E08093680B0CC0809180
:10D600006A0B10926A0B882321F30E94C138809123
:10D61000690B8823F1F2DF91CF911F910F91FF9059
:10D62000EF90DF90CF90BF900895C13061F51092D8
:10D63000950B1092940B1092930B1092920B1092E8
:10D64000910B8091730B813079F080916A0288236D
:10D6500079F281E09091730B913009F080E023E042
:10D660004FE058E46C2DC2CF80916A0B10926A0B88
:10D67000882359F38FEB98E20E94F9B88091690BE7
:10D68000882319F3C8CFC23009F069C01092950BF6
:10D690001092940B1092930B1092920B0093910B9B
:10D6A0008091730B823081F080916A02882309F4A3
:10D6B0009FCF81E09091730B923009F080E023E0DE
:10D6C0004FE058E46D2D92CF80916A0B10926A0B57
:10D6D000882351F38AEB98E20E94F9B88091690B94
:10D6E000882311F398CF1092950B1092940B1092FF
:10D6F000930B1092920BF092910B8091730B8330ED
:10D7000081F080916A02882309F472CF81E09091C0
:10D71000730B933009F080E023E04FE058E4612F71
:10D7200065CF80916A0B10926A0B882351F385EBC9
:10D7300098E20E94F9B88091690B882311F36BCFAE
:10D7400080916A0B10926A0B882391F08DE992E325
:10D750000E94F9B88091690B882351F05CCFC330E7
:10D7600011F2C43009F044CF8091730B843041F33F
:10D7700080916A02882309F43BCF81E09091730B7A
:10D78000943009F080E023E040E45BE06D2F2ECF81
:10D790002F923F924F925F926F928F929F92AF9291
:10D7A000BF92CF92DF92EF92FF921F93CF93DF93BE
:10D7B00000D000D0CDB7DEB780913308512C811155
:10D7C00003C00F947229582E8091731184FB222775
:10D7D00020F92983212C84FF03C00F944129282E8E
:10D7E00061E081E00E945E2E8091740B8D83682E33
:10D7F0008B5F8A831E828CEAE82E8AE0F82E81E015
:10D80000482E4618962D91959B8398E5C92E9FE446
:10D81000D92E29ECA22E2AE0B22E82E086198C8322
:10D8200083E0382E361830E6832E3AE0932E8A8134
:10D830009D81891709F4D3C2992341F1511078C011
:10D840000F945A29882309F4CAC19D81913009F4A3
:10D850007CC112E08D81811398C18091730B9D81F1
:10D86000891709F4BEC180916A02882309F48DC129
:10D870006D81661981E09091730B2D81921380E088
:10D8800023E045EA5AE00F9409747FC18091730B3D
:10D89000882359F180916A02882381F281E0909176
:10D8A000730B911180E024E045ED5AE06B810F94F9
:10D8B0000974552029F214E08D8181135BC0909189
:10D8C000730B981709F4AEC180916A02882309F49A
:10D8D00051C06D81661981E02D81921380E023E0B3
:10D8E00045E85AE00F94097445C080916A0B109284
:10D8F0006A0B882379F20E94C1388091690B8823D2
:10D9000049F226960FB6F894DEBF0FBECDBFDF9169
:10D91000CF911F91FF90EF90DF90CF90BF90AF908D
:10D920009F908F906F905F904F903F902F900895B1
:10D930002D81213009F4A8C0223009F4D0C08D8196
:10D94000833009F0B8CF8091730B833009F4ECC0B9
:10D9500080916A02882309F4AECF81E09091730B25
:10D96000933009F080E023E049EB5AE0632D0F94F7
:10D97000097414E081E0810F9D81891316C08091A4
:10D98000730B891709F475C180916A02882369F0C5
:10D990006D81661981E09091730B2D81921380E067
:10D9A00023E049E75AE00F94097482E0810F9D81DA
:10D9B000891316C08091730B891709F46BC180918C
:10D9C0006A02882369F06D81661981E09091730B7A
:10D9D0002D81921380E023E04BE65AE00F94097406
:10D9E00083E0810F9D81891316C08091730B891785
:10D9F00009F461C180916A02882369F06D8166191A
:10DA000081E09091730B2D81921380E023E044E636
:10DA10005AE00F94097484E0810F8E83511030C056
:10DA200021102AC09981992309F4A6C1809173110C
:10DA300084FF1AC02E818D81281314C09091730B1E
:10DA4000981709F449C180916A02882359F06D81C1
:10DA5000661981E02D81921380E020E240E55AE0D2
:10DA60000F9409741B5F1E838091731184FD46C15E
:10DA70008091090180FF6FC18091690B811141CFB5
:10DA80002D812F5F2D83D3CE8091730B8130D1F008
:10DA900080916A02882309F40ECFDF92CF92BF9261
:10DAA000AF924F9281E09091730B913009F080E03A
:10DAB0008F930E94502E0F900F900F900F900F9009
:10DAC0000F90F9CE80916A0B10926A0B882301F3B4
:10DAD0000E94584F8091690B8823D1F212CF809118
:10DAE000730B823091F080916A02882309F4E3CEAF
:10DAF00081E09091730B923009F080E023E04EEBCF
:10DB00005AE06C810F940974D6CE80916A0B109202
:10DB10006A0B882341F38EE09DE40E94F9B880915E
:10DB2000690B882301F3EDCE80916A0B10926A0B8A
:10DB3000882309F40DCF89E990E60E94F9B8809115
:10DB4000690B882309F404CFDCCE8091730B8130FC
:10DB5000C1F180916A02882309F47BCE89EC98E2B6
:10DB60009F938F93FF92EF924F9281E09091730B6E
:10DB7000913009F080E08F930E94502E0F900F900B
:10DB80000F900F900F900F9012E081E0810F9D8118
:10DB9000891315C08091730B8917A1F180916A02D6
:10DBA000882369F06D81661981E09091730B2D8156
:10DBB000921380E023E045E95AE00F9409741E5F58
:10DBC0007BCE80916A0B10926A0B882311F20E941F
:10DBD000C9288091690B882309F4BBCF92CE11E04C
:10DBE00039CE80916A0B10926A0B882309F43BCEE0
:10DBF00083E09AE60E94F9B88091690B882309F4C2
:10DC000032CE7FCE80916A0B10926A0B882331F25C
:10DC10008CE096E60E94F9B88091690B882309F49C
:10DC2000BDCF6FCE80916A0B10926A0B882309F4E6
:10DC30004BCE0E94654E20E040E070E060E080EF57
:10DC40009CE426960FB6F894DEBF0FBECDBFDF91E1
:10DC5000CF911F91FF90EF90DF90CF90BF90AF904A
:10DC60009F908F906F905F904F903F902F900C946B
:10DC7000B53080916A0B10926A0B882309F484CE28
:10DC800086E692E60E94F9B88091690B882309F430
:10DC90007BCE37CE80916A0B10926A0B882309F4F1
:10DCA0008ECE83EF9EE60E94F9B88091690B88239F
:10DCB00009F485CE26CE80916A0B10926A0B8823D8
:10DCC00009F498CE84E691E70E94F9B88091690B37
:10DCD000882309F48FCE15CE80916A0B10926A0BBF
:10DCE000882309F4B0CE9092250B8092240B80916A
:10DCF000690B882309F4A7CE8D811CC08E819D817C
:10DD0000891316C08091730B2E818217A9F0809120
:10DD10006A02882369F06D81661981E09091730B26
:10DD20002D81921380E023E04CE35AE00F940974B4
:10DD30008E818F5F8E83A0CE80916A0B10926A0BCA
:10DD4000882329F38AEB94E70E94F9B88091690B44
:10DD50008823E9F291CE9E812D819213E9CF8091A3
:10DD6000730B8913D4CF80916A0B10926A0B8823AE
:10DD700071F284EF92E3E8CF80910901809109016B
:10DD800080FD7ACE9E812D81921315C08091730BF8
:10DD90008217A1F080916A02882369F06D8166196B
:10DDA00081E09091730B2D81921380E023E04CE38E
:10DDB0005AE00F9409741B5F1E835ECE80916A0B3C
:10DDC00010926A0B882331F384EF92E30E94F9B832
:10DDD0008091690B8823F1F29D819E834DCE8E81C7
:10DDE0008093680B8ECD2F923F924F925F926F92ED
:10DDF0007F928F929F92AF92BF92CF92DF92EF92DB
:10DE0000FF920F931F93CF93DF9300D01F92CDB754
:10DE1000DEB70F947929682E61E081E00E945E2EC2
:10DE20002091740B2B8362E0762E611002C053E0C8
:10DE3000752E1B81812F8B5F898355245394952DDB
:10DE4000911B9A8382E0482E411A312E319421EEA3
:10DE5000822E22EF922E30E7C32E3AE2D32E46E1F5
:10DE6000A42E47E0B42E8B8181113EC18091730BAB
:10DE70008823E9F080916A028823E1F181E09091A2
:10DE8000730B911180E024E047E857E0632D0F9475
:10DE900009742B81721209C08091730B871509F4E4
:10DEA0006AC180916A02811177C17C8233C08091FE
:10DEB0006A0B10926A0B8823E9F20E94C1388091A4
:10DEC000690B8823B9F20F900F900F900F90DF919C
:10DED000CF911F910F91FF90EF90DF90CF90BF9067
:10DEE000AF909F908F907F906F905F904F903F90FA
:10DEF0002F9008956110CDCF2B81223051F6809163
:10DF0000730B823009F417C180916A02811124C118
:10DF100083E08C838C818F5F9B8189131EC08091ED
:10DF2000730B891709F446C180916A028823A9F00E
:10DF3000EB80E11AFF24F3948091730B2B81821301
:10DF4000F12C80915D020E942CAF00E09C014CE41A
:10DF500057E06E2D8F2D0E94D9DE8C818E5F9B81C4
:10DF6000891309C08091730B891709F43BC1809113
:10DF70006A02811151C18C818D5F8C83F12CE12C5F
:10DF80002B80211A9B812C81921327C0F701EE0F61
:10DF9000FF1FE15AF14F859194919093950B8093D7
:10DFA000940B1092930B1092920BE092910B809134
:10DFB000730B9B81891709F449C180916A028823F8
:10DFC00061F081E09091730B2C81921380E023E04B
:10DFD00045E257E0622D0F9409740C8181E0800FB7
:10DFE0008C83EA94EF2809F02DC12B8182131FC086
:10DFF0008091730B821709F43AC180916A028823D9
:10E00000B1F0DF92CF92BF92AF928B81811B8F9341
:10E0100081E09091730B2B81921380E08F930E948B
:10E02000502E0F900F900F900F900F900F9082E056
:10E03000800F611050C09B81891323C08091730BA6
:10E04000891709F423C180916A028823D1F083E7FC
:10E050009AE29F938F9388E097E09F938F938B81B1
:10E06000811B8F9381E09091730B2B81921380E041
:10E070008F930E94502E0F900F900F900F900F9043
:10E080000F9083E0800F9B81891323C08091730BD5
:10E09000891709F40AC180916A028823D1F085E6C4
:10E0A0009AE29F938F9387EF96E09F938F938B8154
:10E0B000811B8F9381E09091730B2B81921380E0F1
:10E0C0008F930E94502E0F900F900F900F900F90F3
:10E0D0000F9084E0800F9B819F5F9B832981921327
:10E0E000C2CE8093680BEFCE9B81913009F002CFB6
:10E0F0008091730B813081F080916A02882309F44A
:10E10000F9CE81E09091730B913009F080E023E02B
:10E1100045E757E06A81BBCE80916A0B10926A0B8B
:10E12000882351F38EE792E70E94F9B88091690B3A
:10E13000882311F3C8CE80916A0B10926A0B882352
:10E1400009F4E2CE83ED95E40E94F9B88091690B61
:10E15000882309F4D9CEB7CE81E09091730B923029
:10E1600009F080E023E04DE657E0642D0F94097438
:10E1700093E09C83CFCE80916A0B10926A0B882328
:10E1800009F48FCE85E197E40E94F9B88091690B7C
:10E19000882309F486CE97CE6B81611B81E0909134
:10E1A000730B2B81921380E023E049E557E00F9435
:10E1B00009747BCE80916A0B10926A0B882309F454
:10E1C000B3CE23E336E246EE6DE572E08CE497E0F1
:10E1D0000F94E077509209078091690B882309F426
:10E1E000A3CE71CE80916A0B10926A0B882309F43A
:10E1F000BECE8091330785258093330783E08093DB
:10E200006A028114910411F00E94E1F28091690B7D
:10E21000882309F4ACCE57CE6B81611B81E09091CD
:10E22000730B2B81921380E0909133072CE337E03E
:10E23000911102C028E337E001E04FE357E00E946C
:10E24000D9DE99CEEE24E394F12C9CCE80916A0B1A
:10E2500010926A0B882309F4B0CE84E898E40E94F7
:10E26000F9B88091690B882309F4A7CE2CCE809150
:10E270006A0B10926A0B882309F4BFCE0E94702AA1
:10E280008091690B882309F4B8CE1DCE80916A0B6A
:10E2900010926A0B882309F4D6CE0E94732A8091CB
:10E2A000690B882309F4CFCE0ECE80916A0B1092B1
:10E2B0006A0B882309F4EFCE0E94652A8091690BCE
:10E2C000882309F4E8CEFFCD7F928F929F92AF9280
:10E2D000BF92CF92DF92EF92FF920F931F93CF9353
:10E2E000DF9361E081E00E945E2EC091740B85E0B7
:10E2F000982E9C0ED4E0DC1B13E0812E8C1A97E044
:10E30000E92E9AE0F92E82E0B82EBC1A29EDC22E31
:10E3100020E0D22E81E0A82EAC1A7C2E7194C1117F
:10E3200014C08091730B882331F180916A02882395
:10E3300009F4DFC081E09091730B911180E024E03B
:10E340004DE15AE0672D0F94097480910C08809379
:10E35000770BC13009F053C09091730B913029F1C4
:10E3600080916A02811136C0CF5F9C12D8CF85E0C0
:10E370008093680B0CC080916A0B10926A0B882303
:10E38000A1F20E94C1388091690B882371F2DF915C
:10E39000CF911F910F91FF90EF90DF90CF90BF90A2
:10E3A000AF909F908F907F90089590916A0B1092FC
:10E3B0006A0B9923A9F28C278093770B10936A023A
:10E3C000C114D10411F00F941D198091690B882399
:10E3D00039F2DDCF81E09091730B913009F080E04C
:10E3E0009091770B23E13AE0911102C02FE03AE0DF
:10E3F00001E046E15AE06A2D0E94D9DEB5CFC23075
:10E4000059F58091730B8230C1F080916A028823A4
:10E4100009F4AACF1F92FF92EF92BF9281E09091F0
:10E42000730B923009F080E08F930E94502E0F9072
:10E430000F900F900F900F9097CF80916A0B1092D2
:10E440006A0B882311F30F94391910936A02809193
:10E45000690B8823D1F29BCFC330A1F58091730B58
:10E46000833091F080916A02882309F47DCF81E0A6
:10E470009091730B933009F080E023E049EF59E06D
:10E48000682D0F94097470CF80916A0B10926A0BFB
:10E49000882341F385EA91E40E94F9B88091690BE1
:10E4A000882301F374CF80916A0B10926A0B882342
:10E4B00081F08AE893E40E94F9B88091690B88237F
:10E4C00041F065CFC43009F04FCF8091730B843099
:10E4D00051F380916A02882309F446CF81E090913C
:10E4E000730B943009F080E023E04BEE59E06D2F80
:10E4F000C8CF80910C088093770B36CF2F923F9234
:10E500004F925F926F927F928F929F92AF92BF9243
:10E51000CF92DF92EF92FF920F931F93CF93DF93EF
:10E5200000D01F921F92CDB7DEB70F947929382EF5
:10E5300061E081E00E945E2E2091740B2C833320D9
:10E5400079F185E08D837C80272D2B5F298385E001
:10E5500087198A8384E087198B8383E0682E671884
:10E5600082E0582E571881E0482E4718272C219416
:10E570002C8121113CC08091730B8823A1F08091E4
:10E580006A02882309F454C081E09091730B9111C1
:10E5900080E024E046E556E0622D0F94097448C0FF
:10E5A00096E09D83D0CF80916A0B10926A0B8823EE
:10E5B00031F30E94C1388091690B882301F30F90D9
:10E5C0000F900F900F900F90DF91CF911F910F91AF
:10E5D000FF90EF90DF90CF90BF90AF909F908F9083
:10E5E0007F906F905F904F903F902F9008958C8117
:10E5F000813009F081C08091730B813009F467C0CC
:10E6000080916A028823A1F01F9285E496E09F938F
:10E610008F934F9281E09091730B913009F080E0DD
:10E620008F930E94502E0F900F900F900F900F908D
:10E6300031109EC08C81853009F09AC08091730B97
:10E64000853009F4F7C080916A02811104C116E097
:10E6500081E0810F9C81891316C08091730B89170B
:10E6600009F425C180916A02882369F06C816719D9
:10E6700081E09091730B2C81921380E023E04CEFAA
:10E6800055E00F94097482E0810F9C81891315C0B5
:10E690009091730B2C81921709F41AC180916A0230
:10E6A000882359F06C81671981E02C81921380E0F6
:10E6B00023E04AEE55E00F9409748C818F5F8C83C0
:10E6C0009981981355CF1D5F1093680B78CF809177
:10E6D0006A0B10926A0B882309F492CF85EE95E0BD
:10E6E0009093250B8093240B0E9401318091690B3C
:10E6F000882309F485CF63CF8C81823009F010C163
:10E700008091730B823081F080916A02882309F432
:10E710008FCF81E09091730B923009F080E023E07D
:10E7200044E356E0652D39CF80916A0B10926A0B55
:10E73000882351F38FE29AE40E94F9B88091690B23
:10E74000882311F33CCF8091730B833001F18091CA
:10E750006A02882309F46CCF81E09091730B9330A7
:10E7600009F080E023E047E256E0662D0F9409743B
:10E770009D812C81921309C08091730B891709F434
:10E7800077C080916A02811184C01D8161CF809120
:10E790006A0B10926A0B8823D1F282EB92E50E94F9
:10E7A000F9B88091690B882391F209CF80916A0BA7
:10E7B00010926A0B882309F4BFC020E030E04AE7DA
:10E7C00054E460910D0C70910E0C80910F0C90919F
:10E7D000100C0F948E9627E137EB41ED58E30F9420
:10E7E000119D0F94559E5B016C0121E0A21AB108A6
:10E7F000C108D1081F921F921F9280E6882E8EE4D6
:10E80000982E1BE2E12EFF24F39400E010E021E0BB
:10E8100030E040E050E06DE07CE08AE196E00E946C
:10E820006A4F0F900F900F908091690B882309F425
:10E8300083C0C5CE80916A0B10926A0B882309F4BD
:10E8400002CF86E191E50E94F9B88091690B882397
:10E8500009F4F9CEB4CE81E09091730B953009F0B4
:10E8600080E023E041E156E06A810F940974EFCE25
:10E8700080916A0B10926A0B882309F482CF8CED89
:10E880009FE40E94F9B88091690B882309F479CF3D
:10E8900096CE6C81671981E09091730B2C81921355
:10E8A00080E023E045E056E00F9409746ECF80913C
:10E8B0006A0B10926A0B882309F4D4CE88E995E597
:10E8C0000E94F9B88091690B882309F4CBCE77CEEA
:10E8D00080916A0B10926A0B882309F4DFCE0E94A4
:10E8E000654E20E040E070E060E08CE29DE40F9037
:10E8F0000F900F900F900F90DF91CF911F910F917C
:10E90000FF90EF90DF90CF90BF90AF909F908F904F
:10E910007F906F905F904F903F902F900C94B53008
:10E920002C81233009F40FCF243009F081CE80915F
:10E93000730B843009F43ACF80916A02882309F47A
:10E9400077CE11E08091730B843009F010E0609174
:10E950000D0C70910E0C80910F0C9091100C0E9478
:10E96000F42600E09C014AE156E06B81812F0E9471
:10E97000D9DEFECE2F923F924F925F926F927F929E
:10E980008F929F92AF92BF92CF92DF92EF92FF92BF
:10E990000F931F93CF93DF93CDB7DEB7EC970FB6EE
:10E9A000F894DEBF0FBECDBF80910407882331F0FD
:10E9B0000E9465889093EF068093EE0661E081E007
:10E9C0000E945E2E1091740B312E85E0810F8CAF6A
:10E9D000212E219488EC882E85E2982E92E1692ED2
:10E9E0009BE0792E81E0582E511A111113C08091AD
:10E9F000730B882341F180916A02882359F081E0EA
:10EA00009091730B911180E024E047E15BE0622D6F
:10EA10000F9409748091731186FD5DC084FF5BC003
:10EA2000113009F056C08091730B813089F18091CB
:10EA30006A0281113AC082E01F5F9CAD9113D5CF6D
:10EA40008093680B0CC080916A0B10926A0B88232C
:10EA500091F20E94C1388091690B882361F2EC9693
:10EA60000FB6F894DEBF0FBECDBFDF91CF911F91DF
:10EA70000F91FF90EF90DF90CF90BF90AF909F905D
:10EA80008F907F906F905F904F903F902F90089560
:10EA900080916A0B10926A0B882349F20E94C82564
:10EAA0008091690B882319F2DACF9F928F927F921F
:10EAB0006F925F9281E09091730B913009F080E04A
:10EAC0008F930E94502E0F900F900F900F900F90E9
:10EAD0000F9082E001C081E090916A02992309F4CD
:10EAE000ABCF082FF12CE12C412E4318802F209121
:10EAF000EE063091EF06E216F3060CF09DCF0113FF
:10EB0000BFC00E94658801975C01AE18BF0881ED07
:10EB10009AE10E9461888BE1E1EDFAE1DE019196D4
:10EB200001900D928A95E1F7D12CC12CBE016F5F47
:10EB30007F4FCE0181960F94456F18168CF4CE014D
:10EB400001960E94AC80882389F3AC14BD0409F0BF
:10EB500076C0BE016F5F7F4F84E191E10E94C78064
:10EB6000CE0181960E9404F3A89590917311809133
:10EB7000730B95FF8AC0811374C090916A0B109239
:10EB80006A0B992309F46DC019821C828091D41AF2
:10EB900066EB7AE1882311F061ED7AE121E044E14E
:10EBA00051E1CE0101960E94F788882309F44BC0F9
:10EBB0008BE1FE013196A1EDBAE101900D928A95AB
:10EBC000E1F7809173118F7B80937311A09168118D
:10EBD000AA3080F481E08A0F809368118BE18A9FCC
:10EBE000D0011124A451B54EE1EDFAE101900D924E
:10EBF0008A95E1F78FEF9FEF90933A028093390265
:10EC0000CE0101960E9404F31092740B0E94658855
:10EC1000892B11F581E090E0A0E0B0E080936F0BCC
:10EC20009093700BA093710BB093720B81E0809363
:10EC3000690B1092ED0683E080936A0210CF9FEF7C
:10EC4000C91AD90A73CF0F946C2D64E171E18CEF6E
:10EC50009AE00E9451BDD4CF82E090E0A0E0B0E005
:10EC6000DDCF90916A02992359F0DD24D39481136A
:10EC7000D12C6D2D842D0E94C2D961E0811118C064
:10EC80008FEFE81AF80A0F5F31CF8117A9F0809152
:10EC90006A028823A9F3DD24D3948091730B811336
:10ECA000D12C6D2D842D0E94C2D9882349F360E0B8
:10ECB0008D2D0F94A773E4CF80916A0B10926A0B8D
:10ECC000882329F38AEC9CE40E94F9B88091690BAF
:10ECD0008823E9F2C4CECF9380911111C1E088233B
:10ECE000C9F0809112119091131140910911509126
:10ECF0000A1160910B1170910C11DC01ED91FC91E6
:10ED00000288F389E02D29E03FE01995C82F811191
:10ED100004C0C0E08C2FCF91089540910D11509107
:10ED20000E1160910F11709110114115510561057F
:10ED30007105B9F08091121190911311DC01ED91E0
:10ED4000FC910288F389E02D29E03FE019958823A2
:10ED500001F310920D1110920E1110920F111092DA
:10ED6000101110921111D6CF0F931F93CF93DF93F1
:10ED7000CDB7DEB760970FB6F894DEBF0FBECDBF3C
:10ED80008C01DC01ED91FC910280F381E02DBE014C
:10ED90006F5F7F4F1995882309F464C08981807C57
:10EDA000C9F56F81637070E0762F6627770F770F54
:10EDB0008885B4E08B9FC0011124682B792B89854D
:10EDC0008295869586958370682B6F5F7F4F90E064
:10EDD00080E02A852370220F3B8537FB332730F9EB
:10EDE000232B3E813F70230F3327331F27503109D8
:10EDF00004C0660F771F881F991F2A95D2F7609667
:10EE00000FB6F894DEBF0FBECDBFDF91CF911F913B
:10EE10000F910895803419F568856695669570E0C0
:10EE200090E080E0CB01772766272A85622B098551
:10EE300010E0102F0027012E000C220B330B602B4B
:10EE4000712B822B932B6F5F7F4F8F4F9F4F4AE029
:10EE5000660F771F881F991F4A95D1F7D0CF8BE097
:10EE6000F801848360E070E0CB01C9CF0895FC0114
:10EE7000828108954F925F926F927F928F929F92BC
:10EE8000AF92BF92CF92DF92EF92FF92CF93DF9338
:10EE900000D000D0CDB7DEB7DC010D90BC91A02D25
:10EEA000BE83AD8314964D905D906D907C901797C6
:10EEB00018966D917C91072E000C880B990B0F947E
:10EEC0002F966B017C0120E030E0A9010F94299678
:10EED000882381F0A3019201C701B6010F94109D10
:10EEE0006B017C0120E030E040EA51EC0F94299660
:10EEF00087FF08C081E0ED81FE818387C12CD12C82
:10EF00007601B7C020E030E040EA51E4C701B60125
:10EF10000F94389F181664F481E0AD81BE811B9672
:10EF20008C93C12CD12C9FE7E92E93E4F92EA1C03C
:10EF3000ED81FE818385882349F0148A158A168A1B
:10EF4000178A108E118E128E138E1386AD81BE819C
:10EF50005C962D913D914D915C915F97C701B601F3
:10EF60000F948E9669837A838B839C83ED81FE81D7
:10EF7000608B718B828B938B20A131A142A153A115
:10EF8000C701B6010F948E96AD81BE8154962D9126
:10EF90003D914D915C9157970F94119D6B017C01B0
:10EFA00020E030E0A9010F94299687FD9AC020E067
:10EFB00030E04FE753E4C701B6010F94389F1816AD
:10EFC0000CF493C0ED81FE81C48AD58AE68AF78A63
:10EFD000808C918CA28CB38CA30192016485758581
:10EFE000868597850F94109DAD81BE8194962D9155
:10EFF0003D914D915C9197970F948E96A501940148
:10F000000F94109D20ED3CEC4CE45DE30F948E9644
:10F01000A50194010F94119D4B015C01ED81FE81CE
:10F02000808E918EA28EB38EA701960169817A811E
:10F030008B819C810F94119DA50194010F94119DCA
:10F0400020E030E0A9010F94119D6B017C0120E0CC
:10F0500030E0A9010F94299687FD50CF20E030E0E1
:10F060004FE753E4C701B6010F94389F18160CF40C
:10F0700058CFAD81BE811C964D925D926D927C926F
:10F080001F9720E030E0A901C701B6010F9429962F
:10F0900087FD32C020E030E04FE753E4C701B601FE
:10F0A0000F94389F181634F4C12CD12C8FE7E82E1A
:10F0B00083E4F82EC701B60126960FB6F894DEBF9A
:10F0C0000FBECDBFDF91CF91FF90EF90DF90CF903B
:10F0D000BF90AF909F908F907F906F905F904F9078
:10F0E0000895C12CD12C76016DCFC12CD12C2FE7E6
:10F0F000E22E23E4F22E66CFC12CD12C7601DACF9A
:10F10000CF93DF93C091DD11D091DE1181E0CE313C
:10F11000D105E4F020E030E040E05FE36091D911F8
:10F120007091DA118091DB119091DC110F94119D97
:10F130000F94559E6C1B7D0B77FF03C071956195F5
:10F14000710981E0633071050CF080E0DF91CF91AF
:10F150000895FC0190E1A5E3B9E001900D929A9524
:10F16000E1F708950F931F9320913502203148F065
:10F17000F4E09695879577956795FA95D1F722955E
:10F180002F70243048F0E2E0969587957795679543
:10F19000EA95D1F726952695223020F09695879509
:10F1A00077956795611528E0720781059105C8F08C
:10F1B00081114BC023E0729FA00111244E59534E80
:10F1C000FA0125913491FA013296E4916E9F412D16
:10F1D0001124000C411DC901841B91091F910F913D
:10F1E0000895613271058105910550F160527109F0
:10F1F000810991098B019C0183E03695279517952C
:10F2000007958A95D1F7000F111F000F111F0E5996
:10F21000174EF80125913491F80132964591549199
:10F220006770649FC001659F900D112443E096951F
:10F2300087954A95E1F7A901481B590BCA01CECF22
:10F24000E2E6F8E185919491C9CF8EE190E0C6CFD6
:10F25000EF92FF920F931F93E0925007F0925107A5
:10F26000009352071093530760930808709309089E
:10F2700080930A089FEFFF27621B730B840B30F407
:10F28000809570956195790B890B99279093B70AB2
:10F29000A6E06A9F0092AB0A512DEE277A9F500D8F
:10F2A000E11D8A9FE00D5093AC0AE093AD0AAFE0F8
:10F2B0006A9F0092AF0A512DEE277A9F500DE11DF3
:10F2C0008A9FE00D5093B00AE093B10AAAE06A9FCA
:10F2D0000092B30A512DEE277A9F500DE11D8A9FAF
:10F2E000E00D5093B40AE093B50A1F910F91FF907F
:10F2F000EF9008959F92AF92BF92CF92DF92EF92DC
:10F30000FF920F931F93CF93DF9300D01F921F9212
:10F31000CDB7DEB7E3EBF3E10027BB27462F572F2E
:10F32000A82FAA2341F4A52F542FB85FAA2319F4BC
:10F33000A52F5527B85FA03138F45295A295452FD7
:10F340004F70507FA42BBC5FA03428F4550FAA1F28
:10F35000550FAA1FBE5FA03818F4550FAA1FB3950A
:10F36000550FAA1FEA0FF01F449151E0AA27B85089
:10F3700079F1C0F0B0FF02C0440F551FB1FF04C0C7
:10F38000440F551F440F551FB2FF06C052954295BA
:10F39000142F1F70407F512BB3FF1AC0A52F542F7D
:10F3A000442716C0B195B0FF02C055954795B1FFEF
:10F3B00004C05595479555954795B2FF05C05295A0
:10F3C000407F4295452B5F70B3FF02C0452F552704
:10F3D000DD24CC24BB24B2E0649FD018C108B00A5D
:10F3E000B00B749FC018B108B00B849FB018B1095E
:10F3F000659FC018B108B00B759FB018B109859F03
:10F40000B0196A9FB018B1097A9FB0194D9DA12C0F
:10F4100099243327992722275D9DA00C911C301F2A
:10F42000901F201FAD9D900C311D901F201F4C9DE3
:10F43000A00C911C301F901F201F5C9D900C311D53
:10F44000901F201FAC9D300D911D201F4B9D900CD7
:10F45000311D901F201F5B9D300D911D201FAB9D06
:10F46000900D211D4B9F300D911D201F5B9F900D16
:10F47000211DAB9F200DB1E0BB24CC24DD24639F74
:10F48000D018C108B00AB00B739FC018B108B00BF8
:10F49000839FB018B109699FC018B108B00B799F5C
:10F4A000B018B109899FB019629FB018B109729F55
:10F4B000B019D61AC70AB80A20F0B1E03B0F901F66
:10F4C000201F1124792F632F90E0822F0F900F902F
:10F4D0000F900F900F90DF91CF911F910F91FF90A0
:10F4E000EF90DF90CF90BF90AF909F900895CF9214
:10F4F000DF92EF92FF92C0904407D0904507E090D2
:10F500004607F090470780914807882309F44FC0C9
:10F5100020E030E0A901C701B6010F9429968823A5
:10F5200009F445C020E030E040E05FE3C701B601E8
:10F530000F948E969B01AC010F948E962BED3FE0BD
:10F5400049E450E40F948E969B01AC0160E070E0BA
:10F5500080E89FE30F94ED9D6B017C01C0922B0727
:10F56000D0922C07E0922D07F0922E07609119029D
:10F5700070911A02072E000C880B990B0F942F968E
:10F580002AE037ED43E25CE30F948E96A7019601E3
:10F590000F948E9660936D0270936E0280936F024B
:10F5A00090937002FF90EF90DF90CF900895C12C60
:10F5B000D12C80E8E82E8FE3F82ED0CFFC017081AB
:10F5C000472F50E0062E02C0559547950A94E2F762
:10F5D00040FF14C040910E0750E0062E02C0559522
:10F5E00047950A94E2F740FF09C021E030E001C0EE
:10F5F000220F6A95EAF72095272320830895DC01DE
:10F60000ED91FC911197208130E012968C91F901D7
:10F6100002C0F595E7958A95E2F7CF0181700895CC
:10F62000FC0184910895FC0180810895CF93DF93BC
:10F63000C091DD11D091DE11209729F16091D9118F
:10F640007091DA118091DB119091DC110F94559E2D
:10F650006E5F7F4F24976C177D07ACF470932E0874
:10F6600060932D080F948E79605C73468F4F9F4F87
:10F6700060932F087093300880933108909332087C
:10F68000DF91CF91089510922F08109230081092B8
:10F69000310810923208F4CFCF93DF93EC018D81C3
:10F6A0000F94163B60E08B81DF91CF910D94187819
:10F6B000DF92EF92FF920F931F93CF93DF938C0112
:10F6C000C62FD22FF32EE42ED52EE6DF0F94D47959
:10F6D0008C2F80640F940A3B8D2D0F940A3B8E2D46
:10F6E0000F940A3B8F2D0F940A3B8D2F0F940A3BEA
:10F6F00087E8C11101C085E90F940A3BCC3011F4B1
:10F700000F940F3BC0E00F940F3BF801868387FFF7
:10F7100004C0CF3F11F0CF5FF6CFDF91CF911F91A3
:10F720000F91FF90EF90DF90089561E0FC018381DD
:10F730000F9418788FEF0D940A3B0F931F93CF937C
:10F740008C01AADF0F94D479C82F81110AC082E1FD
:10F75000F8018483C801E9DF8C2FCF911F910F91AD
:10F7600008958DEF0F940A3B0F94D479C82FF2CFF0
:10F770008F929F92AF92BF92CF92DF92EF92FF92C1
:10F780000F931F93CF93DF93EC016A017B01590123
:10F7900020E030E0A90167E38BDFA501980167E174
:10F7A000CE0186DF811125C08F81833039F089E059
:10F7B000CC0CDD1CEE1CFF1C8A95D1F7A70196012D
:10F7C00069E1CE0175DF11E0882319F010E087E0D0
:10F7D0008C83CE01AADF812FDF91CF911F910F91F2
:10F7E000FF90EF90DF90CF90BF90AF909F908F9061
:10F7F000089589E08C8310E0ECCFCF93DF93EC0188
:10F800006EBDFA01CA019E5F0DB407FEFDCF2081D7
:10F810002EBD0DB407FEFDCF21812EBD3296E81717
:10F82000F90791F70DB407FEFDCF8FEF0F940A3B58
:10F830008FEF0F940A3B0F940F3B8E838F718530AF
:10F8400041F083E18C83CE0170DF80E0DF91CF91C6
:10F85000089581E0FBCFEF92FF921F93CF93DF9348
:10F86000EC017B0119DF0F94D479182F81110BC0A3
:10F8700085E18C83CE0159DF812FDF91CF911F91DC
:10F88000FF90EF900895A7016CEFCE01B6DF182F1F
:10F89000F1CF0F931F93CF93DF93EC0189018F81F9
:10F8A000833039F089E0440F551F661F771F8A9512
:10F8B000D1F79A01AB0168E1CE01FADE882321F08D
:10F8C00086E08C8310E007C0A8016EEFCE0195DFC3
:10F8D000811109C011E0CE0128DF812FDF91CF9186
:10F8E0001F910F9108950F94D479182F811103C09F
:10F8F00087E18C83F0CF20E030E0A9016DE0CE01FC
:10F90000D7DE811104C00F940F3B882319F386E1E1
:10F91000D8CF1F93CF93DF93EC01BEDE20E030E021
:10F92000A9016CE0CE01C4DE11E0882319F010E0DB
:10F9300083E08C83CE01F9DE812FDF91CF911F917F
:10F9400008951F93CF93DF93EC018F81833039F0BB
:10F9500089E0440F551F661F771F8A95D1F79A01DA
:10F96000AB0162E1CE01A4DE11E0882319F010E0C2
:10F9700085E08C83CE01D9DE812FDF91CF911F915D
:10F9800008958F929F92AF92BF92EF92FF920F9342
:10F990001F93CF93DF938C01EB017A010F948E7943
:10F9A0004B015C012CE2820E21E0921EA11CB11CD5
:10F9B0000F940F3BF80186838F3FA1F40F948E794B
:10F9C000A5019401261B370B480B590BDA01C9011D
:10F9D000181619061A061B065CF381E1F8018483E8
:10F9E000C0E021C08E3F69F5F1E0EF1AF1088FEF1A
:10F9F0008EBDFE012FEF0DB407FEFDCF8EB58193B6
:10FA00002EBDCF018C1B9D0B8E159F05A0F30DB451
:10FA100007FEFDCF8EB5CE0DDF1D88830F940F3B03
:10FA20000F940F3BC1E0C80180DE8C2FDF91CF9196
:10FA30001F910F91FF90EF90BF90AF909F908F908C
:10FA400008958FE0CBCF0F931F93CF93DF93EC01FB
:10FA50008B0122DE40E052E0B801CE01DF91CF9170
:10FA60001F910F918ECF0F931F93CF93DF93EC01D4
:10FA700089018F81833039F089E0440F551F661F5B
:10FA8000771F8A95D1F79A01AB0161E1CE0110DEB3
:10FA9000811109C040E052E0B801CE01DF91CF9161
:10FAA0001F910F916ECF84E08C83CE013EDE80E00B
:10FAB000DF91CF911F910F9108958F929F92AF92F6
:10FAC000BF92CF92DF92EF92FF920F931F93CF934B
:10FAD000DF93EC01062F1F821C824B830F948E79DB
:10FAE0006B017C0120EDC20E27E0D21EE11CF11C4F
:10FAF000A89561E08B810F94187861E08B810F9459
:10FB0000AD78209A289A219A2398229A81E00F941E
:10FB1000163B85E08D830F94163B1AE08FEF0F9410
:10FB20000A3B1150D9F7A89520E030E0A90160E028
:10FB3000CE01BEDD8E838130B1F00F948E79A701A6
:10FB40009601261B370B480B590BDA01C901181611
:10FB500019061A061B0644F381E08C83CE01E5DD0D
:10FB60001A8280E074C0A8952AEA31E040E050E0B3
:10FB700068E0CE019DDD853069F581E08F83A89531
:10FB80008F81812C912C5401823029F4812C912C6D
:10FB9000A12C80E4B82E20E030E0A90167E3CE017B
:10FBA00087DDA501940169E2CE0182DD8E83882381
:10FBB00069F10F948E79A7019601261B370B480B2C
:10FBC000590BDA01C901181619061A061B061CF38F
:10FBD0008AE0C3CF14E00F940F3B8E831150D9F706
:10FBE0008A3A11F482E0CACF0F948E79A701960168
:10FBF000261B370B480B590BDA01C90118161906D9
:10FC00001A061B060CF4B0CF82E0A7CF8F8182309A
:10FC1000B9F420E030E0A9016AE3CE0149DD882390
:10FC200011F088E09ACF0F940F3B807C803C11F458
:10FC300083E08F830F940F3B0F940F3B0F940F3B88
:10FC4000CE0173DD81E08A83073070F40D83DF918C
:10FC5000CF911F910F91FF90EF90DF90CF90BF90C9
:10FC6000AF909F908F90089588E18C837ACF0F9307
:10FC70001F93CF93DF93EC018B0120E030E0A901CB
:10FC800069E016DD811109C040E150E0B801CE0104
:10FC9000DF91CF911F910F9174CE80E18C83CE01C3
:10FCA00044DD80E0DF91CF911F910F9108950F9374
:10FCB0000091D90821E002272AED38E041E050E028
:10FCC000BC018CED98E00F94032A0F9108950F93D7
:10FCD0000091D90821E002272AED38E04CE050E0FD
:10FCE000BC018CED98E00F94032A0F9108950F93B7
:10FCF0000091D90821E002272AED38E042E050E0E7
:10FD0000BC018CED98E00F94032A0F9108950F9396
:10FD10000091D90821E002272AED38E048E050E0C0
:10FD2000BC018CED98E00F94032A0F9108950F9376
:10FD30000091D90821E002272AED38E04CE050E09C
:10FD4000BC018CED98E00F94032A0F9108950F9356
:10FD50000091D90821E002272AED38E044E050E084
:10FD6000BC018CED98E00F94032A0F9108950F9336
:10FD700001E02AED38E041E050E0BC018CED98E074
:10FD80000F94032A0F9108950F9301E02AED38E0B4
:10FD900042E050E0BC018CED98E00F94032A0F91F3
:10FDA00008950F93AB010091D90821E002272AEDB5
:10FDB00038E0BC018CED98E00F94032A0F91089570
:10FDC0002AED38E044E050E0BC018CED98E00D9461
:10FDD000772D2AED38E042E050E0BC018CED98E050
:10FDE0000D94772D2AED38E041E050E0BC018CED18
:10FDF00098E00D94772D2AED38E041E050E0BC0109
:10FE00008CED98E00D94772D2AED38E04CE050E031
:10FE1000BC018CED98E00D94772D90915D1280914E
:10FE20005E12981317C08091140B8770873051F0C1
:10FE30001092140B10920E078AE090E19093250B1C
:10FE40008093240B20E040E070E060E084EF9FE7C7
:10FE50000C94B53008958F929F92AF92BF92CF923B
:10FE6000DF92EF92FF920F931F93CF93DF9361E0A6
:10FE700081E00E945E2EC091740B85E0982E9C0E4E
:10FE800091E2E92E90E1F92ED3E0DC1B27E3C22EAC
:10FE900020E1D22E12E01C1B3DE4A32E30E1B32E54
:10FEA00001E00C1B8C2E8194C11133C08091730B27
:10FEB0008823B1F080916A02882359F081E0909103
:10FEC000730B911180E024E04BE950E1682D0F9411
:10FED0000974CF5F9C12E8CF84E08093680B0CC05C
:10FEE00080916A0B10926A0B882321F30E94C1381B
:10FEF0008091690B8823F1F2DF91CF911F910F91CF
:10FF0000FF90EF90DF90CF90BF90AF909F908F9039
:10FF10000895C13001F59091730B913069F0809193
:10FF20006A028823B1F281E0913009F080E020E29A
:10FF30004DE350E1602FCBCF80916A0B10926A0B9A
:10FF4000882369F3B092250BA092240B8091690B52
:10FF5000882329F3D1CFC23081F59091730B923071
:10FF600071F080916A02882309F4B3CF81E0923066
:10FF700009F080E020E248E250E1612FA8CF8091B3
:10FF80006A0B10926A0B882361F3D092250BC09202
:10FF9000240B8091690B882321F3AECF80916A0BEB
:10FFA00010926A0B882381F0F092250BE092240BCB
:10FFB0008091690B882341F09FCFC33009F089CF2E
:10FFC0009091730B933051F380916A02882309F466
:10FFD00080CF81E0933009F080E020E24EE050E1F4
:10FFE0006D2F75CF0C94522B81E080930807809180
:10FFF0006A02882341F030E020E041E06FEF7FE0CB
:020000021000EC
:1000000082E00E9420DD80910E078770873049F5DD
:1000100081E080930707809106076091050770E0F3
:1000200095E0899F600D711D112420E040E085E678
:100030009BE20E94B53010920D0210920E021092B7
:100040000F02109210020E94AC2A80E090E0A0E81B
:10005000BFE380930D0290930E02A0930F02B09322
:10006000100208958BE1E6EBFAE1A1EDBAE101900F
:100070000D928A95E1F780917311806480937311DA
:10008000109268118FEF9FEF90933A02809339029C
:1000900008958091731184FF04C08460877F8093EA
:1000A00073110895CF92DF92EF92FF920F931F93F7
:1000B000CF93DF93CDB7DEB7EDB6FEB6DC010D9082
:1000C0000020E9F79D01281B390B285F3F4FEDB752
:1000D000FEB7E21BF30B0FB6F894FEBF0FBEEDBFE9
:1000E0000DB71EB70F5F1F4F9F938F938FE890E25E
:1000F0009F938F931F930F930F94C2956801F4E021
:10010000CF0ED11C0F900F900F900F900F900F906B
:10011000D6018D916D01882349F0082E000C990BB2
:100120000F9415A1F60131978083F2CF6AE870E24F
:10013000C8010F940695C8010E945E2B0FB6F89473
:10014000FEBE0FBEEDBEDF91CF911F910F91FF90CC
:10015000EF90DF90CF900895FC01938591FD13C03F
:10016000987121E0903109F020E08091731120FB1B
:1001700085F980937311903141F08085873419F4AB
:1001800081858E3711F480E0089581E00895FC01A7
:1001900020E03EE2DB014D91BD01403249F02830C4
:1001A00011F430833196DB0111974C9140833196E5
:1001B0002F5F2B3079F710820895CF92DF92EF9264
:1001C000FF92CF936B017C01C42F80910911909114
:1001D0000A11A0910B11B0910C118C159D05AE0563
:1001E000BF0521F10E946B76811107C080E0CF919D
:1001F000FF90EF90DF90CF90089580911211909131
:100200001311DC01ED91FC910088F189E02D29E0CA
:100210003FE0B701A6011995882341F3C092091167
:10022000D0920A11E0920B11F0920C1181E0CC23D4
:10023000F1F280931111DBCF4F925F926F927F9218
:100240008F929F92AF92BF92CF92DF92EF92FF92E6
:100250000F931F93CF93DF93EC014230510561055B
:10026000710590F480E0DF91CF911F910F91FF9085
:10027000EF90DF90CF90BF90AF909F908F907F9046
:100280006F905F904F90089589859A85AB85BC8566
:100290000196A11DB11D84179507A607B70710F396
:1002A0008F898031C1F5852E962EA72EBB248B8990
:1002B0009C89AD89BE89880E991EAA1EBB1E280185
:1002C00039016A017B0141E0C501B40176DF882371
:1002D00049F29F89903181F5DD24EE24FF24F60157
:1002E000EE0FFF1FE75FF04F118300839A89923072
:1002F00008F4B9CF4D815E816F817885840E951E9B
:10030000A61EB71E80920D1190920E11A0920F1191
:10031000B0921011A8CF803209F0A4CF8B899C89AC
:10032000AD89BE894A015B01E7E0B694A794979432
:100330008794EA95D1F7BFCFE894C7F8DD24EE247F
:10034000FF24F601EE0FFF1FEE0FFF1FE75FF04FD8
:100350004082518262827382C9CFCF92DF92EF9244
:10036000FF920F931F93CF93DF93FC0181859285BA
:10037000A385B4850196A11DB11D84179507A60715
:10038000B70750F480E0DF91CF911F910F91FF905C
:10039000EF90DF90CF90089587898031A9F5BB2732
:1003A000A72F962F852FC388D488E588F6888C0DD3
:1003B0009D1DAE1DBF1DE9016A017B018F014091AA
:1003C000091150910A1160910B1170910C11841751
:1003D0009507A607B70749F5F8018789803161F5C8
:1003E000B701A601552766277727440F551F475F9A
:1003F000504FFA0180819181B0E0A0E08883998319
:10040000AA83BB8381E0BFCF803209F0BBCFC38812
:10041000D488E588F688DB01CA01C7E0B695A795C0
:1004200097958795CA95D1F7C2CF40E0BC01CD0121
:10043000C4DE8111D1CFA6CFB701A6014F775527D2
:1004400066277727440F551F440F551F475F504FAE
:10045000FA0180819181A281B381BF70CFCF4F9289
:100460005F926F927F92AF92BF92CF92DF92EF92A4
:10047000FF920F931F93CF93DF9300D01F92CDB7BE
:10048000DEB78C0149835A836B837C835901C12C6D
:10049000D12C7601412C82E0582E612C712C49819F
:1004A0005A816B817C819E012F5F3F4FC80155DFD0
:1004B000882319F1F8018585A301920104C0220F58
:1004C000331F441F551F8A95D2F7DA01C901C80EA0
:1004D000D91EEA1EFB1E49815A816B817C81878966
:1004E0008031F1F481E0483F5F4F61057105B8F25A
:1004F000F501C082D182E282F3820F900F900F90BB
:100500000F90DF91CF911F910F91FF90EF90DF90AF
:10051000CF90BF90AF907F906F905F904F90089575
:1005200081E0483F5F4F6F4F7F4008F4B8CFE0CF86
:100530000F931F93CF93DF93FC012381222331F08C
:1005400080E0DF91CF911F910F9108958B01EC0115
:10055000FB018789803139F582E08B831D8A1E8AF1
:100560001F8A188E808D918DB0E0A0E025E0880F65
:10057000991FAA1FBB1F2A95D1F7898B9A8BAB8B2A
:10058000BC8B1A8F098F81E08983188619861A8699
:100590001B861C821D821E821F82188A1C861D8655
:1005A0001E861F86CECF803259F683E08B83428D24
:1005B000538D648D758D4D8B5E8B6F8B788F9E0107
:1005C0002F5E3F4FC8014BDF8111DBCFB9CF3F9288
:1005D0004F925F926F927F928F929F92AF92BF9253
:1005E000CF92DF92EF92FF920F931F93CF93DF93FF
:1005F000CDB7DEB72C970FB6F894DEBF0FBECDBFD8
:100600005C01DC0159968D909C90F4018185928566
:10061000A385B4859C01AD012F5F3F4F4F4F5F4FC6
:1006200029873A874B875C87D50114964D905D905A
:100630006D907C901797411451046104710409F482
:1006400058C0BFEF4B1A5B0A6B0A7B0A312C73014F
:1006500062011D821E821F821886F40181859285A7
:10066000A385B4852D813E814F8158852817390790
:100670004A075B0708F054C089859A85AB85BC851D
:100680008C159D05AE05BF0550F482E0C82ED12C17
:10069000E12CF12C92E0492E512C612C712C9E0101
:1006A0002F5F3F4FB701A601C40157DE8823C1F178
:1006B00089819A81AB81BC81892B8A2B8B2B01F19B
:1006C000260137019FEF491A590A690A790A2D81D3
:1006D0003E814F8158852F5F3F4F4F4F5F4F2D8396
:1006E0003E834F8358873FEFC31AD30AE30AF30AC6
:1006F000B4CF408051806280738033243394A7CF7D
:10070000C414D504E604F70411F70FEF1FEF2FEF21
:100710003FE0B701A601C4018FDD782E81111AC018
:10072000712C872D2C960FB6F894DEBF0FBECDBF6F
:10073000DF91CF911F910F91FF90EF90DF90CF90BD
:10074000BF90AF909F908F907F906F905F904F90F1
:100750003F900895F5014481558166817781411567
:1007600051056105710531F097018601C40164DD11
:100770008823B1F2D5011496CD92DD92ED92FC92D0
:100780001797332051F0D701C6010196A11DB11D65
:10079000F40180839183A283B383F50185899689CF
:1007A000A789B08D892B8A2B8B2B09F0BACFC58AEC
:1007B000D68AE78AF08E818180688183B2CFCF9319
:1007C000DF93EC01462F41706C857D858E859F857A
:1007D000F4DC882351F0888920E2829FC001112433
:1007E000875F904FDF91CF91089590E080E0FACF3E
:1007F000CF93DF93EC018B81882341F1898187FFBF
:1008000021C061E0CE01DBDFFC01892BF9F08081A2
:10081000853EE1F08B81823040F489899A89AB89E9
:10082000BC89848F958FA68FB78F8D899E89938F72
:10083000828F8D899E89AF89B88DB58BA48B898174
:100840008F778983DF91CF910C946B7681E08883D9
:1008500080E0DF91CF9108958F929F92AF92BF92E7
:10086000CF92DF92EF92FF920F931F93CF93DF937C
:10087000EC018B8181110EC080E0DF91CF911F913F
:100880000F91FF90EF90DF90CF90BF90AF909F902F
:100890008F90089509891A892B893C8904171507B7
:1008A0002607370748F34A015B01823031F4888616
:1008B0009986AA86BB8681E0E0CF81149104A104C9
:1008C000B10449F4188619861A861B861C821D827B
:1008D0001E821F82F0CF088519852A853B85E98D08
:1008E000FA8D858590E00996B901A801415051091A
:1008F00061097109082E04C076956795579547954B
:100900000A94D2F775016401E1E0CE1AD108E1083A
:10091000F10804C0F694E794D794C7948A95D2F767
:10092000C416D506E606F70620F0012B022B032B92
:1009300009F58D899E89AF89B88D8C839D83AE839F
:10094000BF838E010C5F1F4FC114D104E104F10479
:1009500009F4ADCF4C815D816E817F819801898DD5
:100960009A8DFBDC91E0C91AD108E108F1088111E8
:10097000EBCF82CFC41AD50AE60AF70AE2CF2F924C
:100980003F924F925F926F927F928F929F92AF921F
:10099000BF92CF92DF92EF92FF920F931F93CF936C
:1009A000DF9300D01F92CDB7DEB78C014B011A0147
:1009B000DC0113968C911397813009F0CDC011960C
:1009C0008C9181FFC9C082FDB4C06101D801189625
:1009D0004D915D916D917C911B97C114D10409F4E7
:1009E00017C159968D919C915A97FC0174802FEFF5
:1009F000270D2A013B0139E0769467945794479478
:100A00003A95D1F7722E74207A01F1E0FF2271102D
:100A10001FC0E114F104E1F414964D915D916D91C4
:100A20007C911797411551056105710509F09AC030
:100A300055968D919D910D90BC91A02D0097A1058B
:100A4000B10509F0A7C0C801C2DD882309F484C03C
:100A5000A12C82E0B82EAE18BF08CA14DB0408F43B
:100A60005601D80159964D915C915A9714968D91E3
:100A70009D910D90BC91A02D0297A109B109FA0199
:100A8000258504C0880F991FAA1FBB1F2A95D2F77E
:100A90004685578560897189840F951FA61FB71FEA
:100AA0009C01AD01270D311D411D511D29013A0148
:100AB000A11432E0B30609F07BC080910911909136
:100AC0000A11A0910B11B0910C11481659066A0633
:100AD0007B0669F4109211118FEF9FEFDC01809378
:100AE000091190930A11A0930B11B0930C118091EE
:100AF000121190911311DC01ED91FC910288F389A0
:100B0000E02D9401B301A2011995882329F1F80180
:100B100080859185A285B3858A0D9B1DA11DB11D80
:100B200080879187A287B3878A0C9B1CCA18DB0831
:100B30004DCFF801418952896389748980859185F7
:100B4000A285B385481759076A077B0709F43DCF8B
:100B5000C80182DE811139CF81E0D8018C938FEFFB
:100B60009FEF6CC09E012F5F3F4FF7DB8823A1F3FF
:100B700089819A81AB81BC81F801218D328DF90187
:100B80002789203169F4883FFFEF9F07A105B10550
:100B900008F059CFF80184839583A683B78358CF93
:100BA000883F2FEF9207A2072FE0B20798F34BCFB1
:100BB000E114F10431F5F8014085518562857385B2
:100BC00081899289A389B489481759076A077B07E5
:100BD000C0F00E946B76882309F4BECF81E0809339
:100BE00011114092091150920A1160920B117092EA
:100BF0000C11A501B401C701875F904F0F942AA182
:100C000086CF41E0C301B201D8DA8111F2CFA4CF7F
:100C1000F80181899289A389B48984179507A60769
:100C2000B70738F48181418B528B638B748B80685A
:100C30008183F801818183FD18C0C1010F900F905D
:100C40000F900F90DF91CF911F910F91FF90EF9038
:100C5000DF90CF90BF90AF909F908F907F906F90DC
:100C60005F904F903F902F900895C801C1DD811192
:100C7000E4CF72CF2F923F924F925F926F927F920A
:100C80008F929F92AF92BF92CF92DF92EF92FF929C
:100C90000F931F93CF93DF93EC014B017A018B816C
:100CA000811115C08FEF9FEFDF91CF911F910F91B1
:100CB000FF90EF90DF90CF90BF90AF909F908F907C
:100CC0007F906F905F904F903F902F900895898113
:100CD00080FFE8CF89899A89AB89BC894885598585
:100CE0006A857B85841B950BA60BB70BA70170E06B
:100CF00060E084179507A607B70708F47C01670131
:100D00001E0124E0220E311CC114D10409F4A7C035
:100D1000488559856A857B855A0181E0B822898D8D
:100D20009A8D2A013B0129E0769467945794479461
:100D30002A95D1F72B81FC01223079F5628D738DD4
:100D4000848D958D640D751D861D971D00E012E044
:100D50000A191B09C016D10608F486010115E2E044
:100D60001E0771F44090091150900A1160900B1108
:100D700070900C11641575058605970509F04CC037
:100D800040E01BDA882309F48DCFB501675F704F0F
:100D9000A801C4010F942AA151C01481115014213B
:100DA000A114B10471F411110CC0452B462B472B33
:100DB00051F58D899E89AF89B88D8C839D83AE83D3
:100DC000BF83E98DFA8D4C805D806E807F8022E04C
:100DD000421A510861087108858504C0440C551CED
:100DE000661C771C8A95D2F786859785A089B1897C
:100DF000480E591E6A1E7B1EC301B201610F711D90
:100E0000811D911DA3CF4C815D816E817F819101F8
:100E1000A4DA8111D6CF46CFA0911211B09113114F
:100E2000ED91FC9111970088F189E02D9401AB01BF
:100E3000BC01CD011995882309F434CF800E911E91
:100E400088859985AA85BB85800F911FA11DB11D3D
:100E500088879987AA87BB87C01AD10A55CFC7014F
:100E600023CFCF93DF93EB01FC012381211104C039
:100E700080E0DF91CF9108952250223028F48FE254
:100E80008883198281E0F5CF60E099DC009781F3D7
:100E9000DC0160E080E09EE22D91203299F0883004
:100EA00031F49E01260F311DF90190836F5F9E0181
:100EB000260F311DAD0141505109FA014081F90160
:100EC00040836F5F8F5F8B3039F7FE01E60FF11DB6
:100ED0001082D8CFCF93DF93EC01CB01E881F98169
:100EE00060817181BEDF28813981D901ED91FC914A
:100EF000AA81BB818C919081992359F08936C8F4DD
:100F0000CF010196F901918380838C918F5F8C933F
:100F1000EACF893670F48FE28083E881F98180819D
:100F20009181019691838083EA81FB8180818F5F2B
:100F30008083DF91CF9108950F931F93CF93DF9319
:100F400000D000D01F92CDB7DEB79C012F5F3F4F7E
:100F50003F832E832FE2FC01208381E08D83CE012D
:100F600006969A83898301979C838B8310E00BE11B
:100F700080916811181750F4109FB001112464512A
:100F8000754ECE010196A6DF1F5FF2CF8D818B35A6
:100F900050F46AEF7BE1CE0101969CDF8E819F8148
:100FA00001979F838E83EE81FF81108227960FB673
:100FB000F894DEBF0FBECDBFDF91CF911F910F918F
:100FC0000895CF93DF93EC0113DC1B82DF91CF9167
:100FD000089510923308809173118F778093731165
:100FE0000F944129882319F08AEF9BE1EACF0895F5
:100FF000809173118F7E809373118FEF9FEF909389
:101000003A02809339028091B91A882319F086EB4D
:101010009AE1D7DFE0919211F09193110190F08164
:10102000E02D45E360E082E991E1199581110FC05F
:101030000F946C2D8EE790E20F94032D8091731125
:1010400084FF32C00FD883E080936A02089561E084
:1010500082E991E10F942C6C81110EC060E082E96D
:1010600091E10F942C6C811107C082E390E20F9400
:10107000032D8AE690E2E0CF64E771E186EB9AE126
:1010800057DA811107C082E390E20F94032D89E5BE
:1010900090E2D2CF809173118061809373110F948D
:1010A0006C2D8DE490E2C8CF8091670B882359F2B4
:1010B00041E061E08BE390E20E949B570E94013186
:1010C000C2CF40E050E0BA01C7CB0F931F93CF933C
:1010D000DF93CDB7DEB7EB970FB6F894DEBF0FBE48
:1010E000CDBF8091731184FF3AC0809139029091F5
:1010F0003A0297FF25C08BE1E1EDFAE1DE0191961E
:1011000001900D928A95E1F7CE018196DADF10E029
:1011100000E0BE016F5F7F4FCE0181960F94456F57
:10112000181634F4CE01019617D8080F111DF1CF0F
:1011300010933A0200933902CE0181960E9404F383
:101140008091390290913A02EB960FB6F894DEBF87
:101150000FBECDBFDF91CF911F910F91089590E009
:1011600080E0F2CF0F931F93CF93DF93CDB7DEB71D
:10117000EB970FB6F894DEBF0FBECDBF8C0181EDAB
:101180009AE19FDF8BE1E1EDFAE1DE0191960190BA
:101190000D928A95E1F7BE016F5F7F4FCE01819678
:1011A0000F94456F1816A4F4CE0101960E94AC80EE
:1011B000882389F3BE016F5F7F4F84E191E10E9434
:1011C000C78064E171E1C8010F943AA1892B19F736
:1011D000CE0181960E9404F3EB960FB6F894DEBF21
:1011E0000FBECDBFDF91CF911F910F9108952F9228
:1011F0003F924F925F926F927F928F929F92AF92A7
:10120000BF92CF92DF92EF92FF920F931F93CF93F3
:10121000DF93CDB7DEB7C454D1090FB6F894DEBF63
:101220000FBECDBF7C014B015A01222E19821C82B8
:101230001C8E1F8E6115710511F410E0B1C1DC0127
:1012400013968C918111F9CFFA0180818B018F3235
:10125000C9F4DB0113968C9113978250823058F0B9
:1012600059966D917C91CE014C9662D98E01045EA7
:101270001F4F882311F3C5015C010196F501208100
:101280002F32D1F39E012F5F3F4F6901290130E2D8
:10129000332E2496CFAE24972596DFAE25973E01B8
:1012A0003CE1630E711C22963FAE229721963FAE21
:1012B00021973FAE3EAE3DAE3CAE3BAE3AAE39AE10
:1012C00038AE3FAA950190E047E0D9018D9188237F
:1012D00061F18F3251F18E3239F44A3009F4ADCFD9
:1012E00098E04AE09D01F1CFE2E2F0E2249122236E
:1012F00021F031968213FACFA0CF491708F49DCF81
:10130000813208F49ACF8F3709F497CF3FE9380F2D
:101310003A3108F420EEE7E3F0E0EC0FFD1FE90FAF
:10132000F11D820F80839F5FDDCF8FA9803209F48A
:1013300084CF5901D9018C912F5F3F4F8F32C9F370
:101340008823A1F00815190511F0C8013ADE24968A
:101350009FAD249725968FAD25974C145D0411F40D
:10136000962D872D8601C92ED82E9DCFF801818D0F
:10137000928DD7015A969C938E935997C801A1DEFE
:10138000C12CF80180859185A285B3854189528958
:101390006389748984179507A607B70708F055C0B5
:1013A00025E0B695A795979587952A95D1F7F82FBB
:1013B000FF70DF2ED80113968C91823008F43DCF58
:1013C00023961FAE239741E050E0BE016E5B7F4F36
:1013D000C80150DC019709F030CFF8018085918574
:1013E000A285B3854F96A11DB11D80879187A287E5
:1013F000B387F0E2DF9EB0011124675F704F611583
:10140000710509F41ACFDB018C91882341F0853EE8
:1014100009F04CC0CC2029F0CC24C394B2CFC11029
:101420000EC08091091190910A11A0910B11B091F9
:101430000C11F70184879587A687B787D08ADB01CF
:101440008C918111E9CFCC24C394822D8274823493
:1014500009F0F3CECC2009F4C6C0F701D08861E0D2
:10146000C701ADD9009709F4E8CE20E2DC011D9256
:101470002A95E9F72BE0FE01F796DC0101900D9229
:101480002A95E1F721E238E2FC01318B208B40E024
:1014900058E057874687338B228B318F208F578BAD
:1014A000468B0E946B7681110AC0C7CE4BE050E09C
:1014B000CE01C7960F941DA1892B09F062CF2D2D67
:1014C00030E0F901B5E0EE0FFF1FBA95E1F7DF015B
:1014D000A75FB04F1B968C91817121F0822D827194
:1014E00009F020C1D70159968D919C915A9740914E
:1014F000091150910A1160910B1170910C111C96F9
:101500004D935D936D937C931F975096DC9250970B
:10151000E75FF04F84889588B12CA12C5401992461
:10152000882455968D929D92AD92BC925897428D8B
:10153000538D70E060E0482959296A297B29559626
:101540004D935D936D937C935897A5E0220F331FC5
:10155000AA95E1F7D901A75FB04F1B962C9128718E
:1015600009F0D2C0848D958DA68DB78DF701818B42
:10157000928BA38BB48B81E08383822D8F70F701D4
:101580008183148215821682178210861186128634
:10159000138611E024FE04C0C7010F947B6D182F41
:1015A000CE014C960E9404F3CE0101960E9404F3F2
:1015B000812FCC5BDF4F0FB6F894DEBF0FBECDBFDF
:1015C000DF91CF911F910F91FF90EF90DF90CF901F
:1015D000BF90AF909F908F907F906F905F904F9053
:1015E0003F902F900895D80113968C9113978230D5
:1015F00009F423CE51968D919D910D90BC91A02D13
:10160000803E9F4FAF41B10508F017CEC8010E9440
:10161000E782882309F411CE0E946B76882309F4AF
:101620000CCED8015996ED91FC915A9714968D9055
:101630009D90AD90BC901797B2E08B1A9108A108CD
:10164000B108858504C0880C991CAA1CBB1C8A950E
:10165000D2F786859785A089B189880E991EAA1E22
:10166000BB1E81E0809311118092091190920A11A2
:10167000A0920B11B0920C11E9E0FFE080E092E043
:10168000DF019C011D9221503040E1F7DD24D3940D
:10169000D8015996ED91FC918481D816C0F48091BF
:1016A000121190911311DC01ED91FC910288F389E4
:1016B000E02D29E03FE0B501A4014D0D511D611D54
:1016C000711D1995882309F4B8CDD394E1CF2585F0
:1016D00080E092E0A0E0B0E004C0880F991FAA1F4C
:1016E000BB1F2A95D2F7F801418952896389748911
:1016F000840F951FA61FB71F818B928BA38BB48B72
:1017000089E09FE0D12CB1CE203161F497012F5EAA
:101710003F4F0E942F82882329F084E0D70113963F
:101720008C932BCFD70113961C9287CDCF9321E0BA
:101730004AE353E066EB7AE18BE99AE158DDC82F82
:10174000882319F08BE99AE13CDC8C2FCF91089526
:10175000EF92FF920F931F93CF93DF93CDB7DEB736
:101760002C970FB6F894DEBF0FBECDBF8C017F93D0
:101770006F935F934F938EE496E09F938F939E01B8
:101780002F5F3F4F79013F932F930F9478A1F8017A
:1017900001900020E9F7CF010197801B910B0FB654
:1017A000F894DEBF0FBECDBF8431910548F445E10A
:1017B00050E0481B590BB701800F911F0F94729591
:1017C000C8012C960FB6F894DEBF0FBECDBFDF91D7
:1017D000CF911F910F91FF90EF9008950F930FB746
:1017E0000F9300916E000D7F00936E0078940F931D
:1017F0000BB70F930CB70F921F922F933F934F93FA
:101800005F936F937F938F939F93AF93BF93EF9368
:10181000FF9311240E94EA97FF91EF91BF91AF913E
:101820009F918F917F916F915F914F913F912F91F8
:101830001F900F900CBF0F910BBF0F910260F89497
:1018400000936E000F910FBF0F911895CF93DF9308
:10185000C5EDD1E11986188610922C080E94167BDE
:101860001A862C98CDEAD1E1198618860F94F115C5
:101870001A8680910201807280930001DF91CF91DE
:1018800008958F929F92AF92BF92CF92DF92EF9284
:10189000FF920F931F93CF93DF93B4E4A0E06A2FDE
:1018A00070E0AB014B0F511D55954795411119C083
:1018B000E2E2F5E465917491072E000C880B990B18
:1018C0000F942F96DF91CF911F910F91FF90EF9082
:1018D000DF90CF90BF90AF909F908F900895B42FDE
:1018E000E0CFA41711F0B41303C0EEE2F6E4E2CFA8
:1018F0009A0121503109220F331F220F331FF901A2
:10190000E05EFA4BE590F490F901EC5DFA4BC5917D
:10191000D4918E159F0518F3A42FC817D90708F482
:10192000BECFF901EE5DFA4B05911491F901EA5D24
:10193000FA4BC590D4908E199F09BC0190E080E0CD
:101940000F942D964B015C01B601601B710B072EA5
:10195000000C880B990B0F942F969B01AC01C501CD
:10196000B4010F948E964B015C01CE19DF09BE01C4
:1019700090E080E00F942D969B01AC01C501B4016D
:101980000F94ED9D6B017C01B801110F880B990B31
:101990000F942F969B01AC01C701B6010F94119DC6
:1019A00091CFCF93DF93CCE6DFE120E030E048E455
:1019B00052E46091D9117091DA118091DB1190910C
:1019C000DC110F94389F87FF13C080E0FE01C491A3
:1019D0002091020190E002C095958795CA95E2F7A3
:1019E00080FD0EC0207120930001DF91CF910895FA
:1019F000FE01949181E001C0880F9A95EAF7E6CF45
:101A00002095F0CF80910C08882349F060917D1AD1
:101A100070917E1A80917F1A9091801A089560E0EB
:101A200070E080E09FE70895CF92DF92EF92FF92FF
:101A3000CF93DF93EC01C880D980EA80FB8082E6F7
:101A40009FE10F94032DC701B6010F945F70CC8006
:101A5000DD80EE80FF808EE599E40F94032DC701B1
:101A6000B6010F945F70488559856A857B858AE544
:101A700099E4DF91CF91FF90EF90DF90CF900C949D
:101A80006BE20F930FB70F9300916E000F930D7FD2
:101A900000936E0000916F000D7F00936F000F9315
:101AA0000BB70F930CB70F921F922F933F934F9347
:101AB0005F936F937F938F939F93AF93BF93EF93B6
:101AC000FF9311240E942D99FF91EF91BF91AF9147
:101AD0009F918F917F916F915F914F913F912F9146
:101AE0001F900F900CBF0F910BBF0F910260F894E5
:101AF00000936F000F9100936E000F910FBF0F9135
:101B00001895CF93DF9300D0CDB7DEB700C08DEF2F
:101B100091E19A8389831B82CE0101960E94FF7A0C
:101B2000811141C0899A8FEF8093DF088DEF91E199
:101B30009A83898381E08B83CE0101960E94FF7A8C
:101B4000811134C08F9A8FEF8093E0088DEF91E17F
:101B50009A83898382E08B83CE0101960E94FF7A6B
:101B600090910B01811190959270909309018111D0
:101B700020C08FEF8093E1088DEF91E19A838983F4
:101B800083E08B83CE0101960E94FF7A882399F02F
:101B9000169881E08093E20800C00F900F900F909C
:101BA000DF91CF910895899881E0BECF8F9881E031
:101BB000CBCF81E0DFCF169A8FEFECCF8091DE089C
:101BC000877F8093DE08129A81E0089512988091B1
:101BD000DE0888608093DE08089521E030E0082E5A
:101BE00002C0220F331F0A94E2F72095309590919E
:101BF000DE0829232093DE08813061F020F0823056
:101C000071F081E008955F9A8091140B8E7F80932C
:101C1000140BF7CF8A9A8091140B8D7FF8CF8091A7
:101C2000080180958170809306018091140B8B7F51
:101C3000EECF80E0D2DF81E0D0DF82E0CEDFBECF2A
:101C40008130B9F0A0F08230B1F021E030E0082E10
:101C500001C0220F0A94EAF79091DE08922B90932C
:101C6000DE08823019F481E080934F0708955F9871
:101C7000ECCF8A98EACF9091080191709093060179
:101C8000E4CF0F930091D90821E002272AED38E034
:101C900041E050E0BC018CED98E00F94032A0F91D5
:101CA00008958091FF1190910012885F924064E640
:101CB00070E00F94C99CCB0108958F929F92AF92D0
:101CC000BF92EF92FF920F931F93CF93DF93C82F92
:101CD00041E066E278E10E949FE2C11102C00F94E8
:101CE0006C2D8EE198E10F94032D8CE597E10F9414
:101CF000032D0F94E42D8C2F0E94ECDF41E06CE06B
:101D000078E18C2F0E949FE2C11102C00F946C2DCC
:101D10008FEE97E10F94032D8C2F0E944BE48C2FB4
:101D20000F9457728C2F0E94E3E38C2F0E940FE4D4
:101D30008C2F0E94C1E38C2F0E9489E38C2F0E947C
:101D40007DE26FE777E18C2F0F944B7210914D0776
:101D500092E6E92E97E1F92E112321F086E6E82E8E
:101D600087E1F82E8090490790904A07A0904B0792
:101D7000B0904C0786E797E10F94032D612F70E038
:101D800090E080E00F945F708FE798E40F94032D4C
:101D900042E0C501B4010E9481E4B70189E697E100
:101DA0000F943A2D0F94E42DC11118C00F94E42D17
:101DB0000F94422D0F946C2D60914E078DED97E19D
:101DC0000E94F0E40F946C2D6CDFBC018CEC97E169
:101DD0000F942C2D81EC97E10F94032D41E066EADE
:101DE00077E18C2F0E949FE20BE71BE0D0E0C1114E
:101DF00002C00F946C2D6D2F8DE997E10F94342D57
:101E0000F80160817181072E000C880B990B0F94EB
:101E10002F96AB01BC018AE997E10F94592DF80187
:101E200062817381072E000C880B990B0F942F96FB
:101E3000AB01BC0187E997E10F94592DF801E480CB
:101E4000F58084E997E10F94032DC7010F94AF2823
:101E50000F94E42D0A5F1F4FD130F9F48C2F0E94AC
:101E600048E38C2F0E9416E38C2F0E9416E28C2FE1
:101E70000E94CDE28C2F0E946CE08C2F0E94C4DF68
:101E80008C2FDF91CF911F910F91FF90EF90BF901A
:101E9000AF909F908F900C94E9E2D1E0A8CFCF93C0
:101EA000DF93EC0185EB96E10F94032D8EEA96E12A
:101EB0000F94032DCE010F94B42887E996E10F9477
:101EC000032DDF91CF910D94E42D1F93CF93DF93DA
:101ED00000D01F92CDB7DEB7182FE3DE17FD07C085
:101EE000212F012E000C330B28173907F4F0D7DF10
:101EF0006FEF7FE083E097E10F942C2D6091FF114D
:101F00007091001286EF96E10F942C2D612F8FEEC9
:101F100096E10E94F0E40F94E42D0F900F900F9043
:101F20000F90DF91CF911F9108952F5F3F4F84E66F
:101F3000829FA001839F500D11248091FF119091E9
:101F40000012841B950B9C838B831A8219829E013D
:101F50002F5F3F4F44E650E066EA7BE0CE010396F8
:101F60000F94772D882329F083ED96E10F94032DAC
:101F7000D4CF612F8FEB96E10E94F0E4CECF909307
:101F8000DD088093DC081092DB081092DA0881E00B
:101F90000895CF92DF92EF92FF920F931F93CF930A
:101FA000DF93CDB7DEB7C958D1090FB6F894DEBFBD
:101FB0000FBECDBFC358DF4F188219821A821B8211
:101FC000CD57D04084E690E0DADF811111C080E087
:101FD000C757DF4F0FB6F894DEBF0FBECDBFDF91FE
:101FE000CF911F910F91FF90EF90DF90CF900895C8
:101FF0008091520690915306A0915406B0915506D7
:10200000CF57DF4F88839983AA83BB83C158D040C1
:102010002AED38E044E050E0BE016F577F4F8CED71
:1020200098E00F94772D8091DC089091DD0802965E
:102030009093DD088093DC081092DB081092DA0898
:1020400085E792E0CB57DF4F99838883C558D0400E
:10205000CE018B579F4F0E94E97E81E0C757DF4F2B
:102060008883C958D040CE0187579F4F0E94FB7E7E
:102070002AED38E048E450E06DE37CE08CED98E038
:102080000F94772D80E1EDEAF2E08E010F5F1F4F94
:10209000D80101900D928A95E1F72AED38E040E1F0
:1020A00050E0B8018CED98E00F94772D8DE09CE026
:1020B0000E94E07E87E19BE00E94047F8FEFEA961A
:1020C0008FAFEA97CE0187589F4F0E94FB7E1982FF
:1020D0001A821B821C82C8010E94E07E7E018DE66E
:1020E000E80EF11CF7011082118212821382C701DF
:1020F0000E94E07E8091490790914A07A0914B078A
:10210000B0914C0789839A83AB83BC83C8010E943A
:10211000E07E2AED38E048E050E064E278E08CEDC3
:1021200098E00F94772DC358DF4F188219821A82D6
:102130001B82CD57D04083E0EA968FAFEA97F70134
:102140008083CE0183589F4F0E94E07ECE01875846
:102150009F4F0E94FB7EC7010E94FB7E80E09CE0B7
:102160009A838983C8010E94E97E3AE0D32EDA94EB
:10217000DD2031F0CE0183589F4F0E94E07EF7CFE3
:102180008DE492E10E94047FC358DF4F18821982C8
:102190001A821B82CD57D0402AE0D22EDA94DD205D
:1021A00031F0CE0183589F4F0E94E07EF7CF83E04D
:1021B000C857DF4F8883C858D040C957DF4F88833E
:1021C000C758D040CE0188579F4F0E94FB7ECE015A
:1021D00089579F4F0E94FB7E80E09CE0EB969FAF6B
:1021E0008EAFEB97CE0187589F4F0E94E97E88E023
:1021F000F701982F11929A95E9F7F80111928A95B3
:10220000E9F72AED38E048E050E0B7018CED98E0BE
:102210000F94772D2AED38E048E050E0B8018CEDBE
:1022200098E00F94772DC358DF4F188219821A82D5
:102230001B82CD57D0409AE0C92ED12CF1E0CF1AA5
:10224000D10831F0CE0183589F4F0E94E07EF6CF37
:1022500080914D07898380914E07F7018083C801E3
:102260000E94F27EC7010E94FB7E2AED38E044E026
:1022700050E06AE273E08CED98E00F94772D809146
:10228000160B8983C8010E94F27E2AED38E04CE0EB
:1022900050E06BE77BE08CED98E00F94772D809118
:1022A000F1119091F211A091F311B091F411898381
:1022B0009A83AB83BC8321E732EB47E25EE3609114
:1022C000F5117091F6118091F7119091F8110F941A
:1022D000ED9D6D837E838F83988721E732EB47E204
:1022E0005EE36091F9117091FA118091FB11909168
:1022F000FC110F948E9669877A878B879C8780E084
:1023000090E0A0E8BFE38D879E87AF87B88B198ADE
:102310001A8A1B8A1C8A2AED38E044E150E0B80191
:102320008CED98E00F94772D84E190E09A83898377
:10233000C8010E94E97E8091C9119091CA11A091B3
:10234000CB11B091CC1189839A83AB83BC8321E7F5
:1023500032EB47E25EE36091CD117091CE11809136
:10236000CF119091D0110F94ED9D6D837E838F835B
:10237000988721E732EB47E25EE36091D1117091DB
:10238000D2118091D3119091D4110F948E966987B8
:102390007A878B879C872AED38E04CE050E0B801C3
:1023A0008CED98E00F94772D8CE0EDEBF2E0D80106
:1023B00001900D928A95E1F72AED38E04CE050E06B
:1023C000B8018CED98E00F94772D1982C8010E9416
:1023D000FB7E80915D028983C8010E94FB7E8FEFA6
:1023E0008983C8010E94FB7E85E0E9ECF2E0D80118
:1023F00001900D928A95E1F72AED38E045E050E032
:10240000B8018CED98E00F94772D80913307F70198
:1024100080831A821982C7010E94F27EC8010E943D
:10242000E97E80E2EEECF2E0D80101900D928A950F
:10243000E1F72AED38E040E250E0B8018CED98E099
:102440000F94772DF7011082C7010E94F27E88E475
:1024500097E00E94F27E84E497E00E94E07EC358F9
:10246000DF4F188219821A821B82CD57D040CE01CD
:1024700083589F4F0E94E07E82E1F80111928A9575
:10248000E9F72AED38E042E150E0B8018CED98E040
:102490000F94772D84E2EEEEF2E0D80101900D92D8
:1024A0008A95E1F72AED38E044E250E0B8018CED7E
:1024B00098E00F94772D80E1D82EF8018D2D1192A0
:1024C0008A95E9F72AED38E040E150E0B8018CED5B
:1024D00098E00F94772D1A8219822AED38E042E0B5
:1024E00050E0B8018CED98E00F94772DF80111922F
:1024F000DA94E9F72AED38E040E150E0B8018CEDDC
:1025000098E00F94772D8CE6F80111928A95E9F7FF
:102510002AED38E04CE650E0B8018CED98E00F94DD
:10252000772D2AED38E048E050E06CE377E08CED61
:1025300098E00F94772D8CE0F70111928A95E9F7D6
:10254000C957DF4F1882C758D04080E090E0A0E420
:10255000B0E4ED968CAF9DAFAEAFBFAFED97C701C6
:102560000E94047FCE0189579F4F0E94FB7ECE01BF
:1025700087589F4F0E94E07E2AED38E048E050E007
:1025800064E377E08CED98E00F94772D0091DC0800
:102590001091DD08045611098091DA089091DB084A
:1025A000F7019183808384E690E09093DD08809327
:1025B000DC082AED38E044E050E066E373E08CED9F
:1025C00098E00F94772DC7010E94E97E0F946C2D3F
:1025D000B8018BEA95E10F942C2DF701C080D180D2
:1025E000F12CE12C8EE995E10F94032DC701B60182
:1025F0000F94F56F8BE995E10F94032D0537124089
:10260000B1F082E390E20F94032D8DEB95E10F94EE
:10261000032D12E080914E0787FF57DC1111D7CCB4
:1026200060E08BE895E10F94F02881E0D1CC10E0D8
:10263000F1CF4F925F926F927F928F929F92AF9263
:10264000BF92CF92DF92EF92FF92CF93DF9300D0B1
:1026500000D0CDB7DEB79E838D830F9489224B01C6
:102660005C01AD81BE8118964D905D906D907C901F
:102670001B97AC019B01C301B2010F94109D6B012C
:102680007C018091490790914A07A0914B07B09136
:102690004C0789839A83AB83BC8320E030E0A90197
:1026A000BC01CD010F942996882349F020E030E049
:1026B000A901C701B6010F9429961816ECF0AD8157
:1026C000BE811896CD92DD92ED92FC921B972696D4
:1026D0000FB6F894DEBF0FBECDBFDF91CF91FF9054
:1026E000EF90DF90CF90BF90AF909F908F907F90B2
:1026F0006F905F904F90089529813A814B815C8162
:10270000C301B2010F94389F87FFE1CF20912F07BB
:10271000309130074091310750913207C501B40123
:102720000F948E969B01AC0160E070E080E89FE31F
:102730000F94109D9B01AC01C701B6010F94ED9D54
:10274000ED81FE816087718782879387C0CF0E9469
:1027500077D90D948D17AF92BF92CF92DF92EF92FF
:10276000FF920F931F93CF93DF93CDE3DCE001E162
:102770001CE08DE4A82E8CE0B82EC12CD12C760163
:10278000C39469917991899199910F942D96288993
:1027900039894A895B890F948E960F945A9EF80165
:1027A00061937193819391938F01C616D706E806C2
:1027B000F90610F46B017C01AC16BD0611F76FEF42
:1027C0007FEFCB01A70196010F94539C2093210C1E
:1027D0003093220C4093230C5093240CDF91CF9123
:1027E0001F910F91FF90EF90DF90CF90BF90AF902F
:1027F00008950F931F93CF93DF9301E51CE0CAE286
:10280000DCE0F80121913191419151918F0160E01B
:1028100070E080E89FE30F94ED9D6993799389932D
:102820009993FCE0CA33DF0761F70F940072DF91E0
:10283000CF911F910F918FCF90915D1280915E1279
:10284000981306C080913A0C90913B0C892B21F093
:1028500080E00F94273BF0CF089590915D12809116
:102860005E12981307C080913A0C90913B0C892B13
:1028700009F4DFC980E00F94273BEFCF8F929F923E
:10288000AF92BF92CF92DF92EF92FF92CF93DF93FE
:1028900020914D07222309F448C0EC01809049079C
:1028A00090904A07A0904B07B0904C0720E030E092
:1028B000A901C501B4010F942996882309F440C0E9
:1028C000C884D984EA84FB8420E030E0A901C701F0
:1028D000B6010F94299618169CF5A5019401C7011D
:1028E000B6010F94389F87FF20C0C701B6010F942F
:1028F0003D196B017C0120E030E0A9010F9429967D
:10290000882399F0CE010F948922A70196010F9494
:102910008E969B01AC01688579858A859B850F948D
:10292000119D688779878A879B87DF91CF91FF9078
:10293000EF90DF90CF90BF90AF909F908F900895D1
:10294000C12CD12C80E8E82E8FE3F82EDBCF2F921C
:102950003F924F925F926F927F928F929F92AF922F
:10296000BF92CF92DF92EF92FF920F931F93CF937C
:10297000DF93CDB7DEB7A4970FB6F894DEBF0FBED6
:10298000CDBF1C012A013B0148015901DC015596CC
:10299000CD90DD90ED90FC90589720E030E0A901BB
:1029A000CB01B2010F942996882309F417C2A30121
:1029B0009201C701B6010F948E960F94449F162F73
:1029C00079878983092FA5019401C701B6010F9466
:1029D0008E960F94449F1D83C984CE82D980DF8256
:1029E00008872D813E814F81588520323105410570
:1029F000510548F430E2C32ED12CE12CF12CCD82CC
:102A0000DE82EF82F88669837A838B839C832981B7
:102A10003A814B815C81203231054105510548F4F2
:102A200020E2C22ED12CE12CF12CC982DA82EB8279
:102A3000FC82F101E25BFF4F80819181A281B38131
:102A40008097A105B10540F480E290E0A0E0B0E0FD
:102A500080839183A283B383C080D180E280F3809E
:102A6000C986DA86EB86FC86D1019D968D909D9075
:102A7000AD90BC90D097F101E65AFF4F6081718113
:102A800082819381611571058105910509F4B0C1B9
:102A90000F942F96698B7A8B8B8B9C8B9B01AC014F
:102AA00060E070E080E89FE30F94ED9D698F7A8F7E
:102AB0008B8F9C8F20E030E040E05FE30F948E9698
:102AC0006B017C0169857A858B859C850F942D9699
:102AD0006D8B7E8B8F8B988F9B01AC010F948E96A4
:102AE0002B013C0169817A818B819C810F942D9609
:102AF0009B01AC010F948E969B01AC01C301B20106
:102B00000F94109DA70196010F948E9669A37AA346
:102B10008BA39CA36D817E818F8198850F942D96C8
:102B20009B01AC010F948E966D8F7E8F8F8F98A333
:102B30009B01AC01C301B2010F94109DA701960146
:102B40000F948E962B013C010F94D79D0F94559EA8
:102B50006B017C0169A17AA18BA19CA10F94D79DE7
:102B60000F94559E6D877E878F87988BDC01CB01F4
:102B70008C0D9D1DAE1DBF1DA5019401281B390B99
:102B80004A0B5B0BDA01C901B7FF5EC0C501B40196
:102B90000F942D96A30192010F94119D29A13AA1A2
:102BA0004BA15CA10F94109D20E030E040E05FE37A
:102BB0000F948E960F94449FC12CD12C760197FDD3
:102BC00009C06B017C018C149D04AE04BF0414F495
:102BD00075016401B501A4014C195D096E097F09F5
:102BE0004D875E876F87788BC701B6010F942F964C
:102BF0004B015C0129893A894B895C89CA01B90179
:102C00000F94119D9B01AC01C501B4010F948E96E8
:102C10002D8D3E8D4F8D58A10F94119D0F94CB9FFC
:102C20004B015C01AC019B016D897E898F89988D78
:102C30000F94389F181644F4C501B4010F945A9E9E
:102C400069877A878B879C8720E034E244EF59E4D8
:102C5000698D7A8D8B8D9C8D0F948E964B015C01C6
:102C600069857A858B859C852D813E814F8158852C
:102C7000621B730B840B950B0F942D96A501940189
:102C80000F948E960F945A9E2B013C0169857A858C
:102C90008B859C8529813A814B815C81621B730BFA
:102CA000840B950B0F942D96A50194010F948E968D
:102CB0000F945A9E4B015C013FE643165104610498
:102CC000710408F0A1C0F201EE0FFF1FEE0FFF1F0D
:102CD000E950FE4E85919591A591B4918C01AD8BF3
:102CE000B98B4FE684169104A104B10408F094C096
:102CF000F401EE0FFF1FEE0FFF1FE950FE4E45914E
:102D0000559165917491342F252FCB01D101D19626
:102D1000CD92DD92ED92FC92D4979D964D915D916E
:102D20006D917C91D097CD84DE84EF84F8884C1926
:102D30005D096E097F09D5964D935D936D937C93E4
:102D4000D897F101EE5AFF4FCD80DE80EF80F884F6
:102D5000C082D182E282F3823496C980DA80EB802D
:102D6000FC80C082D182E282F382799740825182D4
:102D700062827382349680829182A282B382C984F5
:102D8000DA84EB84FC84D996CD92DD92ED92FC92AC
:102D9000DC97349600831183CD88C282D988D38290
:102DA00034963083218382839383A4960FB6F8945C
:102DB000DEBF0FBECDBFDF91CF911F910F91FF906E
:102DC000EF90DF90CF90BF90AF909F908F907F90CB
:102DD0006F905F904F903F902F900895F101EE5AC1
:102DE000FF4F1081B181B987228129830381EBCD07
:102DF000C12CD12C7601198E1A8E1B8E1C8E1D862D
:102E00001E861F86188A20CFC301B2010E947A79DC
:102E10008B018D8B998B65CFC501B4010E947A79A6
:102E2000362F272F73CF90916F0081E091FD02C064
:102E300080E0089590916F009D7F90936F000895BA
:102E40000F931F93CF93DF93C82FEDDFD82F24E08C
:102E5000C29FC00111248C01075D164F8B5C964FF9
:102E6000FC0160817181828193810F942F960F9470
:102E7000559EF801608371838283938381E0809300
:102E80002809DD2331F0DF91CF911F910F910D942F
:102E90009228DF91CF911F910F910895CF93DF93E7
:102EA00000D0CDB7DEB78091130B811105C08091A2
:102EB000150B882309F488C08091C208659B7EC0E9
:102EC00081608093C208909103018091C20891FFB4
:102ED00077C082608093C2088091C2084B9B72C009
:102EE00084608093C2088EEF91E19A8389831B826C
:102EF000CE0101960E94FF7A8823A9F08DEF91E11F
:102F00009A838983CE0101960E94FF7A81110BC0BA
:102F10008091C20880FF07C08091660B816080931A
:102F2000660B80E08DDF8EEF91E19A83898381E0EB
:102F30008B83CE0101960E94FF7A8823A9F08DEF42
:102F400091E19A838983CE0101960E94FF7A8111D3
:102F50000BC08091C20881FF07C08091660B826020
:102F60008093660B81E06CDF8EEF91E19A83898319
:102F700082E08B83CE0101960E94FF7A882321F1A3
:102F80008DEF91E19A838983CE0101960E94FF7AA9
:102F900081111AC08091150B8823B1F08091C2086D
:102FA00082FF12C08091660B84608093660B82E082
:102FB0000F900F900F90DF91CF9142CF8E7F81CFF6
:102FC0008D7F88CF8B7F8DCF0F900F900F90DF91EB
:102FD000CF910895809138028F3708F451C08F57F0
:102FE0009091DF1190935F09992309F447C02C9ABF
:102FF0002091B71120935E099091020121119095C3
:103000009072909300012091220830E03595279529
:1030100020935D0990910201232B09F09095907403
:10302000909300018F5F8093380280915C0991E05A
:10303000892780935C0981110E941359809137027E
:1030400091E0980F85300CF090E0823009F47AC05E
:103050006CF5882309F440C0813009F467C090936F
:1030600037021CDF80913A0C90913B0C009729F0BD
:10307000019790933B0C80933A0C08952C98B8CF0D
:1030800090915F09891708F02C9890915E09891733
:1030900028F09091020190729093000190915D0947
:1030A000891708F4BFCF90910201B9CF843009F499
:1030B00061C00CF45AC0853091F620915B09211152
:1030C00002C080935B0980915B09815080935B090A
:1030D000882329F295E0C3CF809136028F5F80313B
:1030E0001CF480933602BBCF1092360280912108E7
:1030F000811113C02091D5113091D6113093D81180
:103100002093D7112091AD113091AE113093B011B1
:103110002093AF1181E0809321081092D611109274
:10312000D5111092AE111092AD1199CF88E0809315
:103130007B0085E480937C0080917A00806480939A
:103140007A008DCF80917A0086FD27C0409178006B
:10315000509179002091D5113091D611240F351F4F
:103160003093D6112093D5117ACF88E080937B00DD
:1031700086E4E0CF80917A0086FD11C0409178000E
:10318000509179002091AD113091AE11240F351F6F
:103190003093AE112093AD1162CF92E060CF94E0F6
:1031A0005ECF41DE1092250C1092260C1092270C57
:1031B0001092280C81110D9492280895CF93DF93DB
:1031C00090915E1280915D12891788F0891B09F435
:1031D00042C090915B12992371F0833050F48FEFCD
:1031E000890F39F080935B12D0E0C0E030C0805F7F
:1031F000EDCF10925B12C0915E1287E7C89FE0018D
:103200001124C158DD4E888180FDEECF8091250CC0
:103210009091260CA091270CB091280CFE01E15A48
:10322000FF4F4081518162817381841B950BA60BF6
:10323000B70B8093250C9093260CA093270CB0938A
:10324000280C80915E120E9442D980935C12CE01BC
:10325000DF91CF910895A5DFC7CF2F923F924F9274
:103260005F926F927F928F929F92AF92BF92CF9216
:10327000DF92EF92FF920F931F93CF93DF93CDB71F
:10328000DEB76B970FB6F894DEBF0FBECDBF8FEFE2
:103290009FEF90938900809388002AE02D83D12CA2
:1032A000C12C8091260990912709892B09F0ACC186
:1032B000809128098823E1F080910A0C90910B0CF1
:1032C00010922809892B09F49FC110920B0C1092BF
:1032D0000A0C1092FE1190915D1280915E12981767
:1032E00009F492C180915E120E9442D980935E12CD
:1032F00080910A0C90910B0C892B09F485C10091E7
:103300001C0910911D0920911E0930911F0940913F
:1033100018095091190960911A0970911B09041735
:1033200015072607370708F06FC18091350290E036
:10333000B0E0A0E0401B510B620B730B84179507A4
:10334000A607B70710F4AC01BD01942F400F511F21
:10335000621F731F40931C0950931D0960931E093F
:1033600070931F09E1E00091E3081091E4082091B7
:10337000E5083091E6084091F7085091F80860910F
:10338000F9087091FA084090E7085090E8086090BA
:10339000E9087090EA08440D551D661D771D80E010
:1033A00077FD05C0401B510B620B730B81E040930E
:1033B000F7085093F8086093F9087093FA08409161
:1033C000FB085091FC086091FD087091FE08409048
:1033D000EB085090EC086090ED087090EE08440DFA
:1033E000551D661D771D77FD05C08260401B510B82
:1033F000620B730B4093FB085093FC086093FD082D
:103400007093FE084091FF085091000960910109F6
:10341000709102094090EF085090F0086090F10818
:103420007090F208440D551D661D771D77FD05C08F
:103430008460401B510B620B730B4093FF08509349
:1034400000096093010970930209409103095091AA
:10345000040960910509709106094090F3085090A5
:10346000F4086090F5087090F608440D551D661D2F
:10347000771D77FD05C08860401B510B620B730BF5
:10348000409303095093040960930509709306095A
:10349000E11104C02091840030918500282F30E094
:1034A000E82FE17080FF1CC04090DF08042C000C66
:1034B00055086608770840913509509136096091A2
:1034C000370970913809440D551D661D771D4093CD
:1034D0003509509336096093370970933809889AF3
:1034E00021FB442740F94887198621FF1CC04090E2
:1034F000E008042C000C550866087708409139094B
:1035000050913A0960913B0970913C09440D551D59
:10351000661D771D4093390950933A0960933B0922
:1035200070933C098E9A22FB552750F95A871B86C7
:1035300022FF21C04090E108042C000C55086608C9
:10354000770840913D0950913E0960913F09709183
:103550004009440D551D661D771D40933D0950934C
:103560003E0960933F097093400980910B0180955B
:1035700088708093090163E0359527956A95E1F796
:1035800021153105E1F04090E208042C000C5508AB
:1035900066087708409141095091420960914309BA
:1035A00070914409440D551D661D771D40934109D6
:1035B000509342096093430970934409149A4091CF
:1035C0008400509185004091840050918500E11164
:1035D000889888849984892809F08E98AA84BB8465
:1035E000AB2829F080910B01887080930901232B6F
:1035F00009F01498992321F02091840030918500DE
:103600009150E0E009F0AFCE80906B0290906C0298
:103610009F828E82892809F04AC0A0909F0BB090AB
:10362000A00BBA82A982A114B10409F435C010918B
:103630000901127082E00E94208E00C080910B016F
:103640001A141B040CF4809582708093090100C049
:1036500080910B0180958870809309010000809112
:103660000B0188708093090100C080910B0111113A
:10367000809582708093090100C089809A80809132
:103680009F0B9091A00B181419040CF049C20197DC
:103690009093A00B80939F0B0F949828882309F494
:1036A00041C280ED97E090936C0280936B02789416
:1036B0008091260990912709892B09F09EC180915C
:1036C000840090918500609135026230B8F02091BD
:1036D000240930912509280F391F40912009509164
:1036E00021094217530750F0262F30E035952795D2
:1036F0002093350210922309109222099195819509
:103700009109909325098093240910922109109220
:103710002009E0910A0CF0910B0C309709F4CFC509
:1037200080911C0990911D09A0911E09B0911F095B
:10373000409118095091190960911A0970911B095B
:1037400084179507A607B70708F4EFC110920B0C72
:1037500010920A0C1092FE1190915D1280915E12EF
:10376000981709F4ACC580915E120E9442D98093EB
:103770005E1200ED17E080910A0C90910B0C892BE2
:1037800009F037C11BDD90930B0C80930A0C892B39
:1037900009F42FC1A0900A0CB0900B0CBB8EAA8E1E
:1037A000F501808182FD60C5ED59FF4F80819181D7
:1037B000A281B3818093FD079093FE07A093FF073A
:1037C000B093000880E13496A5E5B7E001900D9232
:1037D0008A95E1F780E0EA8DFB8D458C568C678CED
:1037E00070A091E0411451046104710409F490E067
:1037F00090FB80F9EA8DFB8D01A112A123A134A1D8
:1038000091E0011511052105310509F490E090FBC7
:1038100081F9EA8DFB8D45A156A167A170A591E0C4
:10382000411551056105710509F490E090FB82F99D
:103830008093FE11EA8DFB8D85A596A5A7A5B0A95D
:103840008093180990931909A0931A09B0931B0942
:10385000882499245401881A990AAA0ABB0A8092DA
:10386000F7089092F808A092F908B092FA088092AE
:10387000FB089092FC08A092FD08B092FE0880928E
:10388000FF0890920009A0920109B092020980926B
:10389000030990920409A0920509B092060981A437
:1038A00092A4A3A4B4A4880C991CAA1CBB1C80924B
:1038B000F3089092F408A092F508B092F608440C30
:1038C000551C661C771C4092E7085092E8086092ED
:1038D000E9087092EA08000F111F221F331F00939E
:1038E000EB081093EC082093ED083093EE08440F9A
:1038F000551F661F771F4093EF085093F0086093A1
:10390000F1087093F208880F991FAA1FBB1F8093BC
:10391000E3089093E408A093E508B093E6081092BA
:103920001C0910921D0910921E0910921F0981A9ED
:1039300092A9A3A9B4A98093140990931509A093FF
:103940001609B093170985A996A9A7A9B0AD8093C8
:10395000080990930909A0930A09B0930B09E35B46
:10396000FF4F8091FD119081891721F09093FD11F7
:103970000E94818D93DA1092230910922209E0911E
:103980000A0CF0910B0CDF01AB5BBF4FED90FD908B
:103990000D911C9121AD32AD43AD54ADEE5AFF4FA8
:1039A00060817181828193810E9428791092070938
:1039B000E0910A0CF0910B0CEE5AFF4F608171817F
:1039C000828193810E94B2788C0196958795B0E0B0
:1039D000A0E080930C0990930D09A0930E09B09379
:1039E0000F098093100990931109A0931209B093C5
:1039F000130910932709009326098E809F80892838
:103A000071F480912609909127098A3F910538F435
:103A10007AEFA72EB12CB0922709A0922609209107
:103A20006B0230916C0280912609909127092F3FFB
:103A3000320709F450C4AC01569547952417350751
:103A400008F04FC450936C0240936B0280365AEEDC
:103A5000950708F444C460E67AEE20916B02309139
:103A60006C02A9016217730708F4AB01841B950B64
:103A700090932709809326092F3F320731F0241BAA
:103A8000350B30936C0220936B02C40ED51EF89454
:103A900080918400909185004096ED81E150ED8306
:103AA000EE2321F0C816D90608F4FBCB4091840020
:103AB000509185002091240930912509240F351F4C
:103AC0003093250920932409C816D90608F0E9C3C4
:103AD00020913502203138F4220F209335021092C4
:103AE00023091092220990938900809388006B9695
:103AF0000FB6F894DEBF0FBECDBFDF91CF911F91FF
:103B00000F91FF90EF90DF90CF90BF90AF909F907C
:103B10008F907F906F905F904F903F902F9008957F
:103B20000196B6CD8FEF9FEFBECD40911409509115
:103B30001509609116097091170984179507A60752
:103B4000B70708F0A4C14090100950901109609087
:103B5000120970901309DF01DD968D919D910D90F2
:103B6000BC91A02D481659066A067B0608F08AC14A
:103B7000411451046104710421F580910808909169
:103B80000908A0910A08B0910B08BC012A2F9B2FAD
:103B9000822F0E94B2788C01480E591E611C711C44
:103BA0004092100950921109609212097092130903
:103BB00010920C0910920D0910920E0910920F0923
:103BC000DACDB0E0A32DC201262DFC85ED857E85E2
:103BD0006F85588949893A8950915007589F712DAE
:103BE000662740915107489F700D611D1090520744
:103BF000189E600D599F700D611D499F600D529F69
:103C0000600DF72FE62FF79F512D44273327F69F9E
:103C1000500D411D3B1FE79F500D411D3B1FE69F6F
:103C2000400D311DF42FE32FF79FA12D442733279B
:103C3000F69FA00D411D3B1FE79FA00D411D3B1F9F
:103C4000E69F400D311DF42FE32F55278091080882
:103C50009091090820910A080090B70A0B2A09F4EC
:103C600083C04091B30A4F9F51198B0B9B0B2B0BB9
:103C70003091B40A3F9F501981099B0B2B0BA091E7
:103C8000B50AAF9F801991092B0B4E9F50198109DE
:103C90009B0B2B0B3E9F801991092B0BAE9F90190C
:103CA0002109F79FA12D44273327F69FA00D411D21
:103CB0003B1FE79FA00D411D3B1FE69F400D311D9F
:103CC000F42FE32F4091AF0A4F9F510D8B1F9B1F85
:103CD0002B1F3091B00A3F9F500D811D9B1F2B1F42
:103CE000A091B10AAF9F800D911D2B1F4E9F500DCB
:103CF000811D9B1F2B1F3E9F800D911D2B1FAE9F73
:103D0000900D211DF79FA12D44273327F69FA00D6D
:103D1000411D3B1FE79FA00D411D3B1FE69F400D2E
:103D2000311DF42FE32F4091AB0A4F9F51198B0B9C
:103D30009B0B2B0B3091AC0A3F9F501981099B0BB9
:103D40002B0BA091AD0AAF9F801991092B0B4E9FB1
:103D5000501981099B0B2B0B3E9F801991092B0B4E
:103D6000AE9F9019210982C04091B30A4F9F510D17
:103D70008B1F9B1F2B1F3091B40A3F9F500D811D3D
:103D80009B1F2B1FA091B50AAF9F800D911D2B1F6C
:103D90004E9F500D811D9B1F2B1F3E9F800D911D1F
:103DA0002B1FAE9F900D211DF79FA12D4427332778
:103DB000F69FA00D411D3B1FE79FA00D411D3B1F1E
:103DC000E69F400D311DF42FE32F4091AF0A4F9F26
:103DD00051198B0B9B0B2B0B3091B00A3F9F501945
:103DE00081099B0B2B0BA091B10AAF9F8019910900
:103DF0002B0B4E9F501981099B0B2B0B3E9F80195B
:103E000091092B0BAE9F90192109F79FA12D4427F3
:103E10003327F69FA00D411D3B1FE79FA00D411DBD
:103E20003B1FE69F400D311DF42FE32F4091AB0A5D
:103E30004F9F510D8B1F9B1F2B1F3091AC0A3F9F33
:103E4000500D811D9B1F2B1FA091AD0AAF9F800DB0
:103E5000911D2B1F4E9F500D811D9B1F2B1F3E9FA1
:103E6000800D911D2B1FAE9F900D211D11243A2E08
:103E7000FC87ED877E876F87588B498B3A8BB0E044
:103E8000A22F83CE61AD72AD23AD94AD81CE4091B2
:103E900008095091090960910A0970910B0984176A
:103EA0009507A607B70708F4BCC1809107098111DF
:103EB00017C0DF01A75BBF4FED90FD900D911C91E6
:103EC00013971D962D913D914D915C9161AD72AD11
:103ED00083AD94AD0E942879992493949092070918
:103EE00080910A0C90910B0C40900C0950900D0998
:103EF00060900E0970900F09FC01EF5BFF4F40814D
:103F0000518162817381441655066606770608F072
:103F100080C14114510461047104E1F480910808E6
:103F200090910908A0910A08B0910B08BC012A2FB2
:103F30009B2F822F0E94B2788C01480E591E611C63
:103F4000711C40920C0950920D0960920E097092FA
:103F50000F0911CCF0E0AB89C201262DEC897D89D7
:103F60006E895F89488D398D40915007489F612D3A
:103F7000552730915107389F600D511D1090520701
:103F8000189E500D499F600D511D399F500D429F45
:103F9000500DE62F752FE69F412D33272224E59FF4
:103FA000400D311D2F1E769F400D311D2F1E759F18
:103FB000300D211CE32F722DE69FA12D33272224E3
:103FC000E59FA00D311D2F1E769FA00D311D2F1EC8
:103FD000759F300D211CE32F722D44278091080816
:103FE0009091090820910A080090B70A0F2A09F455
:103FF00083C03091B30A3E9F41198F0B9F0B2F0B4B
:104000002090B40A2E9E401981099F0B2F0BA0917E
:10401000B50AAE9F801991092F0B379F401981096E
:104020009F0B2F0B279E801991092F0BA79F90198B
:104030002109E69FA12D33272224E59FA00D311DE4
:104040002F1E769FA00D311D2F1E759F300D211C38
:10405000E32F722D3091AF0A3E9F410D8F1F9F1F9E
:104060002F1F2090B00A2E9E400D811D9F1F2F1FD5
:10407000A091B10AAE9F800D911D2F1F379F400D5B
:10408000811D9F1F2F1F279E800D911D2F1FA79FF2
:10409000900D211DE69FA12D33272224E59FA00D21
:1040A000311D2F1E769FA00D311D2F1E759F300DC7
:1040B000211CE32F722D3091AB0A3E9F41198F0BCB
:1040C0009F0B2F0B2090AC0A2E9E401981099F0B4D
:1040D0002F0BA091AD0AAE9F801991092F0B379F2E
:1040E000401981099F0B2F0B279E801991092F0BD7
:1040F000A79F9019210982C03091B30A3E9F410DBC
:104100008F1F9F1F2F1F2090B40A2E9E400D811DD0
:104110009F1F2F1FA091B50AAE9F800D911D2F1FCD
:10412000379F400D811D9F1F2F1F279E800D911DC2
:104130002F1FA79F900D211DE69FA12D332722241D
:10414000E59FA00D311D2F1E769FA00D311D2F1E46
:10415000759F300D211CE32F722D3091AF0A3E9FC9
:1041600041198F0B9F0B2F0B2090B00A2E9E4019E8
:1041700081099F0B2F0BA091B10AAE9F8019910965
:104180002F0B379F401981099F0B2F0B279E8019FA
:1041900091092F0BA79F90192109E69FA12D332785
:1041A0002224E59FA00D311D2F1E769FA00D311DED
:1041B0002F1E759F300D211CE32F722D3091AB0AFD
:1041C0003E9F410D8F1F9F1F2F1F2090AC0A2E9ED8
:1041D000400D811D9F1F2F1FA091AD0AAE9F800D26
:1041E000911D2F1F379F400D811D9F1F2F1F279E41
:1041F000800D911D2F1FA79F900D211D1124AB8BAA
:10420000EC8B7D8B6E8B5F8B488F398FB0E0A22F4C
:104210008DCEFC01EA5AFF4F60817181228193812A
:1042200088CE8091220990912309892BC1F4E25B09
:10423000FF4F60817181828193810E94B278909357
:1042400023098093220996958795B0E0A0E080939A
:104250000C0990930D09A0930E09B0930F090091DA
:1042600022091091230987CAEA8DFB8D808182FF84
:1042700004C0CF014D960E94A97810920B0C1092A9
:104280000A0C1092FE1190915D1280915E129817A7
:1042900009F478CA80915E120E9442D980935E121E
:1042A00071CA8091200990912109841B950B8C0D76
:1042B0009D1D9093210980932009C60114CC00ED27
:1042C00017E060CA40E65AEE80569A4E909327094E
:1042D00080932609DACB8036FAEE9F0798F7BC0167
:1042E000BCCB80364AEE940708F0B5CBA901821703
:1042F000930708F4AC01841B950B909327098093D6
:104300002609BDCB4F925F926F927F928F929F92C0
:10431000AF92BF92CF92DF92EF92FF92CF93DF9353
:10432000EC0180E1FE01AFE5B2E101900D928A95CA
:10433000E1F720915D0C30915E0C40915F0C509143
:10434000600C6C857D858E859F850F948E960F946D
:10435000449F6B017C012091590C30915A0C409183
:104360005B0C50915C0C688579858A859B850F94E0
:104370008E960F94449F4B015C012091550C309117
:10438000560C4091570C5091580C6C817D818E8158
:104390009F810F948E960F94449F2B013C01209196
:1043A000510C3091520C4091530C5091540C688137
:1043B00079818A819B810F948E960F94449F60939C
:1043C0006F127093701280937112909372124092D8
:1043D00073125092741260927512709276128092DB
:1043E000771290927812A0927912B0927A12C092BB
:1043F0007B12D0927C12E0927D12F0927E1290910C
:104400005D1280915E12981781F0DF91CF91FF903D
:10441000EF90DF90CF90BF90AF909F908F907F9064
:104420006F905F904F900D94C3710E941C940E94F6
:104430001397C82F8FE692E10E94A978CC2381F0D0
:10444000DF91CF91FF90EF90DF90CF90BF90AF9032
:104450009F908F907F906F905F904F900D949228D7
:10446000DF91CF91FF90EF90DF90CF90BF90AF9012
:104470009F908F907F906F905F904F900895CF9214
:10448000DF92EF92FF92CF93DF93C82F0E94139792
:1044900094E0C99FE0011124FE01EB5CF64FC0805F
:1044A000D180E280F38081110F949228C65DD34FB2
:1044B000C701B6010F942F96288139814A815B810B
:1044C0000F948E96DF91CF91FF90EF90DF90CF9079
:1044D0000895CF92DF92EF92FF921F93CF93DF93D5
:1044E000CDB7DEB760970FB6F894DEBF0FBECDBF75
:1044F000182F80E0C4DF6093C3087093C4088093D2
:10450000C5089093C60881E0BADF6093C70870932E
:10451000C8088093C9089093CA0882E0B0DF60930E
:10452000CB087093CC088093CD089093CE081D865D
:104530001E861F86188AC090C308D090C408E090D9
:10454000C508F090C608C982DA82EB82FC82C0906E
:10455000C708D090C808E090C908F090CA08CD827A
:10456000DE82EF82F88669877A878B879C8783E073
:1045700086DF6D877E878F87988B80914D07882394
:1045800021F0CE0101960E9419931E3FB9F480E1FB
:10459000FE013196A5E8BCE001900D928A95E1F705
:1045A00060960FB6F894DEBF0FBECDBFDF91CF91FE
:1045B0001F91FF90EF90DF90CF90089584E0189FB7
:1045C000F0011124DF01AB57B34F81E090E08C0F75
:1045D0009D1FE80FF91F40815181628173814D93C6
:1045E0005D936D937C931397DBCFCF92DF92EF9225
:1045F000FF92CF93DF93C82F0E94139794E0C99F37
:10460000E0011124FE01E75DF64FC080D180E28019
:10461000F38081110F949228C65DD34FC701B60174
:104620000F942F96288139814A815B810F948E9651
:10463000DF91CF91FF90EF90DF90CF900895CF93CF
:10464000DF931F92CDB7DEB7898360E0CE0101967C
:104650000E94DE7A61E0CE0101960E94DE7A62E07D
:10466000CE0101960E94DE7A89810F90DF91CF9171
:1046700008958F929F92AF92BF92CF92DF92EF9266
:10468000FF92CF93DF9320911B02222309F48EC067
:10469000EC0180910E07E82E80FF2CC080901D0257
:1046A00090901E02A0901F02B090200228813981B4
:1046B0004A815B81C501B4010F94389F181624F418
:1046C00088829982AA82BB828090290290902A02D5
:1046D000A0902B02B0902C02288139814A815B8105
:1046E000C501B4010F94299687FF04C0888299827E
:1046F000AA82BB82E1FE2CC080902102909022020F
:10470000A0902302B09024022C813D814E815F81D4
:10471000C501B4010F94389F181624F48C829D8231
:10472000AE82BF8280902D0290902E02A0902F0228
:10473000B09030022C813D814E815F81C501B40172
:104740000F94299687FF04C08C829D82AE82BF821F
:10475000E2FE2CC0C0902502D0902602E0902702F5
:10476000F0902802288539854A855B85C701B60106
:104770000F94389F181624F4C886D986EA86FB86DB
:10478000C0903102D0903202E0903302F0903402B7
:10479000288539854A855B85C701B6010F9429961E
:1047A00087FF04C0C886D986EA86FB86DF91CF9151
:1047B000FF90EF90DF90CF90BF90AF909F908F9041
:1047C00008958091D1089091D208A091D308B0911A
:1047D000D4088093150290931602A0931702B09309
:1047E00018028091CF089091D00890931402809382
:1047F000130208958091150290911602A09117025C
:10480000B09118028093D1089093D208A093D30856
:10481000B093D40880911302909114029093D00821
:104820008093CF0884E690E0909314028093130263
:1048300008950F931F9389019A01AB01BC0185E88C
:104840009CE00F94C5231F910F9108958F929F9222
:10485000AF92BF92CF92DF92EF92FF92CF936B0114
:104860007C01C22F4423C9F08090551290905612BB
:10487000A0905712B090581220E030E0A901C50175
:10488000B4010F94299687FF08C0A5019401C701C0
:10489000B6010F94109D6B017C0120E030E04AE7E7
:1048A00053E4C701B6010F94389F181634F4C12C95
:1048B000D12C8AE7E82E83E4F82E80908D0C90901E
:1048C0008E0CA0908F0CB090900CC11108C0A70165
:1048D0009601C501B4010F94389F1816C4F0A701C2
:1048E0009601C501B4010F942996882381F020E038
:1048F00030E040E850E4C701B601CF91FF90EF905F
:10490000DF90CF90BF90AF909F908F9092CFCF913C
:10491000FF90EF90DF90CF90BF90AF909F908F90DF
:10492000089520918D0C30918E0C40918F0C5091F8
:10493000900C0F94119D20E040E088CFCF93DF933F
:10494000CDB7DEB72C970FB6F894DEBF0FBECDBF44
:10495000AB01BC0119821A821B821C821D821E823D
:104960001F82188619861A861B861C869E012F5F59
:104970003F4F85E89CE00F9424722C960FB6F89474
:10498000DEBF0FBECDBFDF91CF9108954F925F92F2
:104990006F927F92AF92BF92CF92DF92EF92FF928F
:1049A0000F931F93CF93DF9300D000D000D01F92BE
:1049B000CDB7DEB769837A838B839C832D833E8357
:1049C0004F8358872701380120E030E0A901B50165
:1049D000C6010F942996882309F469C01A2DBA8656
:1049E000C9860D2DA301920160918D0C70918E0CE2
:1049F00080918F0C9091900C0F94299687FF0BC09B
:104A000040928D0C50928E0C60928F0C7092900C94
:104A1000B501C60193DF89819A81AB81BC81809306
:104A2000850C9093860CA093870CB093880C8D8195
:104A30009E81AF81B8858093890C90938A0CA09356
:104A40008B0CB0938C0C612F7A858985902F76DF43
:104A5000A301920160918D0C70918E0C80918F0C4E
:104A60009091900C0F94389F18165CF440928D0C26
:104A700050928E0C60928F0C7092900CB501C60112
:104A80005DDF2A960FB6F894DEBF0FBECDBFDF9173
:104A9000CF911F910F91FF90EF90DF90CF90BF903B
:104AA000AF907F906F905F904F900C941C9410E0AB
:104AB0001A8685E0898703E4A12CB12CC12C81E4FE
:104AC000D82E90CF4F925F926F927F92AF92BF920B
:104AD000CF92DF92EF92FF920F931F932A013B0137
:104AE00058016901FC01248135814681578160812B
:104AF0007181828193818301720148DF1F910F913F
:104B0000FF90EF90DF90CF90BF90AF907F906F902D
:104B10005F904F9008954F925F926F927F92AF9205
:104B2000BF92CF92DF92EF92FF920F931F9340902C
:104B30008D0C50908E0C60908F0C7090900C5701E3
:104B400068018301720122DF1F910F91FF90EF90A6
:104B5000DF90CF90BF90AF907F906F905F904F901D
:104B60000895CF92DF92EF92FF92CF93DF93690186
:104B70007A01C5E8DCE020916D0230916E0240912F
:104B80006F02509170020F94ED9D2C853D854E85EE
:104B90005F850F94119D6C877D878E879F87C701E6
:104BA000B601CCDEDF91CF91FF90EF90DF90CF90F8
:104BB0000C941C94CF92DF92EF92FF92C090910CD4
:104BC000D090920CE090930CF090940C20915D0C9E
:104BD00030915E0C40915F0C5091600CC701B601A2
:104BE0000F948E960F94449F60937B1270937C1267
:104BF00080937D1290937E12C0926B12D0926C12B1
:104C0000E0926D12F0926E1290915D1280915E12A0
:104C1000981731F0FF90EF90DF90CF900D94C37113
:104C20000E941C940E94139740917B1250917C1219
:104C300060917D1270917E12409341095093420918
:104C40006093430970934409882331F0FF90EF90FB
:104C5000DF90CF900D949228FF90EF90DF90CF904F
:104C600008954F925F926F927F928F929F92AF9230
:104C7000BF92CF92DF92EF92FF92CF93DF93CDB7A7
:104C8000DEB72C970FB6F894DEBF0FBECDBF8BE119
:104C900097E0EFDC80913C0C83FD6DC02091910C7E
:104CA0003091920C4091930C5091940C6091270795
:104CB000709128078091290790912A070F942996CF
:104CC000882309F458C00E94A793B82E882331F096
:104CD0000F946C2D81E991E10F94032D2091910C9B
:104CE0003091920C4091930C5091940C6091270755
:104CF000709128078091290790912A070F94109DA1
:104D00006B017C0120E030E0A9010F94389F87FF00
:104D100004C0F7FAF094F7F8F09420916D02309106
:104D20006E0240916F0250917002C701B6010F945C
:104D30008E9620E030E048E453E40F94389F181634
:104D4000C4F40F946C2D82E791E10F94032D8091B0
:104D5000270790912807A0912907B0912A078093EF
:104D6000910C9093920CA093930CB093940C22DF2F
:104D700002C0B110ECCF2AE037ED43E25CE3609172
:104D800015027091160280911702909118020F94EB
:104D90008E966B017C016091130270911402072EB4
:104DA000000C880B990B0F942F969B01AC01C70147
:104DB000B6010F948E966B017C0180914D0788237C
:104DC00009F14090230750902407609025077090C8
:104DD00026078090490790904A07A0904B07B09013
:104DE0004C0720E030E0A901C501B4010F942996D9
:104DF000882339F1A5019401C301B2010F942996CA
:104E000087FD1FC019821A821B821C821D821E828E
:104E10001F82188619861A861B861C869E012F5FA4
:104E20003F4FB701A6018BE197E00F94247280E118
:104E3000EBE1F7E0A5E8BCE001900D928A95E1F77F
:104E400006C0C701B6010F948219882381F32C96FE
:104E50000FB6F894DEBF0FBECDBFDF91CF91FF90AC
:104E6000EF90DF90CF90BF90AF909F908F907F900A
:104E70006F905F904F9008954F925F926F927F92E4
:104E80008F929F92AF92BF92CF92DF92EF92FF925A
:104E9000CF93DF936B017C018090150290901602F6
:104EA000A0901702B0901802C0911302D091140282
:104EB00084E690E0909314028093130240906D0278
:104EC00050906E0260906F027090700280E090E0EF
:104ED000A0E8BFE380936D0290936E02A0936F02EF
:104EE000B093700220E030E0A901C7010F94299629
:104EF000882341F0C0921502D0921602E092170268
:104F0000F0921802AEDE40926D0250926E026092F4
:104F10006F0270927002D0931402C09313028092B9
:104F2000150290921602A0921702B0921802DF9119
:104F3000CF91FF90EF90DF90CF90BF90AF909F9078
:104F40008F907F906F905F904F9008950D940072B6
:104F5000CF936FDC8091660BC82FC47082FD0AC0AE
:104F60001092660B82E0B5DAF1DF81E0C11180E0DA
:104F7000CF9108950F94D82B882391F3F9CF4F92B6
:104F80005F926F927F928F929F92AF92BF92CF92D9
:104F9000DF92EF92FF920F931F93CF93C82FE82ECB
:104FA000F12CF701E45EF74BD4908230C1F480E03D
:104FB0000F942420882309F421C180E0CF911F9110
:104FC0000F91FF90EF90DF90CF90BF90AF909F90A8
:104FD0008F907F906F905F904F900D941A206D2D61
:104FE000DD0C770B880B990B0F942F962B013C014E
:104FF000C701880F991F880F991F85519E4E0E94E7
:105000007BE44B015C01A3019201C501B4010F9443
:105010008E964B015C016701CC0CDD1CCC0CDD1CB9
:10502000C6018E50984B0E947BE420E030E040ECBB
:105030005FE30F948E96A30192010F948E96AB01BD
:10504000BC0100E010E098018C2F0F94ED7220E07D
:1050500030E0A901C501B4010F942996882341F1DC
:1050600000E010E09801C23031F40F94D82B00E03A
:1050700010E020E830E4B501A40170588C2F0F94A3
:10508000ED72C23009F487C0A5019401C501B401D5
:105090000F94119D4B015C01C23009F092C000E0F9
:1050A00010E020E030E4B501A4018C2F0F94ED72E4
:1050B000C23011F40F94D82B81E090E00C2E01C087
:1050C000880F0A94EAF79091140B982B9093140B85
:1050D00090910E07892B80930E07C60186549E4E31
:1050E0000E947BE49B01AC0186010B57134FF60134
:1050F000E95EF44F60817181828193810F94119DEB
:10510000F8016083718382839383C230D1F420914C
:105110005512309156124091571250915812609189
:105120008D0C70918E0C80918F0C9091900C0F943F
:10513000109D60938D0C70938E0C80938F0C9093C8
:10514000900CF601E15FF84F1082118212821382F7
:10515000FDDEF601E55EF84FD601AB57B34F8D91FA
:105160009D910D90BC91A02D80839183A283B383E8
:10517000C23009F422CFCF911F910F91FF90EF9091
:10518000DF90CF90BF90AF909F908F907F906F9067
:105190005F904F9008950F94122C882309F474CFD8
:1051A000CF911F910F91FF90EF90DF90CF90BF9024
:1051B000AF909F908F907F906F905F904F900D94E5
:1051C000D82BF701E851FE4E6491611107C00F948E
:1051D0006C2D86EC91E10F94032D6AE070E090E075
:1051E00080E00F942D969B01AC0160E070E088ECAC
:1051F00092E40F94ED9D8B019C0155CF0F94122CDE
:105200008111CECF83EF91E10E947BE420E030E07A
:10521000A9010F942996882309F4E1CE6D2DDD0CA8
:10522000770B880B990B0F942F962B013C0183EF82
:1052300091E10E947BE44B015C0120E030E040EA18
:1052400050E40F94299687FFDECE812C912C90EAB2
:10525000A92E90E4B92ED7CECF930E941397C82FD2
:1052600080915E1280935D1280935C1284E680933D
:105270005B120E94D19881ED93E090933B0C809358
:105280003A0CC1110F94922881E0809328090E9462
:105290001C948EEF1ED9CF9159CECF93DF93CDB70B
:1052A000DEB72C970FB6F894DEBF0FBECDBF0F94BC
:1052B000DA700E9413979CE0E5E3F9E0DE011196B5
:1052C00001900D929A95E1F781110F949228CE01E9
:1052D00001960E94148D2C960FB6F894DEBF0FBE77
:1052E000CDBFDF91CF9108954F925F926F927F92E1
:1052F0008F929F92AF92BF92CF92DF92EF92FF92E6
:105300000F931F93CF93DF9300D000D0CDB7DEB7BC
:105310004090850C5090860C6090870C7090880CA3
:105320008090890C90908A0CA0908B0CB0908C0C83
:10533000C0908D0CD0908E0CE0908F0CF090900C63
:105340008091910C9091920CA091930CB091940C3F
:1053500089839A83AB83BC830E94AB9381E0809363
:10536000E0110E94777A0DE112E01E821D828D818C
:105370009E8181589A4E0E947BE4D8016D937D9363
:105380008D939D938D018D819E818D589A4E0E94A3
:105390007BE4F80160877187828793878D819E8186
:1053A00004969E838D830C9711F76091D5087091B8
:1053B000D6088091D7089091D80840E00F9498279C
:1053C0000E94F993A30192016091850C7091860C63
:1053D0008091870C9091880C0F94299681112BC095
:1053E000A50194016091890C70918A0C80918B0CBD
:1053F00090918C0C0F94299681111DC0A7019601E4
:1054000060918D0C70918E0C80918F0C9091900C0E
:105410000F94299681110FC029813A814B815C81BB
:105420006091910C7091920C8091930C9091940CDE
:105430000F942996811131DF80915D02863E08F438
:1054400086EE80935D0226960FB6F894DEBF0FBEFF
:10545000CDBFDF91CF911F910F91FF90EF90DF9023
:10546000CF90BF90AF909F908F907F906F905F9004
:105470004F900C940ADACF93DF9300D01F92CDB7F0
:10548000DEB788EE93E0A0E0B0E089839A83AB8337
:10549000BC83BE016F5F7F4F8CE30F94492B88E57F
:1054A00091E10F94032D82E591E1659B2DC00F944E
:1054B000032D69E371E183E491E10F946B368091F0
:1054C000030181FD2DC08CE491E10F94032D64E371
:1054D00071E183E491E10F946B3686E491E14B999D
:1054E0002DC00F94032D64E371E183E491E10F94E7
:1054F0006B364B992DC00F948A2B0F900F900F9005
:105500000F90DF91CF9108950F94032D64E371E123
:1055100083E491E10F946B368091030181FFD3CF37
:105520008CE491E10F94032D69E371E183E491E14F
:105530000F946B3686E491E14B9BD3CF0F94032DF0
:1055400069E371E183E491E10F946B364B9BD3CF18
:105550000F94702B0F900F900F900F90DF91CF91C1
:1055600008958091130B811104C08091150B88233D
:1055700031F062E070E080E090E00D94BA28089588
:10558000CF92DF92EF92FF920F931F93CF93DF930F
:10559000CDB7DEB72C970FB6F894DEBF0FBECDBFE8
:1055A000ADE3BCE090E080E0FC01E45BF84E4591A7
:1055B0005591659174914D935D936D937D93FC012D
:1055C000E45CF84E459155916591749150964D93D8
:1055D0005D936D937C935397FC01E45DF84E459188
:1055E00055916591749190964D935D936D937C93D5
:1055F0009397049680319105B9F680E29EE4A0E08D
:10560000B0E080934D0C90934E0CA0934F0CB09350
:10561000500C80E090E8ABE3B5E48093710C90937C
:10562000720CA093730CB093740C8093750C9093D0
:10563000760CA093770CB093780C8093790C9093B0
:105640007A0CA0937B0CB0937C0C10927D0C109282
:105650007E0C10927F0C1092800C1092810C109294
:10566000820C1092830C1092840C84EF9DEFA4E5C1
:10567000BCE380930D0C90930E0CA0930F0CB09391
:10568000100C1092170B1092180B1092190B10920D
:105690001A0B10921B0B10921C0B10921D0B1092E8
:1056A0001E0B10921F0B1092200B1092210B1092C8
:1056B000220BC12CD12C80E2E82E81E4F82EC0927E
:1056C000D508D092D608E092D708F092D8080F9467
:1056D000822782ED90E090932508809324088AEF3A
:1056E00090E090932708809326088DEC9CECACEC1E
:1056F000BDE38093280890932908A0932A08B093CB
:105700002B0810922C088CE0E2E1F3E0DE01119608
:1057100001900D928A95E1F789819A81AB81BC81D4
:1057200080934D1290934E12A0934F12B09350124B
:105730008D819E81AF81B8858093511290935212D2
:10574000A0935312B093541289859A85AB85BC857A
:105750008093551290935612A0935712B0935812FB
:1057600004EB10E010937C0B00937B0B8CE390E038
:1057700090937E0B80937D0B1092800B10927F0B89
:1057800080EF90E09093820B8093810B8EE690E007
:105790009093840B8093830B1092860B1092850B51
:1057A00086EF98E2A2E8B1E48093F1119093F211B0
:1057B000A093F311B093F41188E89CE3A9E4BEE34D
:1057C0008093F5119093F611A093F711B093F8110F
:1057D0008CE49EEDA8EAB3E48093F9119093FA115A
:1057E000A093FB11B093FC11C092C911D092CA11C1
:1057F000E092CB11F092CC118CE999EDA6E7BBE3D6
:105800008093CD119093CE11A093CF11B093D0116E
:1058100088E29BE1A9EEB4E48093D1119093D21178
:10582000A093D311B093D4118FEF80935D021092A7
:1058300033070E94E1F21092480780E090E0A0EE6A
:10584000BFE38093440790934507A0934607B09326
:1058500047071092130B1092120B83DE80E090E04A
:10586000A8ECB2E48093400790934107A0934207CD
:10587000B093430710923C0710923D0710923E07E9
:1058800010923F078CE291E09093350780933407A4
:105890001093370700933607109239071092380794
:1058A00010923B0710923A071FDD0F946C2D8AE08F
:1058B00097E10F94032D2C960FB6F894DEBF0FBE20
:1058C000CDBFDF91CF911F910F91FF90EF90DF90AF
:1058D000CF900D94E42D4F925F926F927F92AF9292
:1058E000BF92CF92DF92EF92FF920F931F93CF93CD
:1058F000DF9300D01F921F92CDB7DEB78D83162F96
:1059000020E041E060E070E080E291E40E9426A4A3
:105910004090850C5090860C6090870C7090880C9D
:105920008091890C90918A0CA0918B0CB0918C0C79
:1059300089839A83AB83BC839D81992369F10F94FA
:10594000122C111112C0E0908D0CF0908E0C009171
:105950008F0C1091900CA12CB12C650129813A81FA
:105960004B815C81C301B20111D8AD81A093150BAD
:105970000F900F900F900F900F90DF91CF911F918C
:105980000F91FF90EF90DF90CF90BF90AF907F90FE
:105990006F905F904F90E5CD0F94D82BD2CF809130
:1059A000660B882319F01092660B089540E070E0B2
:1059B00060E086E291E10D94233A4F925F926F92FC
:1059C0007F928F929F92AF92BF92CF92DF92EF928F
:1059D000FF92CF93DF9300D000D0CDB7DEB79E8388
:1059E0008D83DC014D905D906D907C9013971496A3
:1059F0008D909D90AD90BC90179718968D919D912C
:105A00000D90BC91A02D89839A83AB83BC83A301A5
:105A10009201C301B2010F948E966B017C01A50126
:105A20009401C501B4010F948E969B01AC01C7018E
:105A3000B6010F94119D6B017C0129813A814B8144
:105A40005C81CA01B9010F948E969B01AC01C7011C
:105A5000B6010F94119D0F94CB9F9B01AC0160E0A8
:105A600070E080E89FE30F94ED9D6B017C01AC0139
:105A70009B01C301B2010F948E96ED81FE8160837C
:105A8000718382839383A7019601C501B4010F94AA
:105A90008E96AD81BE8114966D937D938D939C936C
:105AA0001797A701960169817A818B819C810F9458
:105AB0008E96ED81FE816087718782879387269617
:105AC0000FB6F894DEBF0FBECDBFDF91CF91FF9030
:105AD000EF90DF90CF90BF90AF909F908F907F908E
:105AE0006F905F904F9008950F931F938091631173
:105AF000813019F50F948E790091BA081091BB0886
:105B00002091BC083091BD08601B710B820B930B78
:105B100028EE33E040E050E00F94539C60910A0778
:105B200070910B0780910C0790910D07620F731F06
:105B3000841F951F1F910F9108956091BE08709169
:105B4000BF088091C0089091C108D6CF1092631110
:105B50001092BA081092BB081092BC081092BD08AF
:105B60001092BE081092BF081092C0081092C1088F
:105B700010920A0710920B0710920C0710920D0753
:105B80000895809163118130E1F08230C1F4ACDF7F
:105B900060930A0770930B0780930C0790930D078F
:105BA00081E0809363110F948E796093BA087093AB
:105BB000BB088093BC089093BD0881E00895C6DFC0
:105BC000EFCF80E0089580916311813079F482E015
:105BD000809363110F948E796093BE087093BF0811
:105BE0008093C0089093C10881E0089580E00895F3
:105BF000809163118150823070F4109263110F9480
:105C00008E796093BE087093BF088093C00890930C
:105C1000C10881E0089580E008952091DD11309160
:105C2000DE11263531053CF42091B5113091B611C5
:105C3000263031051CF0882331F0A3CF662319F0FC
:105C4000D7DF0D94096C08950F94692D88E595E1CF
:105C50000F94032D80E595E10F94032D84E395E1E6
:105C60000F94032D0E94268CC3DF8091670B813037
:105C7000A1F00F94692D8DEB94E10F94032D60E05A
:105C800083EB94E10F94F0286EE571E080E090E002
:105C90000F94BA2881E08093670B08959C0197FFC9
:105CA00026C0EE27FF27E81BF90B2D398FEF3807A9
:105CB0000CF05DC08DE280938B0BCF0164E670E049
:105CC0000F94DD9CCB012AE030E0B9010F94DD9CFC
:105CD000805D80938C0BCF01B9010F94DD9CCB01CB
:105CE000B9010F94DD9C805D80938D0B2AC0283E06
:105CF00083E03807B4F1C90168EE73E00F94DD9CCE
:105D0000CB01EAE0F0E0BF010F94DD9C805D809361
:105D10008B0BC90164E670E00F94DD9CCB01BF01E1
:105D20000F94DD9C805D80938C0BC901BF010F94A3
:105D3000DD9CCB01BF010F94DD9C805D80938D0BBA
:105D4000F901CF016AE070E00F94DD9C805D8093E3
:105D50008E0B8BE89BE008958DE237FDC5CF80E286
:105D6000C3CFF90180E2243631050CF0A4CF80E2E4
:105D700080938B0B80938C0BEA30F1056CF38DE2F2
:105D800037FF80E280938C0BCF016AE070E00F94C4
:105D9000DD9C605D60938D0BD4CF9C01EAE0F0E068
:105DA000BF010F94DD9C805D80938E0B2A303105FE
:105DB000CCF0CB01BF010F94DD9C805D80938D0BF7
:105DC0002436310594F0C90164E670E00F94DD9C3F
:105DD000CB01BF010F94DD9C805D80938C0B8CE820
:105DE0009BE008958EE89BE008958DE89BE0089580
:105DF0009C018436910544F164E670E00F94DD9CCB
:105E0000CB016AE070E00F94DD9C805D80938C0B89
:105E100080E22A3031055CF0EAE0F0E0C901BF0120
:105E20000F94DD9CCB01BF010F94DD9C805D8093BE
:105E30008D0BC9016AE070E00F94DD9C805D80935A
:105E40008E0B8CE89BE0089580E237FFDFCF319521
:105E5000219531098DE2DACF482F282F30E060E21A
:105E6000843630F0C90164E670E00F94DD9C605D1B
:105E700060938C0B80E24A3058F0EAE0F0E0C90110
:105E8000BF010F94DD9CCB01BF010F94DD9C805DB1
:105E900080938D0BC9016AE070E00F94DD9C805DFA
:105EA00080938E0B8CE89BE0089594E6899F900187
:105EB000112421583F4FC9016FEF70E00F94DD9C12
:105EC000462FE72F862F91E3643609F090E29093F6
:105ED0008B0B8A30E0F0C90166EF79E00F94DD9C0E
:105EE000CB016AE070E00F94DD9C805D80938C0BA9
:105EF000842F9E2F6AE070E00F94DD9C805D80937C
:105F00008D0B85E280938E0B8BE89BE0089580E2F9
:105F1000EDCF8F929F92AF92BF92CF92DF92EF928E
:105F2000FF926B017C01BA01550F880B990B0F94FE
:105F30002F969B01AC0160E070E080E291E40F9449
:105F4000749F4B015C0120E030E040E251E4C70166
:105F5000B6010F948E96A50194010F948E964B0175
:105F60005C0120E030E0A901C701B6010F94299639
:105F700020E030E040EA50E487FF04C020E030E059
:105F800040EA50ECC501B4010F94119D2DEC3CEC9E
:105F90004CEC5DE30F948E960F94559EFF90EF901E
:105FA000DF90CF90BF90AF909F908F900895CF9249
:105FB000DF92EF92FF926B017C0120E030E0A901BB
:105FC0000F94299687FF04C0F7FAF094F7F8F0943D
:105FD00050E040E0C701B6019CDF9B0160E2203148
:105FE00087E2380730F0C90160E177E20F94C99C7D
:105FF000605D60938A0B283E83E03807F0F1C901A9
:1060000068EE73E00F94C99CCB016AE070E00F94D6
:10601000C99C805D80938B0B80E22436310558F05B
:10602000C90164E670E00F94C99CCB016AE070E09E
:106030000F94C99C805D80938C0B80E22A303105DF
:1060400058F0EAE0F0E0C901BF010F94C99CCB0110
:10605000BF010F94C99C805D80938D0BC9016AE0DC
:1060600070E00F94C99C805D80938E0B8AE89BE062
:10607000FF90EF90DF90CF90089580E2CBCF8F928A
:106080009F92AF92BF92CF92DF92EF92FF920F93C7
:106090001F93CF93DF93EA0141E050E03ADF6B01B9
:1060A0007C018BE2F7FE09C0F094E094D094C09498
:1060B000C11CD11CE11CF11C8DE28E010957144F4B
:1060C000F8018083239799F0C701B60128EE33E0E9
:1060D00040E050E00F94759CCA01B9012AE030E01D
:1060E00040E050E00F94759C605D60938A0BC7019F
:1060F000B60124E630E040E050E00F94759C8AE061
:10610000882E912CA12CB12CCA01B901A5019401B2
:106110000F94759C605D60938B0BC701B601A50160
:1061200094010F94759CC62FCA01B901A501940171
:106130000F94759C605D60938C0B8EE280938D0B49
:10614000C05DC0938E0BC801DF91CF911F910F915D
:10615000FF90EF90DF90CF90BF90AF909F908F9087
:1061600008958F929F92AF92BF92CF92DF92EF925B
:10617000FF92CF9342E050E0CCDE6B017C0120E146
:1061800037E240E050E00F94759CCA01B9012AE063
:1061900030E040E050E00F94759C605DF7FE09C070
:1061A000F094E094D094C094C11CD11CE11CF11C6B
:1061B0006DE26093890BC701B60128EE33E040E041
:1061C00050E00F94759C8AE0882E912CA12CB12C64
:1061D000CA01B901A50194010F94759C605D60939B
:1061E0008A0BC701B60124E630E040E050E00F948E
:1061F000759CCA01B901A50194010F94759C605D5D
:1062000060938B0B8EE280938C0BC701B601A501C6
:1062100094010F94759CC62FCA01B901A501940180
:106220000F94759C605D60938D0BC05DC0938E0B69
:1062300089E89BE0CF91FF90EF90DF90CF90BF90E7
:10624000AF909F908F9008958F929F92AF92BF9240
:10625000CF92DF92EF92FF92CF934B015C0120E04F
:1062600030E040E251EC0F942996181654F420E0E7
:1062700030E048EC52E4C501B4010F94389F87FD2B
:106280000CC0C501B401CF91FF90EF90DF90CF908B
:10629000BF90AF909F908F9064CF42E050E0C501D7
:1062A000B40137DE6B017C0120E030E0A901C501BB
:1062B000B4010F94389F87FD0BC020E030E040E22E
:1062C00051E4C501B4010F94299660E287FD1CC01A
:1062D000C701B60128EE33E040E050E00F94759C12
:1062E000CA01B9012AE030E040E050E00F94759C0B
:1062F000605DF7FE09C0F094E094D094C094C11C96
:10630000D11CE11CF11C6DE260938A0BC701B60140
:1063100024E630E040E050E00F94759C8AE0882E3F
:10632000912CA12CB12CCA01B901A50194010F94A3
:10633000759C605D60938B0B8EE280938C0BC70124
:10634000B601A50194010F94759CC62FCA01B9012D
:10635000A50194010F94759C605D60938D0BC05DE9
:10636000C0938E0B8AE89BE0CF91FF90EF90DF9077
:10637000CF90BF90AF909F908F900895EF92FF9233
:106380000F931F937A018B01FC0124813581468193
:10639000578160817181828193810E948BA51F91B9
:1063A0000F91FF90EF900895AF92BF92CF92DF923E
:1063B000EF92FF920F931F93CF93DF93EB01823005
:1063C00009F44DC0B0F5813009F43EC0E884F98489
:1063D0000A851B8520E030E040E050E460918D0CA0
:1063E00070918E0C80918F0C9091900C0F94119D58
:1063F0005B016C0120E030E04AE753E40F94389FE2
:10640000181634F4A12CB12C8AE7C82E93E4D92EA7
:106410009501A601B701C8010F94389F181614F012
:106420007501860120E030E040EA50E4B701C80180
:1064300013C08330C9F1843049F640E050E068EC85
:1064400072E4CE019BDF59C0688579858A859B857A
:1064500020E030E040EA50E40E9419A4EECF288505
:1064600039854A855B8560918D0C70918E0C809189
:106470008F0C9091900C0F94119D6B017C0120E08A
:1064800030E04AE753E40F94299687FD06C0C12CFB
:10649000D12C3AE7E32E33E4F32E20E030E040EA5B
:1064A00050E4C701B601D8CF20E030E040E050E42E
:1064B00060918D0C70918E0C80918F0C9091900C4E
:1064C0000F94119D6B017C0120E030E04AE753E41A
:1064D0000F94389F1816ECF020E030E0A901C701B6
:1064E000B6010F94299687FD1BC020E030E040EAFA
:1064F00050E4C701B6010E9419A4DF91CF911F910A
:106500000F91FF90EF90DF90CF90BF90AF900C94E1
:106510004DA9C12CD12C2AE7E22E23E4F22EE5CF9F
:10652000C12CD12C7601E1CF4F925F926F927F9276
:106530008F929F92AF92BF92CF92DF92EF92FF9293
:10654000CF93DF93CDB7DEB76E970FB6F894DEBF6B
:106550000FBECDBF9E8F8D8FFC01C4A8D5A8E6A825
:10656000F7A820E030E0A901C701B6010F942996F1
:10657000882309F493C1A701960160E070E080E8E8
:106580009FE30F94ED9D4B015C01ED8DFE8D20810D
:106590003181428153810F948E966B017C01ED8D88
:1065A000FE8D2481358146815781C501B4010F9448
:1065B0008E9669837A838B839C83ED8DFE8D2485F3
:1065C000358546855785C501B4010F948E962B01FC
:1065D0003C01A7019601C701B6010F948E969B015D
:1065E000AC01C301B2010F94109D698B7A8B8B8B28
:1065F0009C8BED8DFE8D2089318942895389C5019F
:10660000B4010F948E962B013C0129813A814B8174
:106610005C81CA01B9010F948E969B01AC01C30144
:10662000B2010F94109D6D8B7E8B8F8B988FED8DAB
:10663000FE8D2489358946895789C501B4010F9497
:106640008E962B013C0129813A814B815C81C701E7
:10665000B6010F948E969B01AC01C301B2010F9459
:10666000109D69877A878B879C872D893E894F8902
:10667000588D69897A898B899C890F948E962B0114
:106680003C0129853A854B855C85CA01B9010F9487
:106690008E969B01AC01C301B2010F94109D6D83D6
:1066A0007E838F83988720E030E0A9010F94389F84
:1066B0004D805E806F80788487FF04C077FA709485
:1066C00077F87094ED8DFE8D24A135A146A157A1D8
:1066D00060A171A182A193A10F94119D2FEF36EEBD
:1066E0004BED5EE20F948E96A30192010F94389FBA
:1066F00087FFD4C0ED8DFE8D208531854285538581
:10670000C501B4010F948E966D877E878F87988B15
:10671000ED8DFE8D248D358D468D578DC501B401CF
:106720000F948E962B013C012D853E854F8558890F
:1067300069817A818B819C810F948E969B01AC013B
:10674000C301B2010F94109D698F7A8F8B8F9C8F3C
:10675000ED8DFE8D208D318D428D538DC501B4019F
:106760000F948E964B015C012D853E854F8558898F
:10677000C701B6010F948E969B01AC01C501B4010F
:106780000F94109D2B013C01298D3A8D4B8D5C8D12
:1067900069857A858B859C850F948E964B015C016B
:1067A000A30192016D897E898F89988D0F948E96B1
:1067B0009B01AC01C501B4010F94109D2D813E8158
:1067C0004F8158850F94ED9D4B015C01ED8DFE8D41
:1067D00080A691A6A2A6B3A6A301920169857A8597
:1067E0008B859C850F948E962B013C01298D3A8DCB
:1067F0004B8D5C8D69897A898B899C890F948E96E3
:106800009B01AC01C301B2010F94109D2D813E810B
:106810004F8158850F94ED9D2B013C01ED8DFE8D30
:1068200044A655A666A677A6A5019401C701B601A0
:106830000F948E962D853E854F8558890F94119D16
:106840006B017C01A301920169817A818B819C811A
:106850000F948E969B01AC01C701B6010F94119D58
:106860009058ED8DFE8D60AB71AB82AB93AB90E039
:1068700080E06E960FB6F894DEBF0FBECDBFDF91FD
:10688000CF91FF90EF90DF90CF90BF90AF909F900F
:106890008F907F906F905F904F90089581E090E08F
:1068A000E8CF2F923F924F925F926F927F928F929A
:1068B0009F92AF92BF92CF92DF92EF92FF920F938F
:1068C0001F93CF93DF9300D000D0CDB7DEB7C09039
:1068D0000D0BD0900E0BE0900F0BF090100BC1142D
:1068E000D104E104F10469F10F948E79C61AD70A34
:1068F000E80AF90A1C141D041E041F044CF04098F9
:1069000010920D0B10920E0B10920F0B1092100B99
:1069100026960FB6F894DEBF0FBECDBFDF91CF91A4
:106920001F910F91FF90EF90DF90CF90BF90AF90AD
:106930009F908F907F906F905F904F903F902F909F
:1069400008958091F119882319F3E091EF1981508E
:106950008093F11981E08E0F8093EF199091F219D5
:10696000891302C01092EF1984E0E89FF00111240E
:10697000ED50F64E80819181A281B3818093090B05
:1069800090930A0BA0930B0BB0930C0B0F948E7982
:106990002091090B30910A0B620F731F811D911D0D
:1069A00060930D0B70930E0B80930F0B9093100B55
:1069B00080910B0B90910C0B892B09F4A9CF9FB7F9
:1069C0009E83F8942090090B30900A0B2101712CC2
:1069D000612C00910B0B10910C0B80915C028532A5
:1069E00031F08F3F09F47FC09E819FBF91CFE1E7D7
:1069F000F4E484918D8387FDF7CF61E085E20F9405
:106A0000AD789D81992321F08D81823009F0E1C11B
:106A10004801B12CA12C60E072E18AE790E0A50169
:106A200098010F94759C29833A834B835C83690199
:106A30007A0191E0C91AD108E108F1088FEFC81670
:106A4000D104E104F10409F00CF493C160E472E4B0
:106A50008FE090E0A50198010F94759C69017A017F
:106A600091E0C91AD108E108F1088D81823009F05E
:106A700011C182E09FEFC916D104E104F10409F0CD
:106A80000CF470C160E970ED83E090E0A50198011D
:106A90000F94759C69017A0181E0C81AD108E10858
:106AA000F10883E09FEFC916D104E104F10409F075
:106AB0000CF458C168E478EE81E090E0A5019801FB
:106AC0000F94759C69017A0181E0C81AD108E10828
:106AD000F1089FEFC916D104E104F10411F00CF0A4
:106AE00029C184E03FC185E280935C02E1E7F4E4E0
:106AF00094919D83892F9F3F09F476CF923009F4BA
:106B000069C060F4992381F1913009F445C087FD93
:106B10006BCF61E085E20F94AD7876CF9D819430A4
:106B200009F49AC008F478C0953089F710922001D2
:106B30001092210180912101886080932101809130
:106B40002101816080932101E2E2FAE4E491F0E026
:106B5000EE0FFF1FED51F64B85919491E2ECF9E4B5
:106B6000E491E093A10849CF14BC15BC84B58260C0
:106B700084BD85B5816085BDE2E2FAE4E491F0E090
:106B8000EE0FFF1FED51F64B85919491E2ECF9E485
:106B9000E491E093A50831CF10928000109281001B
:106BA0008091810088608093810080918100816064
:106BB00080938100E2E2FAE4E491F0E0EE0FFF1F3F
:106BC000ED51F64B85919491E2ECF9E4E491E09378
:106BD000A40813CF1092B0001092B1008091B000C1
:106BE00082608093B0008091B10081608093B10099
:106BF000E2E2FAE4E491F0E0EE0FFF1FED51F64B14
:106C0000859194919093020B8093010BE2ECF9E44F
:106C1000E491E093030BF1CE10929000109291005A
:106C200080919100886080939100809191008160B3
:106C300080939100E2E2FAE4E491F0E0EE0FFF1FAE
:106C4000ED51F64B85919491E2ECF9E4E491E093F7
:106C5000A30883E08D83D1CE1092A0001092A100F2
:106C60008091A10088608093A1008091A100816043
:106C70008093A100E2E2FAE4E491F0E0EE0FFF1F5E
:106C8000ED51F64B85919491E2ECF9E4E491E093B7
:106C9000A208B3CE8FEFC816D104E104F10409F0C5
:106CA0000CF495C068E478EE81E090E0A5019801CD
:106CB0000F94759C69017A0191E0C91AD108E10825
:106CC000F1088D81882309F485C18FEFC816D1049E
:106CD000E104F10409F00CF404CF62E17AE780E00A
:106CE00090E0A50194010F94759C69017A0191E0EF
:106CF000C91AD108E108F1088D81882309F43FC140
:106D000086E09FEFC916D104E104F10459F150F176
:106D1000C980DA80EB80FC808AE0F594E794D79410
:106D2000C7948A95D1F781E0C81AD108E108F10823
:106D300087E018C064E274EF80E090E0A501940160
:106D40000F94759C69017A0191E0C91AD108E10894
:106D5000F1088FEFC816D104E104F10411F008F036
:106D600029C185E09091B100987F892B8093B10073
:106D700008C081E09D819111F5CF95B5987F892B51
:106D800085BD2FEF3FEFA90145284628472809F088
:106D900048C09D81923009F4E2C00CF0C9C099232B
:106DA00009F4CEC0913009F01FCED0928900C09274
:106DB00088002093B2083093B3084093B4085093EE
:106DC000B50880916F00826080936F000DCE82E0E5
:106DD000D1CFB12CA12C60E072E18AE790E0A5014F
:106DE00098010F94759C69017A0181E0C81AD10855
:106DF000E108F108C114D10491E0E906F104F4F4CA
:106E000091E08D81813059F580918100887F892BB7
:106E1000809381002FEF3FEFA9014528462847289E
:106E200021F29801220F331FD1010F94A19C28EE6B
:106E300033E040E050E00F94539CABCF68E478EE31
:106E400081E090E0A50198010F94759C69017A0199
:106E500081E0C81AD108E108F10893E0D2CF8D8112
:106E60008330F9F480919100887F892B8093910081
:106E70002FEF3FEFA90145284628472891F6D092E9
:106E80009900C09298002093AE083093AF084093C9
:106E9000B0085093B10880917100826080937100B6
:106EA000A3CD8D81843001F58091A100887F892B4D
:106EB0008093A1002FEF3FEFA901452846284728DE
:106EC00009F0AFCFD092A900C092A8002093AA08E1
:106ED0003093AB084093AC085093AD08809172009A
:106EE00082608093720080CD8D81853009F049CF1A
:106EF00080912101887F892B809321012FEF3FEF23
:106F0000A90145284628472809F08BCFD0922901AE
:106F1000C09228012093A6083093A7084093A808A0
:106F20005093A908809173008260809373005CCDB8
:106F30008D81843039F20CF4A2CF853039F354CDF1
:106F4000C7BC2093B6083093B7084093B808509355
:106F5000B90880916E00826080936E0045CDC0922A
:106F6000B3002093040B3093050B4093060B509312
:106F7000070B8091700082608093700035CD84E0B3
:106F80009FEFC916D104E104F10409F008F4F5CE2D
:106F9000C980DA80EB80FC809AE0F594E794D7947E
:106FA000C7949A95D1F781E0C81AD108E108F10891
:106FB00085E0E3CE62E17AE780E090E0A50194010C
:106FC0000F94759C69017A0191E0C91AD108E10812
:106FD000F10896CE8FEFC816D104E104F10411F048
:106FE0000CF07BCE83E0C9CEFC0180E0309749F005
:106FF0009491992331F0907C903809F08F5F31960D
:10700000F7CF0895009751F0FC0180E0919199230A
:1070100031F0907C9038D1F38F5FF8CF80E0089505
:10702000AF92BF92CF92DF92EF92FF920F931F9396
:10703000CF93DF93EC015B018A01FB01199587FD7A
:1070400016C0C82ED12CF12CE12C2196F801C0825B
:10705000D182E282F382CE01DF91CF911F910F9115
:10706000FF90EF90DF90CF90BF90AF900895982F52
:10707000907E903CA9F48F7190E0B0E0A0E06C01AC
:107080007D0156E0CC0CDD1CEE1CFF1C5A95D1F79F
:10709000CE010196F50119958F73C82A2296D6CF95
:1070A000982F907F903E11F58F7090E0B0E0A0E0B7
:1070B0006C017D0136E0CC0CDD1CEE1CFF1C3A950A
:1070C000D1F7CE010196F50119958F73C82A46E0D4
:1070D000CC0CDD1CEE1CFF1C4A95D1F7CE010296AC
:1070E000F50119958F73C82A2396B0CF982F987FF2
:1070F000903F79F5877090E0B0E0A0E06C017D01F1
:1071000086E0CC0CDD1CEE1CFF1C8A95D1F7CE016D
:107110000196F50119958F73C82A96E0CC0CDD1CF9
:10712000EE1CFF1C9A95D1F7CE010296F501199538
:107130008F73C82A26E0CC0CDD1CEE1CFF1C2A95A0
:10714000D1F7CE010396F50119958F73C82A2496BD
:107150007DCF982F907C903841F4807C803869F402
:107160002196CE01F5011995F8CF8E7F8D3F28F03D
:107170002196CE01F5011995F8CFC12CD12C7601BD
:1071800065CFCF92DF92EF92FF926B017C0120E0FE
:1071900030E0A9010F94299687FD26C06DEB77E3B7
:1071A00086E095E3A70196010F94119D6B017C0188
:1071B00020E030E0A9010F94299620E030E040E083
:1071C0005FE387FF04C020E030E040E05FEBC701F1
:1071D000B6010F94119D0F94559ECB01FF90EF9037
:1071E000DF90CF900C94F8AE6DEB77E386E095EBF3
:1071F000D9CFCF93DF93EC010E94654E20E040E0B1
:1072000070E060E0CE01DF91CF910C94B5302F9209
:107210003F924F925F926F927F928F929F92AF9226
:10722000BF92CF92DF92EF92FF920F931F93CF9373
:10723000DF9300D000D0CDB7DEB761E081E00E94DF
:107240005E2E2091740B2D83422E2B5F298320EC20
:10725000622E20E1722E87E084198A8333243394CE
:1072600086E084198B8385E084198C8384E08419FB
:107270008E8382E0582E5418232C24189D81992344
:10728000B1F1913009F048C010914D078091730B16
:107290008130A9F480916A0B10926A0B882379F0EF
:1072A0002D81122783E080936A028FE498E2892B74
:1072B00011F00E944F288091690B811179C0809153
:1072C0006A02882309F484C181E09091730B9130A4
:1072D00009F080E028E031E1111102C024E031E141
:1072E00001E04BE051E1622D0E94D9DE15C0809192
:1072F000730B882309F44EC080916A02882361F0E1
:10730000642D619581E09091730B911180E024E0F0
:1073100048E151E10F9409746091490770914A075F
:1073200080914B0790914C076093770B7093780B8B
:107330008093790B90937A0B2D81223009F07EC0D7
:107340002091730B223009F44CC080916A0288238B
:10735000B9F011E08091730B823009F010E0609178
:10736000770B7091780B8091790B90917A0B09DFF4
:1073700000E09C0148EF50E1652D812F0E94D9DE8D
:107380002D812F5F2D838981821378CF88E08093B0
:10739000680B0EC080916A0B10926A0B882309F467
:1073A000ABCF0E94C1388091690B882309F4A4CF28
:1073B00026960FB6F894DEBF0FBECDBFDF91CF91FA
:1073C0001F910F91FF90EF90DF90CF90BF90AF9003
:1073D0009F908F907F906F905F904F903F902F90F5
:1073E000089520916A0B10926A0B222309F4ADCF05
:1073F0000F94559E5B016C011F9282EF9FE79F9354
:107400008F938EE2882E8EE4982E14E6E12EF12CD6
:1074100000E010E020E030E0A90167E77BE088EFC2
:1074200090E10E946A4F309209070F900F900F90E1
:107430008091690B882309F488CFBACF8D8183307E
:1074400089F58091730B833001F180916A02882362
:1074500009F496CF8DE09FE79F938F938CEE90E198
:107460009F938F9383E084198F9381E09091730BA6
:10747000933009F080E08F930E94502E0F900F9070
:107480000F900F900F900F907BCF80916A0B10920E
:107490006A0B8823D1F20E940D7F8091690B8823AB
:1074A000A1F286CF9D81943009F077C08091730B53
:1074B000843091F080916A02882309F461CF81E0E1
:1074C0009091730B943009F080E023E04FED50E190
:1074D0006E810F94097454CF80916A0B10926A0BDD
:1074E000882341F381EE98E384DE8091690B882341
:1074F00009F35ECF8091730B853081F080916A0231
:10750000882309F43DCF81E09091730B953009F009
:1075100080E023E04FEC50E16C81DBCF80916A0B7F
:1075200010926A0B882351F38BE29FE762DE809111
:10753000690B882319F33CCF8091730B863081F05F
:1075400080916A02882309F41BCF81E09091730B2C
:10755000963009F080E023E045EC50E16B81B9CF33
:1075600080916A0B10926A0B882351F389EF9AEB92
:1075700040DE8091690B882319F31ACF80916A0B42
:1075800010926A0B8823B1F07092250B6092240B45
:107590008091690B882371F00BCF9D81953009F4A0
:1075A000A9CF963049F2973009F0EACE9091730B4B
:1075B000973021F380916A02882309F4E1CE81E0BB
:1075C000973009F080E020E240EB50E16A8181CF02
:1075D0008091490790914A07A0914B07B0914C07C1
:1075E0008093770B9093780BA093790BB0937A0BE1
:1075F000C7CEBF92CF92DF92EF92FF920F931F936D
:10760000CF93DF9361E081E00E945E2EC091740B06
:1076100085E0E82EEC0ED4E0DC1B13E01C1B9FE79A
:10762000C92E90E1D92E02E00C1B81E0F82EFC1A45
:10763000BC2EB194C11130C08091730B8823B1F07E
:1076400080916A02882359F081E09091730B911127
:1076500080E024E04BE950E16B2D0F940974CF5F7B
:10766000EC12E8CF85E08093680B0CC080916A0B28
:1076700010926A0B882321F30E94C1388091690B14
:107680008823F1F2DF91CF911F910F91FF90EF903E
:10769000DF90CF90BF900895C13009F58091730BB2
:1076A000813079F080916A028823C9F281E090915B
:1076B000730B913009F080E023E040E950E16F2D39
:1076C000CCCF80916A0B10926A0B882359F387EE16
:1076D0009CE58FDD8091690B882321F3D3CFC230E5
:1076E00009F051C09091730B923071F080916A0251
:1076F000882309F4B4CF81E0923009F080E020E2E1
:107700004BE650E1602FA9CF80916A0B10926A0B73
:10771000882361F3D092250BC092240B8091690BD2
:10772000882321F3AFCF8091730B833081F0809158
:107730006A02882309F493CF81E09091730B933010
:1077400009F080E023E041E650E1612F86CF80918F
:107750006A0B10926A0B882351F385E99FE549DD96
:107760008091690B882319F38DCF80916A0B109259
:107770006A0B882389F082EC9EE53BDD8091690BE2
:10778000882351F07FCFC33071F2C43009F067CF46
:107790008091730B843049F380916A02882309F445
:1077A0005ECF81E09091730B943009F080E023E08C
:1077B00043E550E16D2F51CF0F931F93CF93DF938C
:1077C000CDB7DEB72C970FB6F894DEBF0FBECDBF96
:1077D000809112028F93809111028F938FE191E13A
:1077E0009F938F938E010F5F1F4F1F930F930F94E3
:1077F000C295C8010E945E2B0F900F900F900F90C2
:107800000F900F902C960FB6F894DEBF0FBECDBF31
:10781000DF91CF911F910F910895BC0189E990E20A
:107820000E947CF586E990E20D94032D8F929F9241
:10783000AF92BF92CF92DF92EF92FF920F931F937E
:10784000CF93DF931F921F92CDB7DEB77C0180915B
:10785000731184FD03C0C701E0DF8DC0613009F4FE
:107860006AC008F461C0623009F4D7C08091731116
:10787000877F8B7F809373110E94E987A701BE01E8
:107880006F5F7F4F81E00F940F6E8C01009719F3AB
:1078900069817A8121E0AC018AEF9BE10E94F7883F
:1078A000882309F4C1C080910B1C90910C1CA091FD
:1078B0000D1CB0910E1C80936B1190936C11A093D2
:1078C0006D11B0936E1110926F1110927011109291
:1078D000711110927211B80184EC90E20E947CF553
:1078E000C0906B11D0906C11E0906D11F0906E1102
:1078F0008CEB90E20F94032DC701B6010F94F56F46
:107900000F94E42D8DEA90E20F94032DC8010E949C
:10791000B28880912111882311F001E211E160E029
:10792000C8010E9449E227C0B70182E00F9430806D
:1079300010926A119BCF0F944129811105C0B701A4
:1079400081E00F94308092CF80916A11882311F1E9
:107950000F94692D8DE191E20F94032D81E090E069
:107960000F94B4280F94E42D40E070E060E08CE0C8
:1079700091E20F94233A0F900F90DF91CF911F91D6
:107980000F91FF90EF90DF90CF90BF90AF909F90BE
:107990008F90089588E398E00E949C87E0916A1197
:1079A00084E0E89FF0011124EC5CF74F80916F11A7
:1079B00090917011A0917111B09172118083918397
:1079C000A283B3830F946C2DB70183EF90E20E94E2
:1079D0007CF560916A1189E6689FB0011124685CAA
:1079E000774F88EE90E20E947CF580906F11909026
:1079F0007011A0907111B090721182EE90E20F940C
:107A0000032DC501B4010F94F56F0F94E42D8091FF
:107A10006A118F5F80936A1129CF0F946C2D82EDCC
:107A200090E20F94032D22CFC80116CF0F93CF936E
:107A3000DF9300D01F92CDB7DEB701E02AED38E02A
:107A400044E050E0BE016F5F7F4F8CED98E00F94F3
:107A5000032A43E050E066E373E0CE0101960F9401
:107A60005FA1892BE1F08C81882319F08FE3898352
:107A70001A820F946C2DBE016F5F7F4F81E498E1F5
:107A80000E947CF583E398E10F94032D81E00F9031
:107A90000F900F900F90DF91CF910F91089580E09C
:107AA000F6CFCF93DF93EB010F94032DCE010F940C
:107AB0004E7FDF91CF910D94E42DEF92FF920F93C3
:107AC0001F93CF93DF931F921F92CDB7DEB7209104
:107AD000731124FF35C07C01BC0182E00F9430801B
:107AE00010926A1180917311877F8B7F809373113D
:107AF0000E94E987A701BE016F5F7F4F80E00F946E
:107B00000F6E8C01C7010115110521F169817A8180
:107B100026E5A8018AEF9BE10E94F7888823C9F037
:107B200080917311816080937311C8010E94B288A3
:107B3000B80185E691E2B5DF60E0C8010E9449E244
:107B40000F900F90DF91CF911F910F91FF90EF90C9
:107B50000895C80162DEF4CFCF939091731194FF22
:107B60001EC090919E1A91111AC02AE5811121E040
:107B7000C82F4AE353E066EB7AE18BE99AE10E9471
:107B8000F788811104C08AE393E0CF9146CEC111FA
:107B900006C06AE373E085E691E2CF9182CFCF9190
:107BA0000895FF920F931F93CF93DF93CDB7DEB766
:107BB0006D970FB6F894DEBF0FBECDBF2091731145
:107BC00024FF29C0AC01BE01645E7F4F80E00F94AA
:107BD0000F6E8C010097F9F06C8D7D8D19821C82DF
:107BE00022E0AC01CE0101960E94F78881111FC0EE
:107BF000F12CCE0101960E9404F3B801FF2061F13F
:107C000087E591E24EDF10926F1110927011109281
:107C10007111109272116D960FB6F894DEBF0FBEFF
:107C2000CDBFDF91CF911F910F91FF900895CE01AD
:107C300001960F947B6D8823D9F261E0CE01019605
:107C40000E94DF830097A1F225EEFC0120831C82B5
:107C50000E946B76F82ECDCF8FE391E20E947CF5E7
:107C60008CE391E20F94032DD6CFCF92DF92EF9267
:107C7000FF920F931F93CF93DF93CDB7DEB7E897B3
:107C80000FB6F894DEBF0FBECDBF6801790122E4C4
:107C90008F3F09F024E580E289831A828E010F5F0D
:107CA0001F4FF80101900020E9F7CF010197801BD9
:107CB000910B8233910510F5F801E80FF91F20832D
:107CC0008133910521F08C0F9D1FFC011282F80178
:107CD00001900020E9F7CF010197801B910B8233BF
:107CE000910560F42AE3F801E80FF91F208381333E
:107CF000910521F08C0F9D1FFC0112824CAB5DABF6
:107D00006EAB7FAB82E088AFBE016C5C7F4FC80179
:107D10000F94066FF80101900020E9F7CF01019759
:107D2000801B910B8233910550F443E350E0481BD4
:107D3000590B62E170E2800F911F0F942395CCAA3A
:107D4000DDAAEEAAFFAA82E088AFBE016C5C7F4F7D
:107D5000C8010F94066FC8010F944E7F62E070E077
:107D600080E090E00F945B79E8960FB6F894DEBF60
:107D70000FBECDBFDF91CF911F910F91FF90EF907C
:107D8000DF90CF900895DF92EF92FF920F931F93B1
:107D9000CF93DF93CDB7DEB7C157D1090FB6F894B3
:107DA000DEBF0FBECDBFF82E6091DD117091DE11E8
:107DB000072E000C880B990B0F942F968B019C01BA
:107DC0004091D9115091DA116091DB117091DC1161
:107DD00080E84BDF6091B5117091B611072E000C51
:107DE000880B990B0F942F968B019C014091B11138
:107DF0005091B2116091B3117091B4118FEF35DFD2
:107E00008FEFF81631F0FF2009F485C0F12CE12C3A
:107E100003C0E090B711F12C45E650E06AE170E252
:107E20008E010F5F1F4FC8010F942395FF92EF92B1
:107E300088E496E09F938F937E01E6E6EE0EF11CB8
:107E4000FF92EF920F9478A1F80101900020E9F7DA
:107E5000CF010197801B910B0F900F900F900F9007
:107E60000F900F908436910548F445E650E0481B8A
:107E7000590BB701800F911F0F947295D090B711D5
:107E8000F80101900020E9F7CF010197801B910BC9
:107E90008436910550F445E650E0481B590B65E1E6
:107EA00070E2800F911F0F9423951F92DF9288E458
:107EB00096E09F938F93FF92EF920F9478A1F80131
:107EC00001900020E9F7CF010197801B910B0F90E3
:107ED0000F900F900F900F900F908436910548F4FB
:107EE00045E650E0481B590BB701800F911F0F94D6
:107EF0007295C8010F944E7FCF58DF4F0FB6F8949C
:107F0000DEBF0FBECDBFDF91CF911F910F91FF90CC
:107F1000EF90DF900895E090DF117DCF2F923F9298
:107F20004F925F926F927F928F929F92AF92BF9289
:107F3000CF92DF92EF92FF920F931F93CF93DF9335
:107F4000CDB7DEB7E4970FB6F894DEBF0FBECDBF56
:107F50008FA768AB20912C082AA710922C0880913B
:107F6000D9119091DA11A091DB11B091DC118BA79E
:107F70009CA7ADA7BEA71092230881E08093230B96
:107F80001D8E1E8E1F8E18A21AA21BA21CA21DA23D
:107F90001EA29CE39FA3ACE1A8A7B6E4B9A71E8AE2
:107FA0001F8AE0E8E88FFFEBF98F1A8E21E029A302
:107FB000412C512C3201CE0101961C018091230BE2
:107FC000882309F45AC1411451046104710461F019
:107FD000C418D508E608F70890E1C91697E2D90653
:107FE000E104F10408F049C16091DD117091DE11E6
:107FF000072E000C880B990B0F942F967B018C0198
:108000002E893F89488D598D0F9429968823B9F080
:108010002091D9113091DA114091DB115091DC118E
:10802000A8A9B701C801A111F2C00F942996881F11
:108030008827881F8A8FEE8AFF8A088F198F0F94EE
:108040008E796B017C018AA19BA1ACA1BDA18C1989
:108050009D09AE09BF09181619061A061B06A4F1D8
:10806000D701C60188519C4FAF4FBF4F8AA39BA336
:10807000ACA3BDA38FA587DE45E150E06EE170E2C1
:10808000C1010F9423951D8A4114510461047104A8
:1080900009F4C7C0C301B201605F784D8F4F9F4F95
:1080A0006C197D098E099F0928EE33E040E050E00D
:1080B0000F94539CBA01A901C1010E94A88BC10170
:1080C0000F944E7F0F94E42D80E00F94273B0F9484
:1080D0008E7960939B0B70939C0B80939D0B909378
:1080E0009E0BB091D911BB8FE091DA11EC8F00910A
:1080F000DB111091DC11FA8DF1111CC06E897F89A2
:10810000888D998D0F94559E4B016B8D7C8DC80188
:108110000F94559E69AB7AAB8BAB9CAB6BA57CA5E2
:108120008DA59EA50F94559ECB01A40169A97AA99E
:108130000F9466182B8D3C8DA8016E897F89888DE0
:10814000998D0F94109D4B015C0120E030E0A90156
:108150000F94389F87FF04C0B7FAB094B7F8B09473
:10816000411451046104710409F079C020E030E049
:1081700040E85FE3C501B4010F94299687FF10C062
:1081800029A1412C512C3201222331F085E0482EC7
:108190008DE0582E612C712C4C0C5D1C6E1C7F1CCC
:1081A0003A8D332391F18D8D9E8DAF8DB8A10097BF
:1081B000A105B10549F08C199D09AE09BF09181632
:1081C00019061A061B060CF12B8D3C8DA8016EA119
:1081D0007FA188A599A50F94109D20E030E040EC88
:1081E0005FE30F94299687FD48C0D701C601805AE6
:1081F0009541AF4FBF4F8D8F9E8FAF8FB8A39B8D93
:108200009EA3AC8DAFA308A719A719A2D7CE0F9430
:10821000299687FD32C0EE8AFF8A088F198F1A8E41
:108220000ECFD1010D900020E9F7CD010197821901
:1082300093098431910508F042CFF101E80FF91F4D
:10824000BFE3B0838331910509F439CFE2E0F0E078
:10825000EC0FFD1F8E0F9F1FDC011C9230CF20E022
:1082600030E040E450E4C501B4010F94389F181683
:108270000CF096CF2601370193CF1091230B1123D9
:1082800031F01092230B0F94096C0E94E028BAA5DC
:10829000B0932C08812FE4960FB6F894DEBF0FBE82
:1082A000CDBFDF91CF911F910F91FF90EF90DF90A5
:1082B000CF90BF90AF909F908F907F906F905F9086
:1082C0004F903F902F9008953F924F925F926F9200
:1082D0007F928F929F92AF92BF92CF92DF92EF9256
:1082E000FF920F931F93CF93DF93CDB7DEB7C358A1
:1082F000D1090FB6F894DEBF0FBECDBFCDB6DEB646
:1083000084E690E00E94BF8F811120C010E0812F91
:108310000FB6F894DEBE0FBECDBECD57DF4F0FB601
:10832000F894DEBF0FBECDBFDF91CF911F910F91AB
:10833000FF90EF90DF90CF90BF90AF909F908F9085
:108340007F906F905F904F903F9008956FDB182F54
:108350008530E1F28130D1F1CE0183589F4F0E94E8
:10836000C47EE9961CAE1DAE1EAE1FAEE9971092FC
:10837000DB081092DA08CE0185589F4F0E94C47E18
:10838000ED968EAD9FADED978537924061F182E31A
:1083900090E20F94032D8DEB95E10F94032D0F9434
:1083A0006C2D6091DC087091DD08645671098DE3D5
:1083B00096E10F946F2D85E396E10F94032D85E7E9
:1083C00092E00F94AF280F94E42D12E08091D90829
:1083D00081119DCF8091670B833008F498CF80E0A6
:1083E0000E945D8E94CFCE018F579F4F0E94B77E23
:1083F000ADB6BEB6CF57DF4F6881C158D04070E0F0
:108400006D5F7F4F660F771F660F771F8DB79EB723
:10841000861B970B0FB6F8949EBF0FBE8DBFEDB7AE
:10842000FEB73196CE57DF4FF983E883C258D0406C
:10843000CF010E94D17E0091D90881E008272AED62
:1084400038E044E050E06DE47CE08CED98E00F947F
:10845000032ACF57DF4F6881C158D04070E06D5F6D
:108460007F4F660F771F660F771F8DB79EB7861BEE
:10847000970B0FB6F8949EBF0FBE8DBF0DB71EB7FA
:108480000F5F1F4FC8010E94D17ECF57DF4F688119
:10849000C158D04070E06D5F7F4F660F771F660F49
:1084A000771FEDB7FEB7E61BF70B0FB6F894FEBFCC
:1084B0000FBEEDBF8DB79EB701967C010E94D17EA5
:1084C0008091D908811155C0CF57DF4F8881C1589D
:1084D000D04090E00296ADE3BCE050E040E030E0F8
:1084E00020E068E577E1821793070CF4D2C0CE57FD
:1084F000DF4FE881F981C258D040E40FF51F40807A
:108500005180628073804D925D926D927D92821750
:1085100093070CF4C4C0F801E40FF51F308081808C
:108520009280E381432C582C692C7E2E50964D92DC
:108530005D926D927C925397821793070CF4BAC0A8
:10854000F701E40FF51F308081809280E381432C96
:10855000582C692C7E2E90964D925D926D927C9255
:1085600093972F5F3F4F4C5F5F4F2430310509F0E9
:10857000BACF81E79CE00E94A77E85E79CE00E943D
:10858000A77E89E79CE00E94A77E8DE79CE00E9481
:10859000A77E81E89CE00E94A77ECE018B589F4F6A
:1085A0000E94A77ECE018B589F4F0E94A77ECE01CE
:1085B0008B589F4F0E94A77ECE018B589F4F0E94E1
:1085C000A77E8DE09CE00E94A77E0FB6F894BEBE09
:1085D0000FBEADBE87E19BE00E94977ECE0187581B
:1085E0009F4F0E94418ECE0183599F4F0E94A77ECC
:1085F000FE0131967F01CF010E94A77E85ED98E0B4
:108600000E94A77E0091D90881E008272AED38E072
:1086100048E050E064E278E08CED98E00F94032AA3
:10862000CE018B589F4F0E94A77ECE0187589F4F47
:108630000E94B77ECE0183599F4F0E94B77EC7012B
:108640000E94C47EEA960FADEA97AE964FADAE9704
:1086500083EC202F2827F0E12F9F900111248427FD
:1086600090E0982F88279295907F822793272981E1
:108670003A818217930709F074C2049F8001112484
:108680000150110910F1CE018B589F4F0E94A77E17
:10869000F7CFFB01459055906590749034CFE8E496
:1086A000F7E14590559065907490342C852C962C6C
:1086B000E72D38CFE8E3F7E1459055906590749049
:1086C000342C852C962CE72D42CF8DE492E10E942C
:1086D000977E1AE01150CE0129F08B589F4F0E94CF
:1086E000A77EF8CF80589F4F0E94B77ECE01815859
:1086F0009F4F0E94B77ECE0187589F4F0E94C47E35
:10870000C058DF4F8881C058D04033EC8327E0E168
:108710008E9FC0011124C158DF4F2881CF57D04010
:10872000232730E0322F22273295307F822793276C
:10873000EB962EAD3FADEB978217930709F011C270
:10874000CE0183599F4F0E94877EC7010E94877E7A
:10875000C058DF4F0881C058D040C158DF4F8881D2
:10876000CF57D040089F800111240150110930F0EB
:10877000CE018B589F4F0E94A77EF7CF8DE497E0E4
:108780000E94577E8EE497E00E94418E0091D908A6
:1087900011E001272AED38E044E050E0B7018CED0C
:1087A00098E00F94032A86E19BE00E94577E009197
:1087B000D90801272AED38E04CE050E06BE77BE078
:1087C0008CED98E00F94032A0091D90801272AED37
:1087D00038E044E150E0B7018CED98E00F94032AB3
:1087E0008091D90881113AC089809A80AB80BC8081
:1087F000A5019401C501B4010F9414A081112EC0EC
:1088000049845A846B847C846D817E818F819885B4
:108810008092F1119092F211A092F311B092F411A2
:1088200021E732EB47E25EE30F948E966093F511F9
:108830007093F6118093F7119093F81121E732EBC2
:1088400047E25EE3C301B2010F94ED9D6093F9111D
:108850007093FA118093FB119093FC11C7010E9451
:10886000777EC7010E94677E8091D90881113AC046
:1088700089809A80AB80BC80A5019401C501B401B8
:108880000F9414A081112EC049845A846B847C8477
:108890006D817E818F8198858092C9119092CA11D5
:1088A000A092CB11B092CC1121E732EB47E25EE30C
:1088B0000F948E966093CD117093CE118093CF114B
:1088C0009093D01121E732EB47E25EE3C301B2019E
:1088D0000F94ED9D6093D1117093D2118093D311B9
:1088E0009093D411C7010E94677EC7010E94418EF8
:1088F000C7010E94418E8091D908811103C08981EE
:1089000080935D02C7010E94418E85E0F7011192BC
:108910008A95E9F70091D90881E008272AED38E027
:1089200045E050E0B7018CED98E00F94032ACE01AA
:1089300083599F4F0E94577EC7010E94777E009106
:10894000D908011105C0AE968FADAE97809333075D
:1089500011E001272AED38E040E250E0B7018CED4C
:1089600098E00F94032ACE0183599F4F0E94577EAF
:108970000091D90801272AED38E049E050E0B7011D
:108980008CED98E00F94032A0091D90801110FC0D3
:108990008981809348078A819B81AC81BD818093C6
:1089A000440790934507A0934607B093470711E00B
:1089B00001272AED38E042E150E0B7018CED98E064
:1089C0000F94032A0091D90801272AED38E044E2E8
:1089D00050E0B7018CED98E00F94032A0091D9087C
:1089E00001272AED38E040E150E0B7018CED98E036
:1089F0000F94032A0091D90801272AED38E042E0BC
:108A000050E0B7018CED98E00F94032A0091D9084B
:108A100001272AED38E040E150E0B7018CED98E005
:108A20000F94032A0091D90801272AED38E04CE67B
:108A300050E0B7018CED98E00F94032A0091D9081B
:108A400001272AED38E048E050E06CE377E08CED58
:108A500098E00F94032AC7010E94977ECE018758A1
:108A60009F4F0E94418ECE0183599F4F0E94A77E47
:108A70000091D90801272AED38E048E050E064E38E
:108A800077E08CED98E00F94032A8091DC089091B8
:108A9000DD08893D924009F07ACC2091DA083091C6
:108AA000DB08EF968EAD9FADEF972817390709F0D9
:108AB0006AC08091D90881111EC00F946C2D00915D
:108AC000DA081091DB0886E393E00F944E7F8AE783
:108AD00096E10F94032D85E792E00F94AF288DE681
:108AE00096E10F94032DC8010F94AF2889E20F94EB
:108AF000AB2C0F94E42D8091D90881113CC00F94C8
:108B0000422D0E94518E10E0892B39F485ED95E1BC
:108B10000F94032D0F94822714E080914E0787FD58
:108B200017C00F94827200914E0787E696E10F946A
:108B3000032D802F0F94332780E596E10F94032DAA
:108B4000123009F42CCC48F41123A9F011E03ECCEA
:108B50000F94822785E496E1F1CF1330A1F0143011
:108B6000A9F782E390E20F94032D85E296E10F943A
:108B7000032D14E02BCC8091D908811102C00E94F2
:108B800074A910E023CC82E390E20F94032DEF96BA
:108B90006EAD7FADEF9785E096E10F942C2D60913F
:108BA000DA087091DB0880E096E10F942C2D80EFBD
:108BB00095E10F94032D13E009CCCF9381E08093CE
:108BC000D90882DBC82F1092D9088823D1F0EFEFA3
:108BD000E80F90E080E0E43038F4F0E0EE0FFF1FA3
:108BE000E25DFC4F8081918160E00F94F028C0939A
:108BF000770B20E040E070E060E08AE49DE40E94B2
:108C0000B53081E0C11180E0CF910895CF93D5DFD9
:108C1000C82F882339F058DBC1E08111C0E08C2FC8
:108C2000CF9108950E94C0AAFACF0F944E7F8DE095
:108C30000F94AB2C8AE00D94AB2CCF92DF92EF9285
:108C4000FF920F931F93CF93DF93CDB7DEB7A79714
:108C50000FB6F894DEBF0FBECDBF182F0E941FA322
:108C6000812309F46AC040915606509157066091DD
:108C700058067091590648A359A36AA37BA330E014
:108C800020E0E0E090E0AC01022E02C0559547954F
:108C90000A94E2F740FF11C064E270E06C0F7D1FA0
:108CA0006E0F711D40E250E04C0F5D1F420F531FCD
:108CB000DA014C91DB014C93EF5F2F5F3F4F233084
:108CC000310509F78E010C5D1F4FE00FF12FF11DEB
:108CD000108219821F8E1F930F938CEAE82E81E178
:108CE000F82EFF92EF921F928EE18F93CE010196A4
:108CF0006C019F938F930F9486950F946C2DC601F2
:108D000094DF1F930F93FF92EF921F920E9473576D
:108D10000FB6F894DEBF0FBECDBF81E0A7960FB6A9
:108D2000F894DEBF0FBECDBFDF91CF911F910F91A1
:108D3000FF90EF90DF90CF90089580E0EFCFCF923B
:108D4000DF92EF92FF920F931F93CF93DF93CDB7F4
:108D5000DEB72C970FB6F894DEBF0FBECDBF182F2D
:108D60006B017A018091670B8330A8F080914509EF
:108D7000811111C00F94692DC6010F94032D88E74E
:108D80009FE10F94032D1F3F49F584E79FE10F9466
:108D9000032D0F94E42D0E94268CA89580914509FF
:108DA000811145C081E08093450982E08093670B83
:108DB0000E94268C05E10150D1F0A895409A69E106
:108DC00070E080E090E00F945B79409860E570E09F
:108DD00080E090E00F945B79A895EDCF17FDD9CF97
:108DE00085E40F94AB2C812F0F943327D2CF409A78
:108DF00087E023DF811111C08CE0EEE1F3E0DE01BA
:108E0000119601900D928A95E1F7BE016F5F7F4F39
:108E100080E00E94D4B10E941C946DE67FE11F3F68
:108E200011F061E77FE140E0C7010F94233A2C96EF
:108E30000FB6F894DEBF0FBECDBFDF91CF911F916B
:108E40000F91FF90EF90DF90CF9008952F923F9277
:108E50004F925F926F927F928F929F92AF92BF924A
:108E6000CF92DF92EF92FF920F931F93CF93DF93F6
:108E700000D01F921F92CDB7DEB71C0149835A83E1
:108E80006B837C8328013901ED82860181E090E0CB
:108E90002E2D2F3F11F090E080E025E0289FF0017B
:108EA000299FF00D1124E95EF74F8481882309F48E
:108EB0005EC0F10114821582168217821086F101BC
:108EC00084818230A1F0833009F482C08130B9F509
:108ED00029813A814B815C8165817681878190858A
:108EE0000F94389F18165CF182E0F1018483298188
:108EF0003A814B815C81F101658176818781908522
:108F00000F94109D6B017C010F948E792B013C0115
:108F1000A5019401C701B6010F94299618160CF407
:108F200046C09801A8EEB3E00F94A19C460E571ED0
:108F3000681E791EF10140825182628273820F9015
:108F40000F900F900F900F90DF91CF911F910F9185
:108F5000FF90EF90DF90CF90BF90AF909F908F9059
:108F60007F906F905F904F903F902F900895A30156
:108F70009201F10165817681878190850F94299610
:108F8000882309F49CCFF10145825682678270865E
:108F9000FF24F39420E030E0A901C301B2010F9453
:108FA000389F18160CF0F12CF101F48288CFF101F2
:108FB00080819181A281B38184199509A609B7099D
:108FC000181619061A061B060CF4B9CF83E0848321
:108FD00042EF5FE162E070E28D810F900F900F90A1
:108FE0000F900F90DF91CF911F910F91FF90EF9015
:108FF000DF90CF90BF90AF909F908F907F906F90B9
:109000005F904F903F902F909ACE46E95FE163EAE0
:109010007FE195CECF93DF93A8958091D711909162
:10902000D8112091D7113091D81182179307A9F741
:109030000F9433716093D9117093DA118093DB111F
:109040009093DC118091AF119091B0112091AF11EC
:109050003091B01182179307A9F70E94418C609359
:10906000B1117093B2118093B3119093B411C09168
:10907000D711D091D8118091D7119091D811C817DC
:10908000D907A9F78091640290916502C817D907A2
:1090900010F480E0BADF8091DD119091DE11181696
:1090A00019066CF480916202909163028C179D07FF
:1090B00030F443ED5FE160EE7FE180E040DE8091DF
:1090C000AF119091B0112091AF113091B011821772
:1090D0009307A9F7209160023091610282179307EC
:1090E00010F48FEF92DF8091B5119091B6111816A0
:1090F0001906D4F420915E0230915F028091AF1185
:109100009091B0114091AF115091B0118417950713
:10911000A9F72817390740F443ED5FE160EE7FE1DE
:109120008FEFDF91CF910BCEDF91CF9108954F92CA
:109130005F926F927F928F929F92AF92BF92CF92E7
:10914000DF92EF92FF920F931F938091670B811133
:1091500010C0A8951F910F91FF90EF90DF90CF90D6
:10916000BF90AF909F908F907F906F905F904F9047
:10917000089580915A098111EDCF81E080935A09B9
:1091800080912108811103C010925A09E3CF42DF78
:10919000109221080F948E792B013C016091680296
:1091A00070916902072E000C880B990B0F942F9673
:1091B0009B01AC016091D9117091DA118091DB11A2
:1091C0009091DC110F94389F181614F480E01DDF85
:1091D00080911B08811118C0809117089091180880
:1091E000A0911908B0911A080097A105B10561F086
:1091F00084199509A609B709181619061A061B0637
:109200001CF081E080931B086091DD117091DE11EC
:10921000072E000C880B990B0F942F968B019C0145
:109220004091D9115091DA116091DB117091DC11EC
:10923000812C912CA0E8AA2EA0E4BA2EB8E2CB2E65
:10924000D12CE12C8BE991E101DEC090D911D090B5
:10925000DA11E090DB11F090DC1160916602709100
:109260006702072E000C880B990B0F942F969B0119
:10927000AC01C701B6010F94389F18160CF0FAC064
:109280006091680270916902072E000C880B990B9F
:109290000F942F969B01AC01C701B6010F9429963C
:1092A00087FFE8C080911B0890915209911109C075
:1092B00025ED31E1309351092093500991E09093CD
:1092C00052098111D3C080E599E00E943A770F944A
:1092D000559E759567956093DF1180912F08909149
:1092E0003008A0913108B09132080097A105B1056E
:1092F000E9F084199509A609B709181619061A067E
:109300001B06A4F06091D9117091DA118091DB11E4
:109310009091DC110F94559E20912D0830912E08CC
:10932000621773070CF4A8C00E94167B8091130883
:1093300090911408A0911508B09116088419950908
:10934000A609B709181619061A061B0684F0D301D8
:10935000C2018C53964FAF4FBF4F80931308909329
:109360001408A0931508B09316080E94D18C20E031
:1093700030E046E153E46091B1117091B2118091F7
:10938000B3119091B4110F94389F181614F48FEF05
:109390003CDE80910F0890911008A0911108B091C7
:1093A00012080097A105B105E9F084199509A609ED
:1093B000B709181619061A061B06A4F06091B11118
:1093C0007091B2118091B3119091B4110F94559E88
:1093D00020910D0830910E08621773070CF453C0EA
:1093E0000F94F11580912008811118C080911C08FC
:1093F00090911D08A0911E08B0911F080097A1052B
:10940000B10561F084199509A609B709181619065E
:109410001A061B061CF081E0809320086091B511AC
:109420007091B611072E000C880B990B0F942F9694
:109430008B019C014091B1115091B2116091B31117
:109440007091B411812C912CA12C90E4B92EE4E1FF
:10945000CE2ED12CEE24EA9484EA91E1F7DC8091BF
:1094600020088823C9F11092B7118ECE60E070E019
:10947000CB012DCF60E02FCF45EB5FE164EC7FE1C6
:1094800080E05DDC53CF45EB5FE164EC7FE18FEF83
:1094900056DCA8CF20E030E046E153E4C701B60136
:1094A0000F942996181654F180914809811109C02A
:1094B0008DEA91E1909347098093460981E080937A
:1094C000480986E499E00E943A770F94559E759575
:1094D00067956093B71158CEC090B111D090B2117A
:1094E000E090B311F090B41120E030E040EA50E495
:1094F000C701B6010F94389F87FFCCCF60E0E9CF5A
:109500000F931F93CF93DF938C01EB019091F1198F
:109510002091F219921304C00E9451B408DEF6CFD4
:109520008091F01934E0839FF0011124ED50F64E44
:1095300011830083D383C2839F5F9093F1198F5F60
:10954000281739F08093F019DF91CF911F910F9177
:1095500008951092F019F8CFFC01A081B1811C92FE
:10956000A281B3818C918F5F8C930280F381E02D77
:1095700090818CE0989F800D1124EEE3FAE113AE08
:1095800084AF089590E080E00895CF93DF93C09179
:10959000B511D091B61181E0CE31D105E4F020E0D3
:1095A00030E040E05FE36091B1117091B2118091C1
:1095B000B3119091B4110F94119D0F94559E6C1B93
:1095C0007D0B77FF03C071956195710981E0633070
:1095D00071050CF080E0DF91CF91089590E080E07C
:1095E000089520917C1A833021F425FD0CC024FDC0
:1095F0000CC030E0A90102C0559547958A95E2F765
:10960000CA018170089581E0089580E008950F9364
:109610001F93CF93DF93EC010FE017E0F801208157
:10962000318142815381688179818A819B810F9444
:10963000119D688379838A839B83F8012481358116
:10964000468157816C817D818E819F810F94119D10
:109650006C837D838E839F83F801208531854285CD
:109660005385688579858A859B850F94119D6887C8
:1096700079878A879B87DF91CF911F910F910895FA
:109680008091870984FD0BC08091890987FD07C0FF
:1096900090918A09937081E019F480E0089581E047
:1096A0000895EF92FF920F931F93CF93DF93EC01F6
:1096B0008B017A018A859B858617970731F088810F
:1096C00099810F940E7D1B870A87B7018881998144
:1096D0000F9457752E813F81820F932F911D9F8389
:1096E0008E8390E080E0DF91CF911F910F91FF90EA
:1096F000EF9008959F92AF92BF92CF92DF92EF9238
:10970000FF920F931F93CF93DF93EC018B01942E65
:10971000A52E8A859B858617970731F088819981C8
:109720000F940E7D1B870A8788859985019649F5D8
:10973000BC800A818E81080FC880D980D6015596D9
:10974000ED91FC91C6011995B80EE92CFA2C10E0A8
:10975000F70121917F01211127C08E819F81810F07
:10976000911D9F838E8390E080E0DF91CF911F91C8
:109770000F91FF90EF90DF90CF90BF90AF909F90B0
:1097800008950E811F81692D7A2D888199810F940A
:109790005775800F912F911D288539852817390716
:1097A00038F681E090E0E1CF4B2D602FC6010F9499
:1097B000667D080F180FCCCFDF92EF92FF920F93C8
:1097C0001F93CF93DF93EC01D62E1CAD0BAD7C0124
:1097D00084E0E80EF11CE98DFA8DC7011995412F3F
:1097E000480F2D2D602FC7010F94667D9BAD890F0B
:1097F0008BAF81E090E0DF91CF911F910F91FF90AF
:10980000EF90DF900895AF92BF92DF92EF92FF92B8
:109810000F931F93CF93DF938C01EB01D42E79012B
:109820008FE0481709F488C0A5E14A17C1F1BAE0F2
:109830004B130EC0EC81FD8130E020E042E061E09E
:10984000C801199546E75FE2BE01C8010F940F7E7B
:109850000A80DB81C02DF2E3DF1609F4E4C0FD15B8
:1098600008F493C085E1D81609F4E2C0A7E1DA163E
:1098700009F4FCC0B4E1DB127DC0EE81FF818D8173
:1098800090E0880F991F8E0F9F1F11928E179F07D0
:10989000E1F71A82888181508B831C826BC0AA8079
:1098A000BB8041E65FE2C8010F940F7EF501448161
:1098B000440F406BBE01C8010F94F77D41E0BE012B
:1098C000C8010F94FF7DD50116962D913C911797F5
:1098D000EC81FD8115964C9166E0C801199540E038
:1098E000BE01C8010F94077E41E65FE2BE01C801D8
:1098F0000F940F7EF5014481440F4F5F406BBE0112
:10990000C8010F94F77D41E0BE01C8010F94FF7DAF
:10991000D50115964C91159716962D913C91240FD3
:10992000311DEC81FD8166E0C801199540E0BE0162
:10993000C8010F94077E8CCF41E0C8010F94077EC9
:1099400040E0BE01C8010F94FF7D41E8BE01C8019F
:109950000F94F77DF701408150E055954795559557
:109960004795BE01C8010F94F77D40E0BE01C801D4
:109970000F94077E81E0DF91CF911F910F91FF90AF
:10998000EF90DF90BF90AF900895E6E4DE1609F403
:109990007CC0F7E4DF1609F47CC08BE3D812EACF71
:1099A000D70111969C91119713968C9138E0390F3D
:1099B000813031F0833011F0392F02C0392F9850A7
:1099C00021E04B81491708F420E041E0391708F005
:1099D00040E091E05A81351708F490E0322F342BA3
:1099E000932311F4242331F2F701128100E0D12CEA
:1099F000843048F490E0FC01EB58FC4FD0808F5845
:109A00009C4FDC010C9117FF04C0B701CE010F94ED
:109A1000E37AF70180818D0D80838181800F8183BE
:109A2000110F89F7A7CFB701CE010F94E37AA2CF28
:109A300088819A81980F9A832981921770F59C8169
:109A40009F5F9C839B81890F821710F08FEF820F9D
:109A50008B83EE81FF818D8190E0880F991F8E0F9F
:109A60009F1F11928E179F07E1F784CFD7011C9299
:109A70008A8111968C9311978D81815012968C93C7
:109A800012978B8113968C9375CF8D81F70180830C
:109A900071CF8981D7018C936DCF80E06CCF2F92ED
:109AA0003F924F925F926F927F928F929F92AF926E
:109AB000BF92CF92DF92EF92FF920F931F93CF93BB
:109AC000DF93CDB7DEB72D970FB6F894DEBF0FBE8C
:109AD000CDBF0F947229882309F4A5C00E9474ADEC
:109AE0004B015C0120E13EE040E050E00F94539CCC
:109AF000D22EC32E022F132F8CE3282E312C412C73
:109B0000512CC501B401A20191010F94539C762EF2
:109B1000672ECA01B901A20191010F94539C9E01C5
:109B20002F5F3F4F790130E8831631E5930631E02E
:109B3000A306B10408F490C07F936F93C80168E155
:109B400070E00F94C99C9F938F93C501B40120E8E6
:109B500031E541E050E00F94539C3F932F9380E513
:109B60009FE29F938F93FF92EF920F94C295C7014C
:109B70000F9437950FB6F894DEBF0FBECDBF2AE025
:109B8000281B85E48093301A1092311A80E39AE101
:109B9000FC0101900020E9F7CF0181539A418D30FB
:109BA000910540F4FC01E05DF54E3AE330830C97FB
:109BB00009F0118200E31AE1F80101900020E9F7B1
:109BC0008F0101531A41022E000C330B8DE090E0FF
:109BD0006C01C01AD10A2C153D050CF469011C1446
:109BE0001D0464F4005D154EA60160E270E0C8013A
:109BF0000F9433A10C0D1D1DF801108280E39AE132
:109C0000FC0101900020E9F7CF0181539A418D308A
:109C1000910548F44EE050E0481B590BB701805DB8
:109C2000954E0F9472952D960FB6F894DEBF0FBE29
:109C3000CDBFDF91CF911F910F91FF90EF90DF90FB
:109C4000CF90BF90AF909F908F907F906F905F90DC
:109C50004F903F902F9008950115110599F46F9240
:109C60007F927F936F9384E49FE29F938F93FF9201
:109C7000EF920F94C2950FB6F894DEBF0FBECDBF22
:109C800085E07DCF0436110538F47F936F93CF9232
:109C9000DF9288E39FE2E9CF7F936F93CF92DF92C9
:109CA0008EE29FE29F938F93FF92EF920F94C29563
:109CB0000FB6F894DEBF0FBECDBF86E060CFCF9366
:109CC000DF9380915E068823B1F10E942CAFEC01F6
:109CD00044E050E060E270E080E39AE10F9433A149
:109CE0001092341A80E39AE1FC0101900020E9F718
:109CF000CF0181539A418D30910548F44EE050E0F8
:109D0000481B590BBE01805D954E0F94729580E300
:109D10009AE1FC0101900020E9F7CF0181539A41BB
:109D20008D30910540F4FC01E05DF54E25E2208385
:109D30000C9709F01182DF91CF910895CF93DF93B3
:109D4000EB010F940420882321F0DF91CF910D9433
:109D5000801FCE01DF91CF910895CF93DF9300D084
:109D60001F92CDB7DEB719828FEF8A831B828FE7F0
:109D70008C8360E0CE0101960F94D7170F900F905F
:109D80000F900F90DF91CF9108958091600990918D
:109D90006109892B41F00F946F1F91E0811101C07F
:109DA00090E0892F089591E0FCCF4F925F926F92DF
:109DB0007F928F929F92AF92BF92EF92FF920F93FA
:109DC0001F93CF93DF9300D01F92CDB7DEB76FEF15
:109DD0007FEF89E4B3DF4091870950918809609152
:109DE000890970918A09BAE07695679557954795E4
:109DF000BA95D1F710918D1A8093110B00E0F12CD8
:109E0000E12C40FF77C0082E000C990B97FF02C091
:109E100090E080E02091871A3091881A821793078A
:109E200008F021C12091931A3091901AE0908E1A77
:109E3000F0908F1A622F70E0E091911AF0E040915B
:109E4000921A50E02313A8C09C01220F331F820FE7
:109E5000931F8E0D9F1D680F791FDB016C91E80F1A
:109E6000F91FF080840F951FFC0100811123A9F1D7
:109E7000812E912CB12CA12C70E0762F6627072E15
:109E8000000C880B990BA50194010F94539C390188
:109E9000552444246F2D70E0762F6627072E000C82
:109EA000880B990BA50194010F94539C542F432FB9
:109EB000322F2227422A532A642A602F70E0762FFD
:109EC0006627072E000C880B990BA50194010F94AF
:109ED000539C2429352946290AC02F2D30E050E013
:109EE00040E0542F432F322F2227462B202B022FC6
:109EF000F32EE42E82E50F94B61F882359F080914B
:109F0000600990916109EE24EA94892B19F00F946D
:109F10006F1FE82E85E50F94B61F882359F08091B6
:109F2000600990916109FF24FA94892B19F00F942C
:109F30006F1FF82E82E40F94B61F882351F0809192
:109F40006009909161090FEF892B19F00F946F1F31
:109F5000082F80E50F94B61F811189C08FEF810F04
:109F6000E982FA820B838C8360E0CE0101960F9424
:109F7000D7170F900F900F900F90DF91CF911F91F7
:109F80000F91FF90EF90BF90AF909F908F907F9038
:109F90006F905F904F900895880F991F880F991FB9
:109FA0008E0D9F1D680F791FDB016C91DC01A30FE3
:109FB000B11DEC90E80FF91F0081840F951FFC0183
:109FC000F080112309F445C0812E912CB12CA12CD5
:109FD00070E0762F6627072E000C880B990BA501E1
:109FE00094010F94539C722E6624552444246E2DA4
:109FF00070E0762F6627072E000C880B990BA501C1
:10A0000094010F94539CA90133272227422A532AF3
:10A01000642A6F2D70E0762F6627072E000C880BC0
:10A02000990BA50194010F94539C422A532A642A48
:10A03000602F70E0762F6627072E000C880B990B97
:10A04000A50194010F94539C542F432F322F2227A4
:10A0500040CF2E2D30E050E040E0A90133272227E9
:10A060002F29302B44CF20E030E0A90140CF809150
:10A07000600990916109892B19F00F946F1F70CFBF
:10A080008FEF6ECFCF93DF93C82FD62F0F9404207E
:10A09000882319F0DF91CF9178CE8C2F0F94B61FC3
:10A0A000811101C08D2FDF91CF9108952F923F92A2
:10A0B0004F925F926F927F928F929F92AF92BF92D8
:10A0C000CF92DF92EF92FF920F931F93CF93DF9384
:10A0D000CDB7DEB7CC56D1090FB6F894DEBF0FBEB0
:10A0E000CDBF70E060E085E429DE182F8F3F91F14D
:10A0F000882311F18EE89EE20F94032D86E79EE2FD
:10A100000F94032DC459DF4F0FB6F894DEBF0FBE76
:10A11000CDBFDF91CF911F910F91FF90EF90DF9016
:10A12000CF90BF90AF909F908F907F906F905F90F7
:10A130004F903F902F90089524EB30E03B8B2A8B7B
:10A1400065E070E083E4FADD7C01039744F486E582
:10A150009EE2D6CF4CE350E05B8B4A8BF1CF83E598
:10A160000F940420882321F00F94801F9B8B8A8BEF
:10A1700060E085E587DFA5968FAFA59760E089E46D
:10A180009EE20F94F028EDAA8E2D83307CF10F947F
:10A190008E796C8B7D8B8E8B9F8BECE3EE2EF12C6E
:10A1A0001F3F19F078E2E72EF12C8C899D89AE894A
:10A1B000BF898C53964FAF4FBF4F80931308909336
:10A1C0001408A0931508B09316081F3F09F0A3C305
:10A1D0004A895B894D3851050CF4D2C18CE39EE26B
:10A1E0000F94032D8DE19EE20F94032D0F94096CC3
:10A1F00089CF28EB3BE040E050E02BAF3CAF4DAFC8
:10A200005EAF80E090E0A0E0BEE36C968CAF9DAFC7
:10A21000AEAFBFAF6C972AE939E949E15FE3A09699
:10A220002CAF3DAF4EAF5FAFA0971BC28091D9114D
:10A230008D832090DA113090DB110091DC11C8C2BF
:10A240000F94661802C3A496EEADFFADA497808369
:10A2500032C34BEE842E912CA12CB12CFBC324E1F4
:10A2600030E040E050E02E833F834887598734E157
:10A27000832E912CA12CB12CFBC38E829F82A886A9
:10A28000B986F6C38E829F82A886B98689A49AA4CD
:10A29000ABA4BCA4BEC4A496EEADFFADA4978083CE
:10A2A000C9C427968CAD9DADAEADBFAD27978419BF
:10A2B0009509A609B709181619061A061B060CF403
:10A2C0005DC0812F17FD80E00E94C3BE0F94E42D76
:10A2D000A30192012053384F4F4F5F4F27962CAF69
:10A2E0003DAF4EAF5FAF279728963FAD289731110E
:10A2F0007AC02C962CAD3DAD4EAD5FAD2C976D81E7
:10A30000722D832D902F0F94389F18160CF054C087
:10A3100020E030E040E050E46D81722D832D902FDD
:10A320000F94119D2C966CAF7DAF8EAF9FAF2C9785
:10A3300023968CAD9DADAEADBFAD2397840D951D1D
:10A34000A61DB71D60968CAF9DAFAEAFBFAF609737
:10A3500020E030E040EC50E46E8D7F8D88A199A123
:10A360000F94109D2D81322D432D502F0F9429963F
:10A37000881F8827881F28968FAF28978C899D89EA
:10A38000AE89BF89C816D906EA06FB0610F4D701C4
:10A39000C601481A590A6A0A7B0A91E849169FE4DD
:10A3A000590692E169067104A8F189E59DE20F94CE
:10A3B000032D87E49DE2AAC260968CAD9DADAEAD43
:10A3C000BFAD609784199509A609B70945EB5FE110
:10A3D00064EC7FE1181619061A061B067CF2812F21
:10A3E0000E949FC6CBCFAD966CAD7DAD8EAD9FADBF
:10A3F000AD970F942F969B01AC016D81722D832D2B
:10A40000902F0F94299687FFB9CF42EF5FE162E06A
:10A4100070E2E5CFA296AEADBFADA297E88DF98D03
:10A42000AE17BF070CF08DC18AE39DE20F94032D98
:10A4300089EE9CE20F94032D98EDE92E9CE2F92E13
:10A440001F3F21F087EDE82E8CE2F82E86EC9CE28F
:10A450000F94032DC7010F94032D4E855F856889E6
:10A46000798985EE9CE20F94592D0F94E42D86ECAA
:10A470009CE20F94032DC7010F94032D49A95AA9FB
:10A480006BA97CA981EE9CE20F94592D0F94E42DC9
:10A4900086EC9CE20F94032DC7010F94032D4DA56C
:10A4A0005EA56FA578A98DED9CE20F94592D0F94B0
:10A4B000E42DA596FFADA597FF23B9F121E732EB77
:10A4C00047E25EE36DA57EA58FA598A90F94ED9D4B
:10A4D0006B017C0121E732EB47E25EE369A97AA9CF
:10A4E0008BA99CA90F948E962E853F854889598902
:10A4F0001F3F69F12093F1113093F2114093F31152
:10A500005093F4116093F5117093F6118093F71145
:10A510009093F811C092F911D092FA11E092FB11C8
:10A52000F092FC1181E08093E0111092230B689669
:10A530008CAD9DADAEADBFAD689789839A83AB837B
:10A54000BC8360E0CE0101960F94D7174FCE2093C5
:10A55000C9113093CA114093CB115093CC11609321
:10A56000CD117093CE118093CF119093D011C092E2
:10A57000D111D092D211E092D311F092D411D5CF53
:10A5800080E19EE20F94032D88E09EE20F94032D5C
:10A590000E94268C8FE78093B7112091B1113091E2
:10A5A000B2114091B3115091B41164962CAF3DAFEC
:10A5B0004EAF5FAF6497809323080E94028D689628
:10A5C0006CAF7DAF8EAF9FAF6897AA89BB89BD0185
:10A5D000BB0F880B990B0F942F966E8F7F8F88A3DC
:10A5E00099A39701A8EEB3E00F94A19C23966CAFBA
:10A5F0007DAF8EAF9FAF23972C893D894E895F89B0
:10A60000260F371F481F591F60962CAF3DAF4EAF26
:10A610005FAF609760E08DEF9DE20F94F02881E0DE
:10A620008093230B1F3F09F0E4CD88E893E1A0E07D
:10A63000B0E08BAF9CAFADAFBEAF2BEA3AEA4AEACF
:10A640005EE36C962CAF3DAF4EAF5FAF6C978DEC79
:10A650009CECACE4BEE3A0968CAF9DAFAEAFBFAFB9
:10A66000A097CC88DD88EE88FF882796CCAEDDAE3B
:10A67000EEAEFFAE27971DA61EA61FA618AA19AA02
:10A680001AAA1BAA1CAA1E861F86188A198A6FE797
:10A69000862E912CA12CB12C1A8630E43AA34CE1E1
:10A6A0004BA356E45CA31DA21EA21FA218A68FE70F
:10A6B00090E0A0E0B0E089A79AA7ABA7BCA7289636
:10A6C0001FAE28972C961CAE1DAE1EAE1FAE2C974B
:10A6D0001FAA18AE19AE1AAE91E09E83198E188E7D
:10A6E0001D82212C312C00E0ADA90A2E000CBB0BE1
:10A6F000A296BFAFAEAFA297B8E21B02C001112471
:10A70000FC01E152FE4EA496FFAFEEAFA4978A89FA
:10A710009B894E969C01990F440B550BA9962CAF23
:10A720003DAF4EAF5FAFA9978A899B894E979C0139
:10A73000990F440B550BAD962CAF3DAF4EAF5FAFAD
:10A74000AD978091230B882309F4E2C00F948E7992
:10A750002B013C01309121083EAB332329F10E94AB
:10A760000AC8109221088091130890911408A091B2
:10A770001508B091160884199509A609B709181685
:10A7800019061A061B0684F0D301C2018C53964F9A
:10A79000AF4FBF4F8093130890931408A0931508F0
:10A7A000B09316080E94D18C0E94115A0E9451B495
:10A7B0004EA9442309F494C01F3F09F037CD5091AE
:10A7C000B1115D832090B2113090B3110091B4119A
:10A7D0002DA13EA14FA158A56D81722D832D902FE3
:10A7E0000F94389F18162CF49D819DA32EA23FA292
:10A7F00008A72A853AA14BA15CA16D81722D832DFA
:10A80000902F0F94299687FF05C0AD81AA872AA2B1
:10A810003BA20CA364966CAD7DAD8EAD9FAD6497ED
:10A820000F94559E6A8F7B8F8C8F9D8F6D81722DBB
:10A83000832D902F0F94559E4A895B898A8D9B8D1D
:10A840001F3F09F0FDCC0F94C018BE812D81322D21
:10A85000432D502F6E8D7F8D88A199A1BB2309F4C4
:10A8600083C00F94299687FF3BC0A30192012C1946
:10A870003D094E095F092A8F3B8F4C8F5D8F8BAD51
:10A880009CADADADBEAD281739074A075B0740F157
:10A89000D501C40129A53AA54BA55CA5821B930B44
:10A8A000A40BB50BB595A795979587951F3F09F014
:10A8B000CACC8093B7112A8D3B8D4C8D5D8D2FAB0B
:10A8C00038AF49AF5AAF3E8D3DA34F8D4EA358A12F
:10A8D0005FA389A188A74C8A5D8A6E8A7F8A1E82BF
:10A8E000A9966CAD7DAD8EAD9FADA9970F942F96B7
:10A8F0002D81322D432D502F0F94299687FFD1CCD7
:10A9000085E89DE20F94032D86E69DE20F94032DCA
:10A910000E94268C0ACEAA89BB89A530B1400CF0D2
:10A920005DCC80E19EE20F94032D88E09EE20F94BF
:10A93000032D0E94268C58E21502F0011124EB52DF
:10A94000FE4E8FE782878091D9119091DA11A09104
:10A95000DB11B091DC1164968CAF9DAFAEAFBFAF91
:10A9600064971092230829CE0F94389F18160CF084
:10A97000B7CFA30192018C899D89AE89BF89281B1D
:10A98000390B4A0B5B0B2A8F3B8F4C8F5D8F8BAD46
:10A990009CADADADBEAD281739074A075B0708F47B
:10A9A0009FCFA88DB98DAB2B09F46CCCCA01B9012E
:10A9B0002FA938AD49AD5AAD620F731F841F951F83
:10A9C0000F942F966B017C0120E030E0A9010F94D9
:10A9D0002996882351F16FA978AD89AD9AAD2A8D5A
:10A9E0003B8D4C8D5D8D621B730B840B950B0F940F
:10A9F0002F966E837F838887998769A57AA58BA513
:10AA00009CA50F942F969B01AC016E817F81888558
:10AA100099850F948E96A70196010F94ED9D0F9442
:10AA2000449F860E971EA81EB91E34E1831691041A
:10AA3000A104B1040CF413CC4CEE84169104A104CF
:10AA4000B1040CF006CC50E885169104A104B104C1
:10AA50000CF413CC8E829F82A886B9868EEF90E08C
:10AA6000A0E0B0E088199909AA09BB094C015D0171
:10AA700085EF9DE20F94032D6E817F8188859985F6
:10AA80000F945F7080EF9DE20F94032DC501B40118
:10AA90000F945F704A855AA16BA17CA189EE9DE25B
:10AAA0000F94592D4DA15EA16FA178A582EE9DE274
:10AAB0000F94592D488D598D433051050CF4A9C080
:10AAC0002A853AA14BA15CA16DA17EA18FA198A579
:10AAD0000F94109D6A877B878C879D872FE632E1D4
:10AAE00043E85AE30F94389F18160CF092C0C50142
:10AAF000B4010F942F9620E030E040E850E40F942A
:10AB00008E966E877F87888B998B2BED3FE049E48B
:10AB100050E46A857B858C859D850F948E9620E018
:10AB200030E040E05FE30F948E969B01AC016E85B0
:10AB30007F85888999890F94ED9D6A877B878C87AB
:10AB40009D872FE632E143E85AE3C701B6010F942F
:10AB50008E966B017C01A0962CAD3DAD4EAD5FADE8
:10AB6000A0976A857B858C859D850F948E966E87D0
:10AB70007F87888B998B9B01AC010F94119DA70156
:10AB800096010F94ED9D69AB7AAB8BAB9CAB2E8598
:10AB90003F8548895989C701B6010F948E966C96F6
:10ABA0002CAD3DAD4EAD5FAD6C970F948E966DA7FD
:10ABB0007EA78FA798AB4A855B856C857D858CEDDC
:10ABC0009DE20F94592DB701A60186ED9DE20F94E9
:10ABD000E62D87EC9DE21F3F11F088EB9DE20F947C
:10ABE000032D4E855F856889798982EB9DE20F94FC
:10ABF000592D49A95AA96BA97CA98CEA9DE20F9409
:10AC0000592D4DA55EA56FA578A986EA9DE20F9402
:10AC1000E62D8E819F81A885B985880D991DAA1D75
:10AC2000BB1DB595A795979587951F3F09F033CB29
:10AC30008093B711A296FFADA297FF932DA92F93F2
:10AC4000398D3F93488D4F9382E99DE29F938F9377
:10AC50008DE99DE29F938F931F920E947357E88D19
:10AC6000F98D3196F98FE88F0FB6F894DEBF0FBEDD
:10AC7000CDBF3E8D3A874F8D4AA358A15BA389A1D2
:10AC80008CA389A69AA6ABA6BCA68E809F80A8841A
:10AC9000B984730162019EA99E8322CEEF92FF9236
:10ACA0000F931F93CF93DF93CDB7DEB764970FB6A3
:10ACB000F894DEBF0FBECDBF7C01FB0160817181C6
:10ACC000828193818E010F5F1F4F248141E00F9499
:10ACD0002F90F70101900020E9F79F0121503109E1
:10ACE0002E193F092E31310550F44FE150E0421B3F
:10ACF000530BBC01C701820F931F0F947295C701BC
:10AD000064960FB6F894DEBF0FBECDBFDF91CF9132
:10AD10001F910F91FF90EF900895CF93C62FBC0124
:10AD200088E499E20F943A2D8AE30F94AB2C80E3E8
:10AD30008C0F0F94AB2CCF910D94E42D84E49BE207
:10AD40000F94032D0F94E42D60E084E39BE2E5DF94
:10AD500060E08FE19BE2E1DF61E088E19BE2DDDF23
:10AD600061E08DE09BE2D9DF60E08EEF9AE2D5DF13
:10AD700061E08EEE9AE2D1DF60E085EE9AE2CDDF0F
:10AD800061E08BED9AE2C9DF61E081ED9AE2C5DF17
:10AD900060E08AEC9AE2C1DF61E082EC9AE2BDDF1A
:10ADA00061E084EB9AE2B9DF60E086EA9AE2B5DF1F
:10ADB00060E087E99AE2B1DF60E089E89AE2ADDF1E
:10ADC00060E083E79AE2A9DF60E082E69AE2A5DF2D
:10ADD00060E08DE49AE2A1DF60E08EE39AE29DDF1D
:10ADE00061E087E39AE299DF60E08AE29AE295DF28
:10ADF00060E083E29AE291DF61E08AE19AE28DDF2E
:10AE000060E085E09AE289DF60E087EF99E285DF24
:10AE100060E08DEE99E281DF60E086ED99E27DDF12
:10AE200060E089EC99E279DF61E086EB99E275DF19
:10AE300060E089EA99E271DF61E084EA99E26DDF1E
:10AE400061E087E999E269DF60E08BE899E265DF1C
:10AE500060E087E799E261DF60E084E699E25DDF28
:10AE600060E08AE99BE00E94EECA682F61708BE582
:10AE700099E253DF60E08DE499E24FCFCF93DF9307
:10AE8000EB010F940420882321F0DF91CF910D94E2
:10AE90005C1FCE01DF91CF9108954F925F926F9228
:10AEA0007F928F929F92AF92BF92CF92DF92EF925A
:10AEB000FF921F93CF93DF93CDB7DEB768970FB69E
:10AEC000F894DEBF0FBECDBF83E50F94B61F882375
:10AED000D1F00E94C5CE80931B0268960FB6F894FD
:10AEE000DEBF0FBECDBFDF91CF911F91FF90EF90DE
:10AEF000DF90CF90BF90AF909F908F907F906F909A
:10AF00005F904F90089510911B02105D80E494E2D1
:10AF10000F94032D812F0F94AB2C80911B0262E6BE
:10AF200077E1882311F066E677E18CE394E20F94F1
:10AF30006B3680911D0290911E02A0911F02B0916C
:10AF400020028D879E87AF87B88B809121029091D8
:10AF50002202A0912302B0912402898B9A8BAB8BA1
:10AF6000BC8B8091250290912602A0912702B0917E
:10AF700028028D8B9E8BAF8BB88FCE010D960E94D1
:10AF800007CB8091290290912A02A0912B02B091C7
:10AF90002C0289839A83AB83BC8380912D0290918C
:10AFA0002E02A0912F02B09130028D839E83AF8339
:10AFB000B8878091310290913202A0913302B09112
:10AFC000340289879A87AB87BC87CE0101960E949D
:10AFD00007CBCD88DE88EF88F88C89889A88AB8883
:10AFE000BC884D845E846F84788884E394E20F94F7
:10AFF000032DB301A20187E294E20F94592DB5010C
:10B00000A40182E898E40F94592DB701A6018FE7B7
:10B0100098E40F94592D82E394E20F94032DC98490
:10B02000DA84EB84FC848D809E80AF80B884498074
:10B030005A806B807C808AE294E20F94032DB301E6
:10B04000A20187E294E20F94592DB501A40182E890
:10B0500098E40F94592DB701A6018FE798E40F9457
:10B06000592D0F94E42D39CF0F931F93CF9384E57F
:10B070000F940420C0E08823D9F00F946F1FC82FCD
:10B080001816B4F40F946C2D00919F0A1091A00A29
:10B090008DE40F94AB2CC8010F94AF288BE995E297
:10B0A0000F94032D8C2F0F9433270F94E42DCFEFA3
:10B0B0008C2FCF911F910F910895CF92DF92EF9235
:10B0C000FF92CF936B017C01C42F809154078F5F57
:10B0D00009F4C5C0809354078091540780930708F2
:10B0E00020E030E040E752E46091150270911602D2
:10B0F00080911702909118020F948E960F945A9E89
:10B100007093660760936507809113029091140213
:10B1100090936807809367078091190290911A02B3
:10B1200090936A0780936907C0926B07D0926C076F
:10B13000E0926D07F0926E0780910608C0FB80F9DF
:10B14000809306088CE0E7E1FBE0AFE6B7E0019012
:10B150000D928A95E1F78CE0EFE0F7E0ABE7B7E01E
:10B1600001900D928A95E1F7809148079091060829
:10B1700080FB94F990930608882381F0809144071E
:10B1800090914507A0914607B091470780938707A4
:10B1900090938807A0938907B0938A078091DD1167
:10B1A0009091DE1190938C0780938B078091B5115D
:10B1B0009091B61190938E0780938D078091290C02
:10B1C00080938F078091060890914D0790FB83F93B
:10B1D000809306088091490790914A07A0914B07F8
:10B1E000B0914C078093900790939107A09392079A
:10B1F000B09393070E9474AD6093010870930208A6
:10B20000809303089093040880917C1A809305082A
:10B2100090913C0C8091060893FB81F990916B0909
:10B2200090FB82F98093060880E00E94ACBD40E06C
:10B2300050E0BA018BE99AE10E942C8444EB50E083
:10B2400064E577E08BE99AE10E94BF848BE99AE19B
:10B25000CF91FF90EF90DF90CF900C94E18781E049
:10B2600039CF0F94E928882339F062E370E080E059
:10B2700090E00F94BA28F5CF62E370E080E090E0B0
:10B280000D94BA288F3010F48F5F08958F50089571
:10B290000F931F930F948E790091A70A1091A80A1B
:10B2A0002091A90A3091AA0A061B170B280B390B0B
:10B2B00010161106120613068CF02091A60A20958E
:10B2C0002093A60A6A547C4F8F4F9F4F6093A70A22
:10B2D0007093A80A8093A90A9093AA0A81E090919A
:10B2E000A60A911101C080E01F910F91089520E0FE
:10B2F00030E040E05FE36091D9117091DA11809104
:10B30000DB119091DC110F94119D0F94559ECB0190
:10B3100008950F931F93CF93DF93EC010FE017E095
:10B32000F8012081318142815381688179818A814C
:10B330009B810F94119D688379838A839B83F80195
:10B3400024813581468157816C817D818E819F81E9
:10B350000F94119D6C837D838E839F83F8012085DC
:10B36000318542855385688579858A859B850F94CB
:10B37000119D688779878A879B87DF91CF911F917D
:10B380000F9108959CE0899F902D112482E0890FF0
:10B390008093A40A925F9093900B2091761A921753
:10B3A00010F480E008959091781A9817D0F36623EE
:10B3B00031F00F943C7C8091900B0F943C7C8091F9
:10B3C000900B482F4150550B9091761A9417150603
:10B3D00044F72091A40A2150330B9091781A9217C8
:10B3E0001306FCF21092791A825080937A1A81E047
:10B3F00008952091A20A022E000C330B8217130627
:10B4000041F08093A20A63EA7FE282E49AE10D941C
:10B410000E7D08951F93CF93DF931F92CDB7DEB7B4
:10B4200010915D0280917B1A811105C081E08093AB
:10B430007B1A0F941A7B6091441A7091451A1983F4
:10B440009E012F5F3F4F4FE082E49AE10F94167BFD
:10B450000F90DF91CF911F910895CF938091A30A10
:10B4600081114FC01092791A10927A1A10927B1A99
:10B470001092471A1092461A1092491A1092481ABE
:10B4800010924B1A81E080934A1A82E280934C1A00
:10B490001092511A1092501AE5E6FAE123E73AE1C8
:10B4A0008FEF81932E173F07E1F7C1E0C093621A37
:10B4B00027E031E03093581A2093571AC093591A55
:10B4C00010925A1A10925B1A90E490935C1A1092A0
:10B4D0005D1A29EE30E03093741A2093731A20E538
:10B4E00032E03093451A2093441A91E19093671A01
:10B4F00090E19093661A8093651A0F941A7BC0931B
:10B50000A30A099A119865E070E080E090E00F943A
:10B510005B79119A65E070E080E090E00F945B79D0
:10B5200081E080937B1A0F941A7B80915D02863EA6
:10B5300008F486EE80935D026DDF81E08093A50ABA
:10B5400080E29FE2909365118093641110926711DD
:10B5500010926611CF910895EF92FF920F931F936F
:10B56000CF93DF93CDB7DEB72C970FB6F894DEBF3D
:10B570000FBECDBFFC0160817181828193816F3FDD
:10B5800071058105910509F0C0F48EE39AE10E94EE
:10B59000DCCBE091461AF091471A3196849190E005
:10B5A0002C960FB6F894DEBF0FBECDBFDF91CF91C2
:10B5B0001F910F91FF90EF9008951091791A0091CB
:10B5C0007A1A2091A50A21110FC040E05FE2602F96
:10B5D000812F0F94D17D90E080E0180F1093791A9D
:10B5E00000937A1A9927DCCFE090461AF090471A18
:10B5F00022E43AE13A832983212F30E03C832B83F4
:10B60000202F30E03E832D8318861F822FEF3FEFDF
:10B610003A8729871C861B862AE73BECAE014F5FE1
:10B620005F4FBF01C7010F946A69B70182E49AE1D5
:10B630000F940E7D8F819885D0CF4F925F926F923D
:10B640007F928F929F92AF92BF92CF92DF92EF92B2
:10B65000FF920F931F93CF93DF9300D000D01F92E0
:10B660001F92CDB7DEB76C015A014901FB019081F1
:10B670008CE0989F800D1124982FF6012081822F55
:10B68000880F820F880F8093791A90937A1A411548
:10B69000510509F4A0C0DA82C9827C836B83011151
:10B6A00022C0AE014B5F5F4FB401C5010E9410B8CC
:10B6B0005C018D819E81AF81B885892B8A2B8B2B74
:10B6C00009F489C0CE01059647DFF60180818F5FBE
:10B6D0008083853130F3CE0101960E94ACCAE1CF60
:10B6E00010E075010DC07A0110E00AC0E114F10408
:10B6F000B9F38FEFE81AF80A10E0E114F10489F3C6
:10B70000AE014B5F5F4FB401C5010E9410B85C01F0
:10B710004D805E806F80788441145104610471040F
:10B72000E9F0F0E24F16510461047104A9F0D3016D
:10B73000C2018D97A109B1090297A105B10570F069
:10B740004BE2441651046104710441F05AE045167D
:10B75000510461047104E9F5112341F2F60180817D
:10B76000482F410F5527551F4631510534F085307C
:10B7700020F0CE0101960E94ACCA81E04114510430
:10B780006104710409F480E0180FF6018081810FD3
:10B790008083112369F01150AE014B5F5F4FB401FC
:10B7A000C7010E9410B87C01CE010596D5DEF1CF0D
:10B7B000411451046104710471F0FAE04F16510410
:10B7C0006104710409F08CCFCE0101960E94ACCACD
:10B7D00088CF1F5F92CF28960FB6F894DEBF0FBEBA
:10B7E000CDBFDF91CF911F910F91FF90EF90DF9030
:10B7F000CF90BF90AF909F908F907F906F905F9011
:10B800004F900895CF92DF92EF92FF920F931F9384
:10B81000CF93DF93CDB7DEB72C970FB6F894DEBF8A
:10B820000FBECDBFF090791AE0907A1A2091A50A48
:10B8300021111DC040EE5EE26E2D8F2D0F94D17D43
:10B8400090E080E0F80EF092791AE0927A1A992747
:10B850002C960FB6F894DEBF0FBECDBFDF91CF910F
:10B860001F910F91FF90EF90DF90CF900895C090BF
:10B87000461AD090471A22E43AE13A8329832F2DC1
:10B8800030E03C832B832E2D30E03E832D831886C1
:10B890001F822FEF3FEF3A8729871C861B860AE716
:10B8A0001BEC9E012F5F3F4F40E15BE7BC01C601EF
:10B8B0000F942F6AB60182E49AE10F940E7D8F8176
:10B8C0009885C0CFEEE3FAE183AF64AFCA019ACFA7
:10B8D00099CFCF93DF93FC0125AD211104C021E066
:10B8E00025AF0F941A7BC091441AD091451AE0916C
:10B8F000731AF091741A82E01995E091731AF0911D
:10B90000741A81E0199530E020E044E1BE0182E440
:10B910009AE10F94167B25E73AE147E1BE0182E404
:10B920009AE10F94167BE091731AF091741A80E0FB
:10B93000DF91CF9119940F9390DD1092621A8EE3EC
:10B940009AE1C7DF0091431A2091421A40E060E07B
:10B9500082E49AE10F948A7C82E49AE10F94DE7C7F
:10B960008111F0CF81E08093621A3C98449A3E980E
:10B97000469A3A98429A0E941359109264060F917F
:10B980000D94096CCF92DF92EF92FF920F931F9369
:10B99000CF93DF93CDB7DEB72C970FB6F894DEBF09
:10B9A0000FBECDBFF090791AE0907A1A2091A50AC7
:10B9B00021111DC040EC5EE26E2D8F2D0F94D17DC4
:10B9C00090E080E0F80EF092791AE0927A1A9927C6
:10B9D0002C960FB6F894DEBF0FBECDBFDF91CF918E
:10B9E0001F910F91FF90EF90DF90CF900895C0903E
:10B9F000461AD090471A22E43AE13A8329832F2D40
:10BA000030E03C832B832E2D30E03E832D8318863F
:10BA10001F827A8769871C861B860AE71BEC9E01BA
:10BA20002F5F3F4F43E15BE7BC01C6010F942F6AD4
:10BA3000B60182E49AE10F940E7D8F819885C2CF82
:10BA40002F923F924F925F926F927F928F929F922E
:10BA5000AF92BF92CF92DF92EF92FF920F931F931C
:10BA6000CF93DF93CDB7DEB72B01142F6901ADB6AD
:10BA7000BEB642FB662760F985DC882309F4C1C0A5
:10BA8000212F2170722E1270612EC2010E94F4B714
:10BA900036E0839FC00111249C012D5F3F4F4DB7BD
:10BAA0005EB7421B530B0FB6F8945EBF0FBE4DBF7F
:10BAB000EDB7FEB731964F0120913F03309140031F
:10BAC000EDB7FEB732832183339611920197E8F7E1
:10BAD000F12CE12C41145104A1F00091940B109130
:10BAE000950B2091920B3091930B85E1E82E4091BC
:10BAF000910BB201C4010E94E75736E0839F7001A9
:10BB00001124C114D10401F1C6010E9402B8582EBB
:10BB10008823D1F0711041C0F60180812224239442
:10BB20008A3351F0212CC6016C010196F601208167
:10BB3000203271F45A94F8CFFFEFCF1ADF0A5A94EB
:10BB400026E0E20EF11CEFCF212C512C711002C027
:10BB5000662029F180E890E08E199F09F52D26E0F6
:10BB6000F20280199109112466E070E00F94C99CDB
:10BB7000362E7720A9F0462E67FF03C04424439455
:10BB8000460E459400E810E0141464F486E29FE247
:10BB900039DE081B190B4A94F7CF212CDBCF312C4F
:10BBA00000E810E0EF2819F0B801C401EBDE5520E1
:10BBB000E1F06620A9F0711013C00730110580F084
:10BBC000222029F084E29FE21DDE081B190B1314CA
:10BBD0003CF482E29FE216DE081B190B3A94F7CF81
:10BBE000B801C601CFDE081B190B0730110520F084
:10BBF00080E29FE207DEF7CF0FB6F894BEBE0FBE1D
:10BC0000ADBE0FB6F894BEBE0FBEADBEDF91CF91F4
:10BC10001F910F91FF90EF90DF90CF90BF90AF906A
:10BC20009F908F907F906F905F904F903F902F905C
:10BC300008956FEF7FEFA6CE2F923F924F925F92C3
:10BC40006F927F928F929F92AF92BF92CF92DF922C
:10BC5000EF92FF920F931F93CF93DF9300D000D00A
:10BC6000CDB7DEB73C015B014DB75EB75E834D8358
:10BC70000E94F4B7482EC5010E9402B8512C23E15E
:10BC800030E06901C81AD10875E2F72EC414D50452
:10BC900014F46FE1F62E8F2D90E09C012E5F3F4F44
:10BCA0004091761A4217130611F00CF068C00997FC
:10BCB0002091781A281719060CF461C00091940B92
:10BCC0001091950B2091920B3091930B4091910B19
:10BCD0001092791AF0927A1A2DB63EB68DB79EB7A9
:10BCE000865591090FB6F8949EBF0FBE8DBF019681
:10BCF0004C015AE2E52EB3010E94E7576CEF70E069
:10BD0000C40140DE0FB6F8943EBE0FBE2DBE11E05A
:10BD1000A114B104A1F08CE29FE2DADDC414D504D1
:10BD200084F59CE0F90E8091761AF81640F0209187
:10BD3000781A4F2D4950550B2417150624F58D817F
:10BD40009E810FB6F8949EBF0FBE8DBF26960FB68C
:10BD5000F894DEBF0FBECDBFDF91CF911F910F9141
:10BD6000FF90EF90DF90CF90BF90AF909F908F901B
:10BD70007F906F905F904F903F902F90089510E0CC
:10BD8000C7CF1123E1F280E290E0A0E0B0E0898328
:10BD90009A83AB83BC838C2D880FC80ECC0CC092C9
:10BDA000791AF0927A1ACE010196D6DBC50141DFED
:10BDB000C6CF2F923F924F925F926F927F928F9257
:10BDC0009F92AF92BF92CF92DF92EF92FF920F932A
:10BDD0001F93CF93DF93CDB7DEB72D970FB6F894AF
:10BDE000DEBF0FBECDBF982F862F3A016901502EBE
:10BDF0002DB63EB6692FC6DA882309F4A5C0C60160
:10BE0000002309F44DC00E94F4B7F82EA090461A02
:10BE1000B090471A8091A50A811161C08FEF8D877C
:10BE200083E1482E4F180091940B1091950B2091AF
:10BE3000920B3091930B4091910B8DB69EB6842D51
:10BE400090E00196880F991F6DB77EB7681B790B3C
:10BE50000FB6F8947EBF0FBE6DBF8DB79EB701962B
:10BE60005C01E42CB3010E94E757182F96E0499E2D
:10BE7000B0011124C50186DD0FB6F8949EBE0FBE39
:10BE80008DBEFF2009F460C0411A8AE29FE220DDE6
:10BE9000442009F441C088E29FE21ADD4A94F8CFB9
:10BEA0000E9402B8F82EA090461AB090471A8091CE
:10BEB000A50A882309F4B2CFFE0133968AE0DF0198
:10BEC0001D928A95E9F782E49AE19A83898301E5D4
:10BED0001BEC9E012F5F3F4F43E15BE712C0FE0169
:10BEE00033968AE0DF011D928A95E9F782E49AE1B0
:10BEF0009A83898301E51BEC9E012F5F3F4F40E150
:10BF00005BE7B601C5010F942F6AB50182E49AE19F
:10BF10000F940E7D8F8183CF4091900BAD858A2F3A
:10BF200090E0B6E0FB9E90011124029682179307E1
:10BF30000CF4C90190E8981B9093791A40937A1AEF
:10BF4000C6015520F9F05EDC0FB6F8943EBE0FBE78
:10BF50002DBE2D960FB6F894DEBF0FBECDBFDF917C
:10BF6000CF911F910F91FF90EF90DF90CF90BF90F6
:10BF7000AF909F908F907F906F905F904F903F9089
:10BF80002F90089556DEE0CFCF93DF936CEA7EE2E8
:10BF90000F944B72C4E3D7E06E817F8184EA9EE206
:10BFA0000F946F2D6C817D8181EA9EE20F946F2D3D
:10BFB000688179818EE99EE20F946F2D0A80DB8182
:10BFC000C02D8BE99EE20F94032DCE010F94B4286F
:10BFD000DF91CF910D94E42DCF93DF9362E97CE262
:10BFE0000F944B72C4E2D8E06881798189E89CE2C1
:10BFF0000F946F2D6A817B8186E89CE20F946F2DF0
:10C000004C815D816E817F8183E89CE2DF91CF91DD
:10C010000D94E62DAB01BC0140936F11509370114C
:10C0200060937111709372118AEF9BE10C942C84D0
:10C03000CF93DF93DB01F9019C919130C1F09430F3
:10C0400080F094509C938830D1F480819181009746
:10C0500071F0019791838083480F591FEA0118827C
:10C0600006C08C3539F49C5F9C93943041F4DF9189
:10C07000CF9108958B3339F781E08C93F8CF2081ED
:10C080003181B9016F5F7F4F71836083420F531F0E
:10C09000EA018883808191818F3591056CF7E7CF24
:10C0A0000F931F9381E000916F11109170112091F7
:10C0B00071113091721140916B1150916C1160911E
:10C0C0006D1170916E11041715072607370708F4D4
:10C0D00080E01F910F910895CF93DF9363E67CE298
:10C0E0000F944B72C0915912D0915A1248815981C4
:10C0F0006A817B818AE59CE20F94592D4C815D8198
:10C100006E817F8182E898E40F94592D40915512F9
:10C110005091561260915712709158128FE798E41F
:10C120000F94592D87E59CE20F94032D8CE597E140
:10C130000F94032DDF91CF910D94E42D4F925F92D8
:10C140006F927F928F929F92AF92BF92CF92DF9227
:10C15000EF92FF920F931F93CF9310929D0A10922C
:10C160009C0A2FE32093A10A1092A00A10929F0A22
:10C1700010929E0A109287091092880910928909DC
:10C1800010928A099C01F90190812F5F3F4F9032F4
:10C19000D1F39E34C9F4818190ED980F9A3020F04C
:10C1A0008D3211F08B3281F432969F012F5F3F4F19
:10C1B000808180538A3008F47EC09F012F5F3F4FFB
:10C1C0008081803209F479C0F093A50BE093A40B31
:10C1D0008F010F5F1F4FC0816AE270E0C8010F94AA
:10C1E0004DA1009731F0FC01319780818032E1F35D
:10C1F0001182CD3429F0C43519F0C73409F04BC091
:10C20000F80180810F5F1F4F8032D1F380538A3055
:10C2100008F041C0C093A10A90E080E04AE0DF014D
:10C220001196489F9001499F300D1124C901C09774
:10C230002081820F911D27FD9A95218130ED320FCB
:10C240003A30E8F19093A00A80939F0A2E3261F46D
:10C25000329630E04AE0DF0131962C9150ED520FDA
:10C260005A3078F130939E0A9D01D9012F5F3F4FDC
:10C270004C914032D1F3CD34A1F58E31910539F096
:10C2800030F58731910519F08C31910551F5B09356
:10C290009D0AA0939C0ACF911F910F91FF90EF9060
:10C2A000DF90CF90BF90AF909F908F907F906F90D6
:10C2B0005F904F900895F90178CFF9017ECFFD018D
:10C2C000AECF349F200D112430ED320FC4CF85370F
:10C2D000910538F087379105D0F2803A23E0920734
:10C2E000B1F25091A40B70E060E0C12CD12C76012A
:10C2F000C394FD0131964C91442309F492C041321C
:10C30000A1F4CD3491F48032910579F4F0939D0A33
:10C31000E0939C0A63E270E0CF010F944DA1009777
:10C3200009F4B9CFFC011082B6CF41544A3108F06C
:10C3300073C0DF012D91203209F459C030ED320F66
:10C340003A3008F465C02E3209F053C021812053E1
:10C350002A3008F45DC030E020E06115710519F461
:10C36000BF0161507109A42FB0E02601370104C05C
:10C37000440C551C661C771C4A95D2F7809087099F
:10C3800090908809A0908909B0908A0984289528FE
:10C39000A628B7288092870990928809A0928909D7
:10C3A000B0928A0921153105A9F1251BA359B64F71
:10C3B0002C9320812154DF012A3108F49ACFDF0128
:10C3C0002191222309F495CF30ED320F3A30B8F3A2
:10C3D00033ED320F323098F32B3289F39D012F5F0A
:10C3E0003F4F4C91403209F084CFD901F7CFFD0186
:10C3F000A0CF2D3219F02B3209F0ADCF218130EDD5
:10C40000320F3A3028F02E3209F0A5CF22819FCF8B
:10C410009F01A9CF20E0CACF6115710551F6BD017A
:10C42000C8CF70939D0A60939C0A35CFCF9364E385
:10C430007CE20F944B72C0915D028BE29CE20F9400
:10C44000032D8C2F0F943A27CF910D94E42DCF9389
:10C45000DF931F921F92CDB7DEB72091680621119E
:10C4600013C0BC014BE250E083E09AE10F94729557
:10C470008AE290E09A838983CE0101960F94E86B5B
:10C4800010926606109265060F900F90DF91CF9183
:10C490000895CF93DF931F921F92CDB7DEB72091FF
:10C4A0006806211113C0BC014BE250E083E09AE121
:10C4B0000F9472958AE290E09A838983CE01019667
:10C4C0000F94E86B10926606109265060F900F901D
:10C4D000DF91CF910895CF92DF92EF92FF926A01A0
:10C4E0007B010F94032DC701B6010F945F70FF907D
:10C4F000EF90DF90CF900D94E42DCF93DF936CE31A
:10C5000079E20F944B72C7E1DBE0488159816A817F
:10C510007B8183E399E20F94592D4C815D816E817B
:10C520007F8182E898E40F94592D488559856A8562
:10C530007B858FE798E4DF91CF910D94E62D0F93E3
:10C540001F93CF93811113C0C42F8B010F946C2DB7
:10C55000B80188E995E20F943A2DCC2341F08AE3A3
:10C560000F94AB2CCF911F910F910D94E42DCF918F
:10C570001F910F910895E091830D81E6E89FF001EE
:10C580001124EB51F24F8081811106C084E197E4C0
:10C590000F94032D0D94E42D0895CF9364E875E274
:10C5A0000F944B72C0913307C05D8BE795E20F94F7
:10C5B000032D8C2F0F94AB2C8091330762E677E12B
:10C5C000882311F066E677E187E795E2CF910D9435
:10C5D0006B36CF93C82F41E062E675E2B0DFC11140
:10C5E00002C00F946C2D40913C0750913D07609123
:10C5F0003E0770913F0789E595E20F94592D4091D0
:10C60000400750914107609142077091430786E5CA
:10C6100095E20F94592D83E595E20F94032D8CE557
:10C6200097E10F94032DCF910D94E42DCF93DF93D9
:10C630006FE174E20F944B72CDEAD1E14C8D5D8DC8
:10C640006E8D7F8D86E194E20F94592D21E732EBB8
:10C6500047E25EE368A179A18AA19BA10F94ED9DB9
:10C66000AB01BC0183E194E20F94592D21E732EB39
:10C6700047E25EE36CA17DA18EA19FA10F948E96EF
:10C68000AB01BC0180E194E2DF91CF910D94E62DE6
:10C69000CF93C82F41E065E074E251DFC11102C0C1
:10C6A0000F946C2D4091F1115091F2116091F311A2
:10C6B0007091F4118CEF93E20F94592D21E732EB36
:10C6C00047E25EE36091F5117091F6118091F711E8
:10C6D0009091F8110F94ED9DAB01BC0189EF93E2AD
:10C6E0000F94592D21E732EB47E25EE36091F91197
:10C6F0007091FA118091FB119091FC110F948E961C
:10C70000AB01BC0186EF93E20F94592DCF910D94AC
:10C71000E42D61EA73E20F944B7260914D0C7091BD
:10C720004E0C80914F0C9091500C0F942D96AB01B4
:10C73000BC0188E993E20F94592D40917D0C5091F2
:10C740007E0C60917F0C7091800C85E993E20F94D0
:10C75000592D4091810C5091820C6091830C709105
:10C76000840C82E993E20F94592D40910D0C509165
:10C770000E0C60910F0C7091100C8FE893E20D94E9
:10C78000E62DCF93DF9365E473E20F944B72CDE314
:10C79000DCE04CA95DA96EA97FA98CE393E20F941C
:10C7A000592D48AD59AD6AAD7BAD89E393E20F9445
:10C7B000592D4CAD5DAD6EAD7FAD82E993E2DF9159
:10C7C000CF910D94E62DCF93DF9361E273E20F9446
:10C7D0004B72CDE3DCE04CA15DA16EA17FA188E1AD
:10C7E00093E20F94592D48A559A56AA57BA582E827
:10C7F00098E40F94592D4CA55DA56EA57FA58FE7F4
:10C8000098E40F94592D48A959A96AA97BA98CE7E6
:10C8100098E40F94592DDF91CF910D94E42DCF938F
:10C82000DF936CEF72E20F944B72CDE3DCE0688132
:10C8300079818A819B810F942D96AB01BC0183EF96
:10C8400092E20F94592D6C817D818E819F810F948E
:10C850002D96AB01BC0182E898E40F94592D6885B0
:10C8600079858A859B850F942D96AB01BC018FE756
:10C8700098E40F94592D6C857D858E859F850F9446
:10C880002D96AB01BC018CE798E40F94592DDF91F4
:10C89000CF910D94E42DCF93811114C00F946C2D82
:10C8A00061EE72E288E995E20F943A2D8091480793
:10C8B000811104C084ED92E20F94032D0F94E42DB6
:10C8C0000F946C2DC09148078BEC92E20F94032DCE
:10C8D0006C2F70E090E080E00F945F70409144070F
:10C8E00050914507609146077091470788EC92E2A6
:10C8F000CF910D94E62DFC016591759185919491F0
:10C9000008958F929F92AF92BF92CF92DF92EF9253
:10C91000FF92CF936B017C01B42E20E030E0A9019F
:10C920000F94299687FF07C08DE20F94AB2CF7FA7E
:10C93000F094F7F8F094C0E060E070E080E09FE3EE
:10C94000CB1541F02DEC3CEC4CEC5DE30F948E9656
:10C95000CF5FF6CFA70196010F94119D6B017C016B
:10C960000F945A9E4B015C010F94F56FCC2371F12B
:10C97000C501B4010F942D969B01AC01C701B6010E
:10C980000F94109D6B017C018EE20F94AB2CC15073
:10C99000E8F020E030E040E251E4C701B6010F9436
:10C9A0008E966B017C010F945A9E4B015C010F9493
:10C9B000F56FC501B4010F942D969B01AC01C70121
:10C9C000B6010F94109D6B017C01E1CFCF91FF90D8
:10C9D000EF90DF90CF90BF90AF909F908F90089591
:10C9E000CF93C62F0F94032D8C2F0F943327CF9105
:10C9F0000D94E42DCF92DF92EF92FF926A017B01BA
:10CA00000F940420882331F0FF90EF90DF90CF90B7
:10CA10000D94831FC701B601FF90EF90DF90CF9078
:10CA200008952F923F924F925F926F927F928F92D2
:10CA30009F92AF92BF92CF92DF92EF92FF920F93AD
:10CA40001F93CF93DF93CDB7DEB7CB54D1090FB689
:10CA5000F894DEBF0FBECDBF87E00E941DC6082F31
:10CA6000811180C070E060E080E50E943ED724968E
:10CA70008FAF24976CE070E083E50E943ED72A9642
:10CA80008FAF2A9763E070E084E50E943ED7299635
:10CA90008FAF299740E050E060ED70E482E5AADFB7
:10CAA0004B015C018091890987FD05C080918A094D
:10CAB000837009F471C060E088E50E9442D0182FAD
:10CAC00060E089E50E9442D0811168C081E090E079
:10CAD000192B882339F060E08AE50E9442D0882330
:10CAE00009F45EC084E0182B23961FAF2397809132
:10CAF0004D072B968FAF2B97912F94702C969FAF4D
:10CB00002C9712FF082F802F0F94402760E085E4B8
:10CB10000E9442D091E0892780931C028CE0E1E4DE
:10CB2000F3E0DE01599601900D928A95E1F78CE0D1
:10CB3000EDE4F3E0DE011D9601900D928A95E1F798
:10CB40008091DD119091DE118A3A91055CF58AE8B9
:10CB500094E20F94032D10921C022B968FAD2B970D
:10CB60000F944027C55BDF4F0FB6F894DEBF0FBEB2
:10CB7000CDBFDF91CF911F910F91FF90EF90DF908C
:10CB8000CF90BF90AF909F908F907F906F905F906D
:10CB90004F903F902F90089580E011E092E098CF61
:10CBA00080E0A1CF61E080E00E948EBF80911B02F7
:10CBB000882309F4E0C180911C028111DCC1B0918D
:10CBC0002902BDA3E0912A02E9A7F0912B02FDA75B
:10CBD00080912C0289AB10911D0200911E02909150
:10CBE0001F029AABA0912002ABABC98CDA8CEB8C04
:10CBF000FC8CA7019601612F702F892F9A2F0F941B
:10CC0000389F18160CF03DC0812F902FAAA9BBA900
:10CC1000898F9A8FAB8FBC8FCD84DE84EF84F888A8
:10CC2000A7019601612F702F8AA99BA90F94389FA5
:10CC30001816B4F5812F902FAAA9BBA98D879E87BE
:10CC4000AF87B88B20E030E040EF51E4612F702FC8
:10CC50008AA99BA90F94389F18168CF120E030E028
:10CC600040EF51E46DA179A58DA599A90F9429965E
:10CC700087FD2BC11CAE1DAEB0EFBEAFE1E4EFAF40
:10CC800024C0A70196016DA179A58DA599A90F943E
:10CC9000299687FFC1CF8DA199A5ADA5B9A9B8CF18
:10CCA000A70196016DA179A58DA599A90F94299643
:10CCB00087FFC8CF8DA199A5ADA5B9A9BFCF1CAFDE
:10CCC0000DAFFAA9FEAF8BA98FAFF0912D02FCAB8F
:10CCD00080912E028DAB90912F029EABA0913002DD
:10CCE000AFABB0912102B8AFE0912202E9AFF09171
:10CCF0002302FAAF809124028BAFCD8CDE8CEF8CB7
:10CD0000F8A0A70196016B2F7E2F8F2F9BAD0F945C
:10CD1000389F18160CF0E1C088AD99ADAAADBBAD37
:10CD20008D8F9E8FAF8FB8A3C988DA88EB88FC8877
:10CD3000A701960168AD79AD8AAD9BAD0F94389F80
:10CD400018160CF0D9C088AD99ADAAADBBAD898BD2
:10CD50009A8BAB8BBC8B20E030E040EF51E468ADA8
:10CD600079AD8AAD9BAD0F94389F18160CF4D3C0E3
:10CD700020E030E040EF51E46CA97DA98EA99FA985
:10CD80000F94299687FDD2C0212C312C90EF21964B
:10CD90009FAF2197A1E42296AFAF2297C0903102B6
:10CDA000D0903202E0903302F0903402809125025C
:10CDB00090912602A0912702B091280228968CAF6C
:10CDC0009DAFAEAFBFAF289749A05AA06BA07CA083
:10CDD000A3019201BC01CD010F94389F18160CF0ED
:10CDE000B0C028968CAD9DADAEADBFAD289789A3E0
:10CDF0009AA3ABA3BCA34D885E886F88788CA301EF
:10CE0000920128966CAD7DAD8EAD9FAD28970F94A5
:10CE1000389F18160CF0A2C028968CAD9DADAEAD13
:10CE2000BFAD28978D8B9E8BAF8BB88F24969FAD0F
:10CE30002497923009F0CAC0212F302F4AA95BA94C
:10CE4000C501B4010F94119D2CAD3DAD4EAD5FAD4C
:10CE50000F9429961816B4F1A50194016DA179A536
:10CE60008DA599A90F94109D2CAD3DAD4EAD5FAD34
:10CE70000F94389F87FD26C028AD39AD4AAD5BAD14
:10CE8000C501B4010F94119D910121964FAD2197D9
:10CE900022965FAD22970F94299618169CF0A50153
:10CEA00094016CA97DA98EA99FA90F94109D910151
:10CEB00021964FAD219722965FAD22970F94389F10
:10CEC00087FF6EC08CE694E244CE9DA19CAFA9A5DD
:10CED000ADAFBDA5BEAFE9A9D2CEA70196016CA9A1
:10CEE0007DA98EA99FA90F94299687FF1DCF8CA994
:10CEF0009DA9AEA9BFA914CFA70196016CA97DA9D0
:10CF00008EA99FA90F94299687FF25CF8CA99DA94B
:10CF1000AEA9BFA91CCF28AC39ACBAAD2196BFAF22
:10CF20002197EBAD2296EFAF229738CF2CA83DA8E2
:10CF3000FEA92196FFAF21978FA922968FAF229746
:10CF40002DCFA3019201C701B6010F94299687FF47
:10CF500052CFC9A2DAA2EBA2FCA24DCFA30192014B
:10CF6000C701B6010F94299687FF60CFCD8ADE8A6C
:10CF7000EF8AF88E5BCF2496AFAD2497212C312C0D
:10CF8000A230B1F4B0EF2196BFAF2197E1E4229631
:10CF9000EFAF22971CAE1DAEF0EFFEAF81E48FAF76
:10CFA00023968FAD23978370D9F589E494E2D1CD90
:10CFB00090EF21969FAF2197A1E42296AFAF2297E1
:10CFC0001CAE1DAEB0EFBEAFE1E4EFAF2396FFADF8
:10CFD0002397F0FD10C08091850C9091860CA09154
:10CFE000870CB091880C8D879E87AF87B88B898F0F
:10CFF0009A8FAB8FBC8F23968FAD239781FD10C086
:10D000008091890C90918A0CA0918B0CB0918C0C22
:10D01000898B9A8BAB8BBC8B8D8F9E8FAF8FB8A378
:10D020002C969FAD2C97911110C080918D0C9091F2
:10D030008E0CA0918F0CB091900C8D8B9E8BAF8B32
:10D04000B88F89A39AA3ABA3BCA32496AFAD2497B2
:10D05000A13009F4A7C008F47BC0A23009F07BCD51
:10D060002A96FFAD2A97FF2309F475CD8CE0E5E8F9
:10D07000FCE0DE01119601900D928A95E1F740E007
:10D0800050E0BA01CE0149960F94E6231DA2D12C9F
:10D09000C12CB6010D2C000C880B990B0F942F9608
:10D0A0002CE739ED40E25FE30F948E962B013C01B3
:10D0B0000F94EA9D69A77AA78BA79CA7C301B20129
:10D0C0000F94C19F6DA77EA78FA798AB29A53AA5FE
:10D0D0004BA55CA5C501B4010F948E9691012196D4
:10D0E0004FAD219722965FAD22970F94119D2B0192
:10D0F0003C012DA53EA54FA558A9C501B4010F942B
:10D100008E962CAD3DAD4EAD5FAD0F94119DE12CD3
:10D11000F12C8701A30192010E948BA58FEFC81A01
:10D12000D80A9AE0C916D10409F0B3CFADA1AF5F18
:10D13000ADA32A96BFAD2A97AB1708F4A8CFB801C4
:10D14000A701CE0149960E94BEB1B801A70123C034
:10D150008CE0E5E8FCE0DE01119601900D928A95E5
:10D16000E1F740E050E0BA01CE0149960F94E62382
:10D1700010E040E050E0BA01CE0110FF11C00D9662
:10D180000E94BEB11F5F2A96BFAD2A97B11788F7DC
:10D1900040E050E0BA01CE0101960F94E623DBCCCB
:10D1A0004996EECF298D3A8D4B8D5C8D6D857E85B0
:10D1B0008F8598890F94109D2B013C0120E030E071
:10D1C000A9010F942996882309F4C5CC2D8D3E8D95
:10D1D0004F8D58A169897A898B899C890F94109DFC
:10D1E0004B015C0120E030E0A9010F9429968823CF
:10D1F00009F4B1CC8CE0E5E8FCE0DE011196019089
:10D200000D928A95E1F740E050E0BA01CE014996CF
:10D210000F94E6232996EFAD2997EE0F2996EFAFED
:10D22000299720E030E0A901C301B2010F94389F93
:10D2300087FF86C0D301C201B05889A79AA7ABA7C0
:10D24000BCA720E030E0A901C501B4010F94389FCC
:10D2500087FF7BC0D501C401B0588DA39EA3AFA3A7
:10D26000B8A729A53AA54BA55CA56DA17EA18FA164
:10D2700098A50F942996181614F053014201299687
:10D280009FAD2997292E312CB101032C000C880B5E
:10D29000990B0F942F969B01AC01C501B4010F941B
:10D2A000ED9D4B015C01C12C2A96AFAD2A97CA16A1
:10D2B00008F06ECFD12C8D2D0D2C000C990B821502
:10D2C00093050CF05DC08E01D0FE44C0035F1F4F7C
:10D2D0006D2D0D2C000C770B880B990B0F942F964E
:10D2E000A50194010F948E962B013C0129A53AA526
:10D2F0004BA55CA56DA17EA18FA198A50F94299641
:10D3000018165CF1D80114968D919D910D90BC91E9
:10D31000A02D8DA79EA7AFA7B8AB298D3A8D4B8DB9
:10D320005C8DC301B2010F94119DE12CF12C87019A
:10D330002DA53EA54FA558A90E948BA5D394BBCF80
:10D3400049A65AA66BA67CA67CCF8DA29EA2AFA2B0
:10D35000B8A687CF075E1F4FBBCF2D8D3E8D4F8D5B
:10D3600058A1C301B2010F94119D9B01AC01F801BA
:10D370006081718182819381E12CF12C8701DCCF66
:10D380002996DFAC2997D7FC53C08E01D0FE3AC056
:10D39000035F1F4F6D2D0D2C000C770B880B990B25
:10D3A0000F942F96A50194010F948E962B013C01AA
:10D3B00029A53AA54BA55CA56DA17EA18FA198A535
:10D3C0000F94299618160CF1D80114968D919D9101
:10D3D0000D90BC91A02D8DA79EA7AFA7B8AB298DAE
:10D3E0003A8D4B8D5C8DC301B2010F94119DE12CE0
:10D3F000F12C87012DA53EA54FA558A90E948BA50C
:10D40000DA94C1CF075E1F4FC5CF2D8D3E8D4F8D56
:10D4100058A1C301B2010F94119D9B01AC01F80109
:10D420006081718182819381E12CF12C8701E6CFAB
:10D43000C3943ACF4F925F926F927F928F929F9256
:10D44000AF92BF92CF92DF92EF92FF920F931F9312
:10D45000CF93DF9300D01F92CDB7DEB719821A8227
:10D460001B821C8293EAA92E92E0B92ECE0101966E
:10D470004C012BE1C22E27E0D22E35E8E32E3CE012
:10D48000F32E10E000E0F50181915F010F9404207C
:10D49000F40181934F01882309F4BEC00F94831FC8
:10D4A0002B013C01802F0E94F1CA882309F4A4C0FB
:10D4B000F7012081318142815381C301B2010F9470
:10D4C000119DF60160837183828393830F5F1F4FE9
:10D4D000F4E0CF0ED11C84E0E80EF11C03301105FE
:10D4E00091F685E40F9404208C83882309F49FC06F
:10D4F0000F94831F6B017C0183E00E94F1CA882393
:10D5000071F02091910C3091920C4091930C5091BC
:10D51000940CC701B6010F94119D6B017C01C09260
:10D520002707D0922807E0922907F0922A078091D6
:10D530003307882381F10F946529882361F18C8159
:10D54000882349F18981811103C08A81882319F1D7
:10D550002DEC3CEC4CE45DE360915D0770915E075F
:10D5600080915F07909160070F94119D9B01AC0122
:10D5700060918D0C70918E0C80918F0C9091900C1D
:10D580000F94389F18163CF440E060E070E080E0B3
:10D5900090E40E945DD840E050E0BA0186E42ADAC7
:10D5A00020E030E0A9010F94389F181684F40F94FE
:10D5B000831F20E030E040E752E40F94ED9D60933C
:10D5C00015027093160280931702909318020F9021
:10D5D0000F900F900F90DF91CF911F910F91FF90BF
:10D5E000EF90DF90CF90BF90AF909F908F907F9003
:10D5F0006F905F904F900895F801EE0FFF1FEE0FB0
:10D60000FF1FE15FF84F2081318142815381C301C7
:10D61000B2010F94109D55CFF70180819181A281B5
:10D62000B381F60180839183A283B3834FCF80912E
:10D63000910C9091920CA091930CB091940C8093CA
:10D64000270790932807A0932907B0932A076FCF45
:10D650008091670B833018F0EDDE0C9431A60895AD
:10D660002F923F924F925F926F927F928F929F92F2
:10D67000AF92BF92CF92DF92EF92FF920F931F93E0
:10D68000CF93DF93CDB7DEB7C557D1090FB6F89466
:10D69000DEBF0FBECDBF9091670B933008F41CC165
:10D6A000182FC8DE82E50F940420882309F43CC1BA
:10D6B0000F94831F2B013C0120E030E0A9010F945F
:10D6C0002996882309F402C18090850C9090860CDD
:10D6D000A090870CB090880C2091890C30918A0C16
:10D6E00040918B0C50918C0C2D8F3E8F4F8F58A3F7
:10D6F000C0901B07D0901C07E0901D07F0901E07FC
:10D7000080911F0790912007A0912107B0912207D7
:10D7100089A39AA3ABA3BCA3A7019601C501B40139
:10D720000F94299681110DC029A13AA14BA15CA1AA
:10D730006D8D7E8D8F8D98A10F942996882309F485
:10D74000C5C0A5019401C701B6010F94109D20E04A
:10D7500030E040E05FE30F948E966B017C012D8DED
:10D760003E8D4F8D58A169A17AA18BA19CA10F94E8
:10D77000109D20E030E040E05FE30F948E966D8FC7
:10D780007E8F8F8F98A320E030E0A901C301B20102
:10D790000F942996881F8827881F181709F4B6C088
:10D7A00020E030E040E85FEB29A33AA34BA35CA361
:10D7B000A7019601C701B6010F948E964B015C013B
:10D7C0002D8D3E8D4F8D58A1CA01B9010F948E96B3
:10D7D0009B01AC01C501B4010F94119D0F94CB9F27
:10D7E0004B015C01AC019B01C301B2010F94109D80
:10D7F00069A77AA78BA79CA7A5019401C301B201D1
:10D800000F94119D9B01AC0169A57AA58BA59CA5E0
:10D810000F948E962B013C0120E030E0A9010F947B
:10D82000389F87FD7CC0C301B2010F94CB9F69A7CD
:10D830007AA78BA79CA76D8D7E8D8F8D98A1905810
:10D84000A50194010F94ED9D29A13AA14BA15CA1E2
:10D850000F948E9629A53AA54BA55CA50F948E969C
:10D86000A70196010F94119D2B013C01A501940184
:10D87000C701B6010F94ED9D29A13AA14BA15CA16E
:10D880000F948E9629A53AA54BA55CA50F948E966C
:10D890002D8D3E8D4F8D58A10F94119D6D8F7E8FD4
:10D8A0008F8F98A320E030E0A901C301B2010F944B
:10D8B00029968111F7C420E030E0A9016D8D7E8D9D
:10D8C0008F8D98A10F9429968111ECC40F94692D26
:10D8D00081E49CE20F94032DCB58DF4F0FB6F894F0
:10D8E000DEBF0FBECDBFDF91CF911F910F91FF9093
:10D8F000EF90DF90CF90BF90AF909F908F907F90F0
:10D900006F905F904F903F902F90089580E090E04F
:10D91000A0E8BFE389A39AA3ABA3BCA349CF19A6F0
:10D920001AA61BA61CA687CF89E40F940420412CBD
:10D93000512C3201882321F00F94831F2B013C01CD
:10D940008AE40F940420882309F49EC40F94831F53
:10D95000A5CF2DA13EA14FA158A569A17AA18BA168
:10D960009CA10F948E966B017C012DA53EA54FA521
:10D9700058A969A57AA58BA59CA50F948E969B01A5
:10D98000AC01C701B6010F94119D6B017C012DA55F
:10D990003EA54FA558A969A17AA18BA19CA10F947E
:10D9A0008E964B015C012DA13EA14FA158A569A502
:10D9B0007AA58BA59CA50F948E969B01AC01C50101
:10D9C000B4010F94109DA70196010F94849D6B01E3
:10D9D0007C0120E030E0A9010F942996882309F406
:10D9E000B6C020E030E0A901C701B6010F94299626
:10D9F00087FFB8C082E090E0812B8130910509F467
:10DA0000B4C0029709F4BCC020E030E0A901C7010E
:10DA1000B6010F94389F4601570187FF04C0B7FA3B
:10DA2000B094B7F8B0942BED3FE049EC50E4C50159
:10DA3000B4010F94ED9D20E030E040E952E40F94F2
:10DA40008E960F94D79D0F945A9E1B0180918D0C3A
:10DA500090918E0CA0918F0CB091900C62968CAF2F
:10DA60009DAFAEAFBFAF62972091910C3091920CF9
:10DA70004091930C5091940C66962CAF3DAF4EAFF5
:10DA80005FAF66979C01AD016091230770912407F9
:10DA900080912507909126070F94109D6DA77EA772
:10DAA0008FA798AB66962CAD3DAD4EAD5FAD66973A
:10DAB00060912707709128078091290790912A0784
:10DAC0000F94109D2B013C01A50194012E966CAD85
:10DAD0007DAD8EAD9FAD2E970F948E9669AB7AABD0
:10DAE0008BAB9CAB27E137EB41ED58E30F942996C4
:10DAF00087FF4FC02DEB37E346E855EB6DA57EA5BC
:10DB00008FA598A90F94389F87FD43C02DEB37E36D
:10DB100046E855E36DA57EA58FA598A90F94299693
:10DB20001816BCF12DEB37E346E855EBC301B20103
:10DB30000F94389F87FD0AC02DEB37E346E855E385
:10DB4000C301B2010F94299618160CF481DD0F94CD
:10DB50008E7960939B0B70939C0B80939D0B90939D
:10DB60009E0BBACE90E080E047CF2BED3FE049EC32
:10DB700050E4C701B6010F94109D6B017C0144CFA6
:10DB80002BED3FE049EC50E4C701B6010F94119D25
:10DB9000F4CF2AE037ED43E25CE360911502709127
:10DBA000160280911702909118020F948E964B01E5
:10DBB0005C016091130270911402072E000C880B17
:10DBC000990B0F942F969B01AC01C501B4010F94E2
:10DBD0008E966BAF7CAF8DAF9EAF69A97AA98BA9EA
:10DBE0009CA90F94869E162F872E982EA92EB101E0
:10DBF00090E080E00F942D961B01082F9DA39B01C0
:10DC0000482F592F612F782D892D9A2D0F94389FE9
:10DC1000181624F4212E382C092DADA29101402F85
:10DC20005DA169A97AA98BA99CA90F94ED9D4B01CF
:10DC30005C0120E030E040E85FE30F94389F181665
:10DC40000CF0A2C269A97AA98BA99CA90F94D79DAF
:10DC50000F945A9E7EAB6DAB198A1A8A1B8A1C8A56
:10DC60001D8A1E8A1F8A188E198E1A8E1B8E1C8E74
:10DC70004DA95EA94230510508F458C2BA0190E09E
:10DC800080E00F942D9623966CAF7DAF8EAF9FAF43
:10DC900023979B01AC01C701B6010F94ED9D6FABBB
:10DCA00078AF89AF9AAF9B01AC010F948E966B0150
:10DCB0007C01AC019B016FA978AD89AD9AAD0F9441
:10DCC0008E9620E030E040EC50E40F94ED9D9B01F7
:10DCD000AC016FA978AD89AD9AAD0F94109DA69651
:10DCE0006CAF7DAF8EAF9FAFA69720E030E040E0F5
:10DCF0005FE3C701B6010F948E969B01AC0160E013
:10DD000070E080E89FE30F94109DAA966CAF7DAF02
:10DD10008EAF9FAFAA9723962CAD3DAD4EAD5FADB4
:10DD200023976DA57EA58FA598A90F94ED9DE296EA
:10DD30006CAF7DAF8EAF9FAFE29723962CAD3DAD1C
:10DD40004EAD5FAD2397C301B2010F94ED9DE696F2
:10DD50006CAF7DAF8EAF9FAFE69762968CAD9DADF9
:10DD6000AEADBFAD629789879A87AB87BC87669651
:10DD70002CAD3DAD4EAD5FAD66972D873E874F878D
:10DD8000588B0F948E799B01AC0128533F4F4F4F16
:10DD90005F4FAE962CAF3DAF4EAF5FAFAE970091E9
:10DDA0003D0C10913E0C20913F0C3091400C609145
:10DDB000410C7091420C8091430C9091440C0617D9
:10DDC00017072807390710F4C901B8010F942D96D9
:10DDD0006A966CAF7DAF8EAF9FAF6A97E090650C8F
:10DDE000F090660C0091670C1091680CA090610C8B
:10DDF000B090620CC090630CD090640C9501A601A9
:10DE0000B701C8010F94389F181614F475018601E4
:10DE10002BAD3CAD4DAD5EADCA01B9010F948E96F0
:10DE20006DA37DA71C016A962CAD3DAD4EAD5FADD7
:10DE30006A972E966CAD7DAD8EAD9FAD2E970F94EB
:10DE40008E965B016C019701A801B701C8010F9480
:10DE50008E967B018C019501A6016DA17DA5C10166
:10DE60000F94389F18161CF4ADA2BDA616012DA163
:10DE70003DA5A101B701C8010F94299687FF03C0F2
:10DE8000EDA2FDA6180149A05AA06BA07CA039E123
:10DE900026963FAF269741E050E025965FAF4EAF04
:10DEA00025970E9497C80F948E79AE960CAD1DAD44
:10DEB0002EAD3FADAE97061B170B280B390B101676
:10DEC0001106120613067CF09B01AC0128533F4F4C
:10DED0004F4F5F4FAE962CAF3DAF4EAF5FAFAE979B
:10DEE00080E00F94273B26963FAD2697315026962B
:10DEF0003FAF269725964EAD5FAD2597BA0190E0CE
:10DF000080E00F942D962A966CAF7DAF8EAF9FAFB9
:10DF10002A9726965FAD2697552309F462C1920190
:10DF2000A301A6966CAD7DAD8EAD9FADA6970F9467
:10DF30008E966B017C0129A53AA54BA55CA5AA96F6
:10DF40006CAD7DAD8EAD9FADAA970F948E969B0163
:10DF5000AC01C701B6010F94119D7B018C019201A8
:10DF6000A301AA966CAD7DAD8EAD9FADAA970F941F
:10DF70008E964B015C0129A53AA54BA55CA5A696FA
:10DF80006CAD7DAD8EAD9FADA6970F948E969B0127
:10DF9000AC01C501B4010F94109D2B013C01C701D8
:10DFA000D80189A79AA7ABA7BCA79201A3016E9637
:10DFB0006CAD7DAD8EAD9FAD6E970F94119D698355
:10DFC0007A838B839C8329A53AA54BA55CA5A29651
:10DFD0006CAD7DAD8EAD9FADA2970F94119D6D83FD
:10DFE0007E838F8398872A962CAD3DAD4EAD5FAD75
:10DFF0002A97E2966CAD7DAD8EAD9FADE2970F9402
:10E000008E9662962CAD3DAD4EAD5FAD62970F948E
:10E01000119D69877A878B879C872A962CAD3DADA9
:10E020004EAD5FAD2A97E6966CAD7DAD8EAD9FADE2
:10E03000E6970F948E9666962CAD3DAD4EAD5FADD6
:10E0400066970F94119D6D877E878F87988BCE0181
:10E0500001960E9439A3CE0101960E943E94239618
:10E060002CAD3DAD4EAD5FAD239769A97AA98BA9C3
:10E070009CA90F94ED9D2A962CAD3DAD4EAD5FADA4
:10E080002A970F948E969B01AC0169A97AA98BA956
:10E090009CA90F94109D6B017C016A962CAD3DAD3F
:10E0A0004EAD5FAD6A97CA01B9010F94119D9B01F6
:10E0B000AC01C701B6010F948E967B018C012DA196
:10E0C0003DA5A1010F94389F18161CF4EDA0FDA4E6
:10E0D0008101C701D801898F9A8FAB8FBC8F9E01B8
:10E0E0002F5E3F4F4BAD5CAD6DAD7EADCE01019669
:10E0F0000F9424728823D1F02E962CAD3DAD4EADF9
:10E100005FAD2E972D8B3E8B4F8B588F25964EAD46
:10E110005FAD25974F5F5F4F25965FAF4EAF259759
:10E120008DA99EA98417950709F0BBCE80E1EBE18C
:10E13000F7E0DE01119601900D928A95E1F7CE018C
:10E1400001960E9439A3CE0101960E943E941D8A39
:10E150001E8A1F8A188E198E1A8E1B8E1C8E9E0187
:10E160002F5E3F4F4BAD5CAD6DAD7EADCE010196E8
:10E170000F94247280E1EBE1F7E0A5E8BCE00190A8
:10E180000D928A95E1F7E3CC2DEC3CEC4CEC5DE391
:10E19000C501B4010F94299687FF1FC02DEC3CECFC
:10E1A0004CEC5DE369A97AA98BA99CA90F94ED9D1C
:10E1B0000F94869E4B015C0120E030E040E85FE375
:10E1C0000F94299687FF06C0812C912C80E8A82EF9
:10E1D0008FE3B82EC501B4013BCDB101802F9DA1C5
:10E1E00037CD2A962CAD3DAD4EAD5FAD2A976FA9C8
:10E1F00078AD89AD9AAD0F948E964B015C010F946A
:10E20000EA9D6B017C01C501B4010F94C19F4B01D4
:10E210005C01A701960169A17AA18BA19CA10F9431
:10E220008E962B013C012D8D3E8D4F8D58A1C50141
:10E23000B4010F948E969B01AC01C301B2010F94FF
:10E24000119D2B013C01A501940169A17AA18BA12B
:10E250009CA10F948E964B015C012D8D3E8D4F8DB0
:10E2600058A1C701B6010F948E969B01AC01C50160
:10E27000B4010F94109D69A77AA78BA79CA789E189
:10E2800026968FAF269791CE20E030E0A901C301FA
:10E29000B2010F942996882309F418CB1D8E1E8E87
:10E2A0001F8E18A2A3019201505829A33AA34BA391
:10E2B0005CA38D8D9E8DAF8DB8A1B05889A79AA70C
:10E2C000ABA7BCA7A3019201C301B2010F948E9624
:10E2D0006B017C012D8D3E8D4F8D58A1CA01B90176
:10E2E0000F948E969B01AC01C701B6010F94119D4E
:10E2F0000F94CB9F2E966CAF7DAF8EAF9FAF2E97B6
:10E300008090850C9090860CA090870CB090880C23
:10E31000A3019201C501B4010F94119D6E966CAFDB
:10E320007DAF8EAF9FAF6E972091890C30918A0C94
:10E3300040918B0C50918C0C29AB3AAB4BAB5CAB46
:10E340002D8D3E8D4F8D58A169A97AA98BA99CA9C5
:10E350000F94119DA2966CAF7DAF8EAF9FAFA29729
:10E3600040901B0750901C0760901D0770901E077F
:10E370006E962CAD3DAD4EAD5FAD6E97C301B20153
:10E380000F94109D6DA37EA38FA398A7C0901F0725
:10E39000D0902007E0902107F0902207A2962CADA4
:10E3A0003DAD4EAD5FADA297C701B6010F94109D74
:10E3B0006DA77EA78FA798ABA3019201C501B401F9
:10E3C0000F94109D4B015C012DEB37E346E855EBB4
:10E3D0000F94389F87FDBDCA2DEB37E346E855E320
:10E3E000C501B4010F94299618160CF4B2CAA701FE
:10E3F000960169A97AA98BA99CA90F94109D6B011C
:10E400007C012DEB37E346E855EB0F94389F87FDF1
:10E41000A0CA2DEB37E346E855E3C701B6010F94D8
:10E42000299618160CF495CA28E4222E312C3BEDBF
:10E43000832E3FE0932E39ECA32E30E4B32E9BEDD8
:10E44000C92E9FE0D92E99ECE92E90ECF92E1111EE
:10E45000FDCA75016401FACAFC0101900020E9F7C8
:10E460009F0121503109281B390B2F33310540F40E
:10E47000FC01E20FF31F60832E33310509F0118296
:10E480000895CF93DF93EC01FC0101900020E9F7A0
:10E49000CF0101978C1B9D0B8F33910540F440E415
:10E4A00050E0481B590B8C0F9D1F0F947295CE01A5
:10E4B000DF91CF910895EF92FF920F931F93CF9327
:10E4C000DF93CDB7DEB72C970FB6F894DEBF0FBE43
:10E4D000CDBF7C017F936F9388E496E09F938F93E9
:10E4E0008E010F5F1F4F1F930F930F9478A1B801F8
:10E4F000C701C7DF0F900F900F900F900F900F90F4
:10E500002C960FB6F894DEBF0FBECDBFDF91CF9132
:10E510001F910F91FF90EF900895EF92FF920F934C
:10E520001F93CF93DF93CDB7DEB764970FB6F89400
:10E53000DEBF0FBECDBF7C01FB0160817181828196
:10E5400093818E010F5F1F4F248141E00F942F9024
:10E55000BC01C70196DF64960FB6F894DEBF0FBE0C
:10E56000CDBFDF91CF911F910F91FF90EF90089554
:10E57000CF93DF93EC0140E450E00F942395CE015C
:10E58000DF91CF9108951F93CF93DF9314EBC4E5F0
:10E59000D7E0FE01812F11928A95E9F70E94968BB0
:10E5A000882359F0FE0111921A95E9F78AE393E066
:10E5B000DF91CF911F910C94D1BDDF91CF911F912D
:10E5C000089580913307811101C0DDCF0F94652933
:10E5D000882339F040E060E070E080E090E40C9443
:10E5E0005DD8089580915407882361F090910708C1
:10E5F000891308C08091731184FF04C084E997E0F7
:10E600000D94C47E80E00895FC01238121110C94B7
:10E61000E1870895CF93DF93C091DD11D091DE1192
:10E62000209729F16091D9117091DA118091DB1155
:10E630009091DC110F94559E6E5F7F4F24976C175D
:10E640007D07ACF470932E0860932D080F948E799B
:10E65000605C73468F4F9F4F60932F087093300814
:10E660008093310890933208DF91CF9108951092F2
:10E670002F08109230081092310810923208F4CF0F
:10E68000E7E1F8E010821182128213821482C2CF75
:10E690002F923F924F925F926F927F928F929F92B2
:10E6A000AF92BF92CF92DF92EF92FF920F931F93A0
:10E6B000CF93DF93CDB7DEB7E2970FB6F894DEBF06
:10E6C0000FBECDBF90913C0C93FDB2C1182F89E4D1
:10E6D0000F940420882309F4FDC10F946F1F90E06C
:10E6E0001816190614F481E090E026E0289FF00146
:10E6F000299FF00D1124E558F44F828193811D8EDE
:10E700008C38910514F08CE890E09093B6118093CA
:10E71000B5110F94F1156091B5117091B611072ED6
:10E72000000C880B990B0F942F962091B11130910A
:10E73000B2114091B3115091B4110F94389F60E021
:10E7400018160CF065C187EB9CE20F94F02801E0ED
:10E75000612F6027812F0E940DAE112309F4B3C1F0
:10E760008091B1119091B211A091B311B091B411F7
:10E770008BA79CA7ADA7BEA78FE780932308009324
:10E78000230B1E8E1F8E18A219A21AA21BA21CA256
:10E790001DA21FA29CE398A7ACE1A9A7B6E4BAA763
:10E7A0001E8A1F8AE0E8E88FFFEBF98F1A8E21E0BE
:10E7B0002EA3412C512C3201CE0101961C016091F7
:10E7C000B5117091B611072E000C880B990B0F94A0
:10E7D0002F967B018C012E893F89488D598D0F948E
:10E7E00029968823C1F02091B1113091B211409146
:10E7F000B3115091B4119D8DB701802F91110BC1B0
:10E80000912F0F942996881F8827881F8A8FEE8A58
:10E81000FF8A088F198F0F948E796B017C018AA172
:10E820009BA1ACA1BDA18C199D09AE09BF09181609
:10E8300019061A061B06ACF1D701C60188519C4F78
:10E84000AF4FBF4F8AA39BA3ACA3BDA380E00E94A0
:10E85000C3BE45E150E064EA7CE2C1010F94239518
:10E860001D8A411451046104710409F400C1C301FB
:10E87000B201605F784D8F4F9F4F6C197D098E09F3
:10E880009F0928EE33E040E050E00F94539CBA011A
:10E89000A901C1010E94A88BC1010F944E7F0F9462
:10E8A000E42D80E00F94273B0F948E7960939B0BAF
:10E8B00070939C0B80939D0B90939E0BB091B11124
:10E8C000BB8FE091B211EC8F0091B3111091B41194
:10E8D000FA8DF1111CC06E897F89888D998D0F94F6
:10E8E000559E4B016B8D7C8DC8010F94559E6FA773
:10E8F00078AB89AB9AAB6BA57CA58DA59EA50F9433
:10E90000559ECB01A4016FA578A90F94C0182B8D3B
:10E910003C8DA8016E897F89888D998D0F94109DFB
:10E920004B015C0120E030E0A9010F94389F87FF84
:10E9300004C0B7FAB094B7F8B0944114510461041C
:10E94000710409F0B2C020E030E040E85FE3C501A7
:10E95000B4010F94299687FF10C02EA1412C512C91
:10E960003201222331F085E0482E8DE0582E612CB3
:10E97000712C4C0C5D1C6E1C7F1C3A8D332391F165
:10E980008E8D9F8DA8A1B9A10097A105B10549F071
:10E990008C199D09AE09BF09181619061A061B061F
:10E9A0000CF12B8D3C8DA8016FA178A589A59AA5A6
:10E9B0000F94109D20E030E040E85FE30F9429962B
:10E9C00087FD2EC0D701C601805A9541AF4FBF4F7A
:10E9D0008E8F9F8FA8A3B9A39B8D9FA3AC8DA8A753
:10E9E00009A71AA78091230B8823D1F04114510461
:10E9F0006104710459F0C418D508E608F708B0E1BD
:10EA0000CB16B7E2DB06E104F10450F41EA2D7CE28
:10EA100088EA9CE29ACE912F0F94299687FF21C015
:10EA20008091230B882321F01092230B0F94096C03
:10EA3000E2960FB6F894DEBF0FBECDBFDF91CF9147
:10EA40001F910F91FF90EF90DF90CF90BF90AF900C
:10EA50009F908F907F906F905F904F903F902F90FE
:10EA60000895EE8AFF8A088F198F1A8ED4CED101AD
:10EA70000D900020E9F7CD010197821993098431A7
:10EA8000910508F009CFF101E80FF91FBFE3B0834A
:10EA90008331910509F400CFE2E0F0E0EC0FFD1FB7
:10EAA0008E0F9F1FDC011C92F7CE20E030E040E487
:10EAB00050E4C501B4010F94389F18160CF05DCFD7
:10EAC000260137015ACF85EC9AEC90936606809325
:10EAD0006506AECF83E50F9404208D8F811109C0A8
:10EAE000112309F4A5CF82E50F940420882309F4AB
:10EAF0009FCF0F94801F04CECF93DF93EB010F9431
:10EB0000032DCE01DF91CF910D944E7F4F925F92F6
:10EB10006F927F928F929F92AF92BF92CF92DF922D
:10EB2000EF92FF92CF93DF9300D01F921F92CDB749
:10EB3000DEB783E50F94B61FF82E80914D07F110D4
:10EB40000E94C5CE8D834090850C5090860C6090BD
:10EB5000870C7090880C8090890C90908A0CA09003
:10EB60008B0CB0908C0C80918D0C90918E0CA091A0
:10EB70008F0CB091900C89839A83AB83BC83FF2068
:10EB800031F09D81911103C080E00F9440278CE407
:10EB90000F94B61F882309F455C080E00F944027D6
:10EBA0008091600990916109D0904E07892B19F0EE
:10EBB0000F94801FD82E0E94518E7C01892BB9F4AE
:10EBC00088EA92E20F900F900F900F900F90DF91D4
:10EBD000CF91FF90EF90DF90CF90BF90AF909F903C
:10EBE0008F907F906F905F904F900D94032DD7FC86
:10EBF00007C08D2D0D2C000C990B8E159F05ECF088
:10EC000087E892E20F94032DC70101970F94B4286F
:10EC10000F900F900F900F900F90DF91CF91FF907A
:10EC2000EF90DF90CF90BF90AF909F908F907F90AC
:10EC30006F905F904F900D94E42D8D2D0F94827204
:10EC4000D0924E078091880983FD04C08091890984
:10EC500085FF18C060E084E50F9410200F945147A1
:10EC60008EE792E20F94032D0F946A28811104C05D
:10EC70008BE792E20F94032D60914E0786E692E2B5
:10EC80000E94F0E40F946A288823F9F083E40F943B
:10EC9000B61F882361F00F94831F6B017C0180E015
:10ECA0000F944027B701A60181E00F94D32F8AE586
:10ECB0000F94B61F882329F00F94831F40E00F9410
:10ECC00098278D810F9440271AC0AD81A11111C0E2
:10ECD0008091870990918809A0918909B0918A094A
:10ECE00025E1B695A795979587952A95D1F780FF49
:10ECF000DECF0F946C2D87E592E20F94032DBD813A
:10ED0000BB2351F080914D07811106C00F94692DEE
:10ED100088E392E20F94032D0F946C2D80914D07A0
:10ED200062E677E1882311F066E677E18AE292E213
:10ED30000F946B360F946C2D8DE192E20F94032D9E
:10ED4000C0904907D0904A07E0904B07F0904C07DD
:10ED500020E030E0A901C701B6010F94389F1816D2
:10ED60000CF04CC042E0C701B6010E9481E48DE086
:10ED70000F94AB2C8AE00F94AB2CA301920160910D
:10ED8000850C7091860C8091870C9091880C0F9463
:10ED9000299681111EC0A50194016091890C709182
:10EDA0008A0C80918B0C90918C0C0F942996811178
:10EDB00010C020918D0C30918E0C40918F0C509191
:10EDC000900C69817A818B819C810F94299688238C
:10EDD000D1F00F900F900F900F900F90DF91CF9187
:10EDE000FF90EF90DF90CF90BF90AF909F908F906B
:10EDF0007F906F905F904F900C944DA988E192E2C4
:10EE00000F94032DBACF0F900F900F900F900F908B
:10EE1000DF91CF91FF90EF90DF90CF90BF90AF90B8
:10EE20009F908F907F906F905F904F9008958F92FA
:10EE30009F92AF92BF92CF92DF92EF92FF920F9389
:10EE40001F93CF93DF9381111BC04091870950918D
:10EE500088096091890970918A09452B462B472BB7
:10EE600079F481E0DF91CF911F910F91FF90EF90A6
:10EE7000DF90CF90BF90AF909F908F900C94ECDF7D
:10EE800090913C0C93FDF2C0C82F0E9434D8082FFB
:10EE900087FDECC089E40F940420882309F468C03E
:10EEA0000F946F1F90E01816190614F481E090E09B
:10EEB00026E0289FF001299FF00D1124E558F44F1A
:10EEC00080819181D0E00E943A2B61E08C2F0E94DA
:10EED0000DAE6091DD117091DE11072E000C880BD4
:10EEE000990B0F942F966B017C018090D911909013
:10EEF000DA11A090DB11B090DC11A50194010F9400
:10EF0000389F18161CF01D2FD1113BC0C111A2C093
:10EF1000A5019401C701B6010F94389F18160CF093
:10EF200077C011E08DEF9DE29F938F938DE79CE278
:10EF30009F938F931F920E9473570F900F900F9083
:10EF40000F900F90112331F080E898E790936606B8
:10EF50008093650611E015C082E50F940420882394
:10EF600079F00F94801FAFCF60E070E0CB0126C036
:10EF700083E50F940420D82F8111F3CFC111ECCF7A
:10EF800010E083E50F940420882331F00F94801F54
:10EF9000909325088093240882E40F94042088230A
:10EFA00031F00F94801F909327088093260886E401
:10EFB0000F94B61F8823C1F20F94831F6093280813
:10EFC0007093290880932A0890932B08FF24F394C8
:10EFD00020E030E0A9010F942996811101C0F12CA5
:10EFE000F0922C08CC2309F441C0112309F43EC04F
:10EFF0006D2F802FDF91CF911F910F91FF90EF9098
:10F00000DF90CF90BF90AF909F908F900C948EBF69
:10F0100082E79CE29F938F938DE79CE29F938F936F
:10F020001F920E9473570F900F900F900F900F90A8
:10F030008BCF8DEF9DE29F938F938DE79CE29F9303
:10F040008F931F920E9473570F900F900F900F9005
:10F050000F9080CFA5019401C701B6010F94389F8E
:10F0600018163CF310E082E79CE25ECFDF91CF916F
:10F070001F910F91FF90EF90DF90CF90BF90AF90D6
:10F080009F908F9008952F923F924F925F926F9230
:10F090007F928F929F92AF92BF92CF92DF92EF9228
:10F0A000FF920F931F93CF93DF93CDB7DEB7639794
:10F0B0000FB6F894DEBF0FBECDBF0E9434D887FDD7
:10F0C00025C3482F61E081E00E94003385E40F945E
:10F0D0000420882309F496C10F94831F4B015C011F
:10F0E00020E030E0A9010F94389F87FF04C0B7FAF1
:10F0F000B094B7F8B0948CE0E9E5F3E0DE01119646
:10F1000001900D928A95E1F788E50F9404208823F9
:10F1100051F040E050E0BA0188E50E94FAE46983CA
:10F120007A838B839C8389E50F940420882351F094
:10F1300040E050E0BA0189E50E94FAE46D837E83E5
:10F140008F8398878AE50F940420882351F040E04C
:10F1500050E0BA018AE50E94FAE469877A878B87D2
:10F160009C87C0904007D0904107E0904207F09004
:10F17000430785E50F940420882321F00F94831F13
:10F180006B017C0120E030E0A901C701B6010F94BA
:10F19000389F87FF04C0F7FAF094F7F8F0946AE01C
:10F1A00070E082E40E949ECE182F80913308811176
:10F1B000ADC281E0809333080F9465298F8788233F
:10F1C00041F0809173118B7F8093731182E0809363
:10F1D00033080E94E3AD80E1E5E8FCE0ABE8BAE08B
:10F1E00001900D928A95E1F787E00E941FA38E8718
:10F1F00081110EC12985288B8A85898B2B852A8BC5
:10F200008C858B8B20908D0C30908E0C40908F0CC9
:10F210005090900C20E030E040E050E4C201B10199
:10F220000F94119D3B01082F9D8720E030E04AE7B5
:10F2300053E40F94389F18162CF4612C712C0AE7B4
:10F2400023E42D879301402F5D85688979898A8918
:10F250009B890F94389F18162CF4688879880A893E
:10F260008B898D87A2019101B301802F9D850F9419
:10F27000109D2F85222351F020913307222331F056
:10F2800041E02E85211140E00E945DD80E941C942F
:10F2900020E030E0A901C501B4010F94299688232C
:10F2A000A1F00E94A793811110C000914D070F9407
:10F2B0004027C501B401905820E030E040E752E417
:10F2C0000E94B1A5802F0F9440278E858111B8C26E
:10F2D000BE016F5F7F4F0E94D4B120E030E0A901F2
:10F2E000C701B6010F942996882351F062E080E0AF
:10F2F0000F945241811191C010926A060E9401310F
:10F300000E94DE8D64E670E080E090E00F94BA2801
:10F3100040E060E083E00E9400330F946C2D89EDA3
:10F3200094E20F94032D61E0812F0F9418170F942E
:10F330008E79685370458F4F9F4F60931708709375
:10F3400018088093190890931A0810921B080091CE
:10F350006C0983E080936C0981E08093670680915B
:10F360006706882309F4A6C060E0812F0F94181760
:10F3700080911B08882309F442C040E060E089E0E6
:10F380000E9400330F946C2D84E195E20F94032DBD
:10F3900041E060E070E0CB010F94495560E087E008
:10F3A00095E20F94F0286CD960E080E00F94524110
:10F3B00040E060E083E00E9400330F946C2D89ED03
:10F3C00094E20F94032D0F948E79685370458F4FFC
:10F3D0009F4F6093170870931808809319089093B3
:10F3E0001A0810921B0860E08BEF94E20F94F0284B
:10F3F00081E08093670661E0812F0F9418170F94C6
:10F400004E47ADCF812C912CA12C80E4B82E73CE29
:10F4100060E070E080E090E42CCF40E062E085E0C6
:10F420000E94003320E030E040E752E460E070E00A
:10F4300080E591EC0E94B1A568E873E180E090E07E
:10F440000F94BA2820E030E048EC51E460E070E02E
:10F4500088EA91E40E94B1A58090750C9090760C9A
:10F46000A090770CB090780C80E090E0A8ECB1E42C
:10F470008093750C9093760CA093770CB093780CD6
:10F48000C701B601905820E030E040E251E40E940C
:10F49000B1A58092750C9092760CA092770CB092E8
:10F4A000780C0E94DE8D64E670E080E090E00F94BE
:10F4B000BA2826CF00936C0970E060E082E50E94D4
:10F4C0009ECE5C01C0903C07D0903D07E0903E0787
:10F4D000F0903F078CE40F940420882321F00F94D0
:10F4E000831F6B017C0120E030E0A901C701B60158
:10F4F0000F94389F87FF04C0F7FAF094F7F8F09460
:10F5000080913308882309F401C100911B08B8D801
:10F510008091DD119091DE118A159B051CF4C501C7
:10F520000E943A2B60E080E00F945241811107C1A4
:10F5300010926A060E9401311A141B043CF4C501A2
:10F540000E943A2B60E080E00E948EBF40E060E0C5
:10F5500088E00E94003360E081E00F94524120E097
:10F5600030E040E752E460E070E080E090EC0E9420
:10F57000B1A587E00E941FA381115CC08091910C0E
:10F580009091920CA091930CB091940C40918D0CA1
:10F5900050918E0C60918F0C7091900C00918F0A9D
:10F5A0001091900A2091910A3091920AC0908B0A92
:10F5B000D0908C0AE0908D0AF0908E0AC0921B07C2
:10F5C000D0921C07E0921D07F0921E0700931F07C0
:10F5D000109320072093210730932207409323079D
:10F5E000509324076093250770932607809327077D
:10F5F00090932807A0932907B0932A0760E070E052
:10F6000088EC92E40E943CA78091930A9091940A1E
:10F61000A091950AB091960A8093230790932407AE
:10F62000A0932507B093260760E070E080EA90E49D
:10F630000E943CA710914D0780E00F94402720E0E6
:10F6400030E040E752E460E070E080E090E40E9447
:10F65000B1A5812F0F944027C090970AD090980AA7
:10F66000E090990AF0909A0A20E030E0A901C701E1
:10F67000B6010F94299687FF08C020E030E040E7EC
:10F6800052E4C701B6010E94B1A58091970A9091FA
:10F69000980AA091990AB0919A0A8093910C90933C
:10F6A000920CA093930CB093940C809327079093A3
:10F6B0002807A0932907B0932A070E94DAA5109281
:10F6C0006A060E940131809133088150809333088B
:10F6D00080916311823011F40E94C1AD8091330892
:10F6E000882381F08150809333080E944980809163
:10F6F0003307882339F040E060E070E080E090E478
:10F700000E945DD80F94096C0E94013163960FB678
:10F71000F894DEBF0FBECDBFDF91CF911F910F9147
:10F72000FF90EF90DF90CF90BF90AF909F908F9021
:10F730007F906F905F904F903F902F90089500239F
:10F7400021F140E060E083E00E9400330F946C2DD3
:10F7500081E395E20F94032D61E0812F0F94181738
:10F7600000916C0983E080936C0981E080936706C7
:10F7700080916706882339F060E0812F0F94181775
:10F780000F944E47F5CF00936C0940E060E084E0B1
:10F790000E94003320E030E0A901C701B6010F94B8
:10F7A0002996882321F14090750C5090760C60903A
:10F7B000770C7090780C80E090E0A8ECB1E4809336
:10F7C000750C9093760CA093770CB093780C20E096
:10F7D00030E040EC50E4C701B6010E94B1A5409270
:10F7E000750C5092760C6092770C7092780C03E056
:10F7F00040E060E086E00E94003320E030E040E43A
:10F8000050E460E070E088E492E40E94B1A51091B9
:10F810006C0900936C09109267061092690640E02B
:10F8200060E087E00E94003380916906811103C087
:10F830000F944E47F9CF10936C098130C9F27CCEFA
:10F8400060E08BEA94E20F94F02847CD2F923F922C
:10F850004F925F926F927F928F929F92AF92BF92E0
:10F86000CF92DF92EF92FF920F931F93CF93DF938C
:10F87000CDB7DEB7EA970FB6F894DEBF0FBECDBFA7
:10F880008AAF20916C0929AF21E020936C09809107
:10F89000A10A8D3409F4B7C3843509F48AC08734CA
:10F8A00009F074C020919F0A3091A00A2B313105D4
:10F8B00009F48AC008F05BC02430310560F42230BE
:10F8C000310508F474C081E02230310509F080E090
:10F8D0000E9430EB6EC02C30310509F472C0253126
:10F8E000310509F466C02430310509F04FC080E5C8
:10F8F0000F940420C12CD12C7601882321F00F9481
:10F900004C1F6B017C0183E50F940420882361F078
:10F910000F94831F20E030E04AE754E40F948E9662
:10F920000F945A9E6B017C010E941C94C114D10457
:10F93000E104F104F1F18091031A811105C060E046
:10F940008EEA95E20F94F0280F948E794B015C01BA
:10F950000F948E79681979098A099B096C157D05C0
:10F960008E059F0530F580E00F94273BF1CF2A32BA
:10F97000310509F4E9C168F42D31310509F4DDC020
:10F9800008F445C02E31310509F4DAC00F945180D6
:10F9900010C02B35310509F490C22C35310509F41E
:10F9A00090C22A35310591F710927C1A02C00E944C
:10F9B00028EB8AAD81110D941D060E94BBE20D94C7
:10F9C0001D060E9411E5F5CF87E00E941DC681113A
:10F9D000F0CF70E060E080E50E949ECE853091051A
:10F9E00078F49CE0E5E6F3E0DE01119601900D92DB
:10F9F0009A95E1F7BE016F5F7F4F0E94D4B1D9CFD6
:10FA000067EB75E28FEC95E20F946B36D2CF87E00F
:10FA10000E941FA3811111C08091870990918809CC
:10FA2000A0918909B0918A096EE0B695A79597953E
:10FA300087956A95D1F780FDBCCF0E941C940F94E6
:10FA40008E7960939B0B70939C0B80939D0B90938E
:10FA50009E0B10921C0260914D078CE40E9442D0D4
:10FA6000C82E80E00F9440270E94FAA381E0809383
:10FA7000130B0E94B1AA8090870990908809A090EA
:10FA80008909B0908A0959E1B694A794979487940C
:10FA90005A95D1F780FE0DC081E00E941FA3182F58
:10FAA00082E00E941FA311110D94581111E08111E1
:10FAB00001C010E08091870990918809A09189097F
:10FAC000B0918A0947E1B695A795979587954A958C
:10FAD000D1F780FF02C00D942610112311F40D946C
:10FAE0002910D12E10E0382D3170332E0D943B109B
:10FAF00041E060E070E080EA90E40D94451160E040
:10FB00008BEE95E20F94F0280F946C2D89ED95E221
:10FB10000F94032D0E94A6A78091120B8093130BC4
:10FB2000CC2019F081E00F9440270E94E1A383E0EC
:10FB300080936A020E944DA93CCF0F949E5439CF06
:10FB400088E0E5E8FCE0DE01909601900D928A9550
:10FB5000E1F788E50F940420882381F00F94831F38
:10FB600020910F0730911007409111075091120713
:10FB70000F94109D68A379A38AA39BA389E50F9492
:10FB80000420882381F00F94831F20911307309164
:10FB9000140740911507509116070F94109D6CA300
:10FBA0007DA38EA39FA361E0CE0180960F942E20AB
:10FBB000882309F4BDC080E00F9440270E94FAA377
:10FBC00061E085E40E9442D01F92812C912CF0EAE2
:10FBD000AF2EF0E4BF2EC12CD12CE12CA0ECFA2EDC
:10FBE00001E021E040E0682FCE0180960F94F72DD0
:10FBF0006B017C010F90AC019B010F9414A081114B
:10FC00007DC020910F07309110074091110750914E
:10FC1000120768A179A18AA19BA10F94119D2B01C4
:10FC20003C01209113073091140740911507509122
:10FC300016076CA17DA18EA19FA10F94119D4B0170
:10FC40005C014FE150E065E176E2CE0101960F9450
:10FC500023954AAA5BAA6CAA7DAA82E08EABBE015C
:10FC60006E5C7F4FCE0101960E944ED68C01FC0146
:10FC700001900020E9F7CF010197801B910B8E3195
:10FC8000910550F44FE150E0481B590B61E176E2D9
:10FC9000800F911F0F9423958DA69EA6AFA6B8AA9C
:10FCA00082E089ABBE01635D7F4FC8010E944ED6E2
:10FCB0008C01C8A6D9A6EAA6FBA683E08CA7F8010A
:10FCC00001900020E9F7CF010197801B910B8E3145
:10FCD000910550F44FE150E0481B590B6DE076E27E
:10FCE000800F911F0F942395BE01685D7F4FC8015F
:10FCF0000E944ED6CE0101960E9415C60E94E1A335
:10FD0000E0908D0CF0908E0C00918F0C1091900C67
:10FD10002CA13DA14EA15FA168A179A18AA19BA1BF
:10FD2000A12CB12C65010E94C6A40E944DA941CE10
:10FD30008CEF95E20F94032D0F94E42D60E08CEF8F
:10FD400095E20F94F02835CE8091670B833008F44C
:10FD500030CE89E40F940420182FE12C882319F069
:10FD60000F94801FE82E8AE40F940420082F882324
:10FD700079F00F94801FF82E112309F495C0F4E058
:10FD8000FE1508F08EC08CE196E20F94032D11CE83
:10FD9000F12C1111F4CF80E1E5E8FCE0ABE1B7E034
:10FDA00001900D928A95E1F7112359F08E2D0F9451
:10FDB0006C2060931B0770931C0780931D07909322
:10FDC0001E07002359F08F2D0F943D2060931F07CD
:10FDD00070932007809321079093220780918709D1
:10FDE00090918809A0918909B0918A09EFE0B695B0
:10FDF000A79597958795EA95D1F780FF38C011238D
:10FE0000D1F0E0915912F0915A1220813181428152
:10FE1000538160911B0770911C0780911D07909181
:10FE20001E070F94109D60931B0770931C0780930F
:10FE30001D0790931E070023D1F0E0915912F09115
:10FE40005A12248135814681578160911F07709134
:10FE5000200780912107909122070F94109D6093B5
:10FE60001F0770932007809321079093220740E09B
:10FE700050E0BA0186E40E94FAE46B017C0120E0C4
:10FE800030E0A9010F94389F18169CF420E030E070
:10FE900040E752E4C701B6010F94ED9D0E943CA7D4
:10FEA00088CD002309F477CF24E02F1508F073CF15
:10FEB0006ACF60E070E0CB01F1CF8FE080937C1AD5
:10FEC00078CD80919E0A882381F1893009F071CD27
:10FED00063EAA62E62E0B62E75E8C72E7CE0D72E28
:10FEE000E12C10E000E0F50181915F010F94042006
:10FEF000F82E882361F0033011F0E82EF12E0F94D4
:10FF0000831FF60160837183828393831F2D0F5FAC
:10FF1000F4E0CF0ED11C043031F7EE2009F463C0B9
:10FF20000E94A6A70E944DA944CD23EA32E038AF33
:10FF30002FAB4FE0E42E47E0F42E55E8C52E5CE0F1
:10FF4000D52E10E000E0EFA9F8AD8191F8AFEFAB4E
:10FF50000F940420382E8823E1F10F94831F4B0166
:10FF60005C01033049F0F7012081318142815381E6
:10FF70000F94109D4B015C01F6012081318142817B
:10FF80005381C501B4010F94109D2B013C012DEB51
:10FF900037E346E855EB0F94389F87FD0AC02DEBF9
:10FFA00037E346E855E3C301B2010F9429961816CA
:10FFB00084F40330F1F0A3019201F70160817181B3
:10FFC000828193810F94119DF701608371838283F5
:10FFD00093830F5FF4E0EF0EF11C24E0C20ED11CFE
:10FFE000043009F0B0CF112309F49CCF0E94DAA5A8
:10FFF00099CF8092910C9092920CA092930CB09217
:020000022000DC
:10000000940C132DE6CF80919F0A9091A00A883717
:10001000910511F40D94DC0808F098C18235910522
:1000200009F418C708F010C18A31910509F49EC47B
:1000300008F0BDC08431910509F414C408F05EC015
:100040008131910509F4C7C398F5029708F09ECC59
:1000500080E50F940420C12CD12C7601882321F057
:100060000F944C1F6B017C0183E50F9404208823BF
:1000700061F00F94831F20E030E04AE754E40F94CE
:100080008E960F945A9E6B017C010E941C94809165
:100090009C0A90919D0A009709F497C30E9427E259
:1000A00040E0C701B6010F9449550F94096C81CC0B
:1000B000429709F06BCC83E50F940420882309F460
:1000C000D9C60F948E7960939B0B70939C0B809391
:1000D0009D0B90939E0B0F94831F20E030E04AE726
:1000E00054E40F948E960F945A9E6093440270933A
:1000F000450280934602909347025BCC873191057D
:1001000009F4E2C320F58531910509F4DAC3469775
:1001100009F03CCC0F94652981114BCC809173116F
:1001200084FF47CC0E94E987809173118F7E8064A1
:10013000809373118FEF9FEF90933A02809339026F
:100140000F946C2D8BE796E20F94032D32CC8831FF
:10015000910509F4CBC3499709F018CC0F94652990
:10016000882329F0809173118B7F80937311809184
:100170003307882339F040E060E070E080E090E4ED
:100180000E945DD80E94E3AD0F94096C0F948E79A4
:10019000685370458F4F9F4F6093170870931808EE
:1001A0008093190890931A0810921B0802CC8F3183
:1001B000910509F480C4D0F48C31910509F443C44D
:1001C00008F4E3C38D31910509F445C44E9709F055
:1001D000DDCB8091731184FFECCB0F94CC728091B6
:1001E0009C0A90919D0A0E94D1BDE3CB8C3491056D
:1001F00009F408C558F48032910509F433C48B34EE
:10020000910509F0C3CB0E94C1ADD3CB8D349105CC
:1002100009F4FCC48135910509F0B8CB0E942D94F6
:100220001092290C0E94268C0E94F8AD0E94C3F205
:1002300068EE73E080E090E00F94BA2860E086E416
:1002400097E20F94F028B5CB8C36910509F4A6C53A
:1002500008F046C08735910509F4CDC6F8F4843519
:10026000910509F428CF08F4FDC58535910509F4F9
:100270003CC68635910509F089CB8091870990911C
:100280008809A0918909B0918A09892B8A2B8B2B27
:1002900009F06CC681E00E94C4DF8BCB89369105E2
:1002A00009F4BDC460F48C35910509F4AAC68836FA
:1002B000910509F06BCB80E00E9417F77ACB8A3664
:1002C000910509F4D6C48B36910509F05FCB60E047
:1002D00080E50F94102081116CCB1092290C69CB12
:1002E0008137910509F464C5B0F48E36910509F49F
:1002F000F3C408F48FC48F36910509F40CC5803718
:10030000910509F043CB41E070E060E081E397E2C2
:100310000F94233A4ECB8537910509F404C758F45E
:100320008237910509F4F7C68337910509F02ECB82
:100330000E949ED63ECB8637910509F404C78737C5
:10034000910509F023CB0E943BAA33CB8F3231E0D9
:10035000930711F40D94920C08F040C18D3C910567
:1003600011F40D94630A08F052C08B39910509F419
:100370004AC5D8F48C38910509F43BC558F489373F
:10038000910509F003CB1092130B1092120B0E94EF
:10039000B1AA0FCB8139910509F416C786399105A9
:1003A00009F0F4CA0E94D5CE04CB893C910509F42A
:1003B000D6C7A8F48E3B910509F420C5883C910569
:1003C00009F0E4CA8091870983FD75C78091890986
:1003D0008C7009F070C781E00E944BE4EACA8B3C44
:1003E000910509F4F4C78C3C910509F0CFCA8091BE
:1003F000880987FF02C00D941B0A809189098E70BD
:1004000011F00D941B0A81E00E94C1E3D2CA8A3F19
:10041000910511F40D94530C08F06DC0833D9105C6
:1004200011F40D94E60A00F58E3C910509F0AECA70
:100430008091870990918809A0918909B0918A09D2
:1004400003EA12E067E1E62E6BE0F62E76EAC72EAD
:1004500072E0D72E892B8A2B8B2B11F00D94D00AAA
:1004600081E00E947DE2A5CA8C3D910511F40D94B6
:10047000EA0A8D3D910509F089CA0E9434D8D82E28
:1004800087FD97CA83E50F940420ED2C0D2C000CFA
:10049000FF088701000F111F882311F40D94300B02
:1004A0000F94801FF801E75EFD4F918380838701E1
:1004B000000F111F000F111F980123593D4F7901A3
:1004C000BC01990F880B990B0F942F962AE037EDFA
:1004D00043E25CE30F948E96F801E55DF84F2081CE
:1004E0003181428153810F948E96F701608371832D
:1004F000828393835ECA8C32F1E09F0711F40D94DE
:10050000B50BE0F5883131E0930711F40D94490BF8
:100510008232914009F03ACA8AE50F940420882378
:1005200011F40D94900B0F94831F20E030E040E015
:1005300050EC0F94299687FF02C00D94A20B0F94E4
:10054000831F20E030E040E050E40F94389F1816FD
:1005500014F40D94A80B0F94831F2091590C309123
:100560005A0C40915B0C50915C0C0F948E960F943A
:10057000559ECB010F949A790D94960B8D32F1E034
:100580009F0711F40D94CB0B8E32914009F0FEC9F8
:1005900083E50F94B61F182F882331F00F94801F26
:1005A00090934F0280934E0280E50F94B61F811105
:1005B00004C0112311F40D946E0C20914E02309161
:1005C0004F02232B11F40D94680C882311F40D9421
:1005D0006B0C0E94C5CE80936B09EBC9853F31E05F
:1005E000930711F40D941B0E08F055C08A39F1E001
:1005F0009F0709F4D9C370F5803931E0930711F4EE
:100600000D94960CA0F48033914009F0BFC98091FD
:10061000870983FF02C00D94160C809188098178A8
:1006200011F00D94160C81E00E9416E3C2C98139C5
:1006300021E0920711F40D949A0C8239914009F04F
:10064000A5C960E082E50E9442D00F941A200E9462
:100650004DA9AFC9853AE1E09E0711F40D94A40CB1
:1006600068F48D3921E0920711F40D94CB0F843A90
:10067000914009F08BC90E9486F59BC98C3AE1E054
:100680009E0711F40D945A0D843F914009F07EC9E4
:100690000E94C98F8EC98B3522E0920711F40D9408
:1006A000490E38F5883FE1E09E0711F40D94230EC2
:1006B00098F4863F21E0920711F40D941F0E873FB6
:1006C000914009F063C961E083E50E9442D091E066
:1006D00089270E945D8E6DC98C30E2E09E0711F47F
:1006E0000D94310E8835924009F050C90E9443F8AC
:1006F00060C9873E23E0920711F40D94BB0FB8F454
:100700008335E3E09E0711F40D94D30E803A9340B5
:1007100009F03CC920919C0A30919D0A9091731177
:10072000926090937311C9010E945DBD42C9883ED9
:1007300023E0920711F40D94EB0F893E934009F0EA
:1007400025C90E941C9480917311877F8B7F8093B1
:1007500073118091691181110D941F100E94C3F2D1
:100760000E9474AD6B017C012DE3C216D104E1043B
:10077000F10420F08FE299E20F948A118BE299E262
:100780000F948A1187E199E20F94032D3DE3C3167C
:10079000D104E104F104A0F00E94ADCE81E0809389
:1007A0009B0A40E060E477E78BE190E00F944955C5
:1007B00080919B0A882321F00F94391910929B0A8B
:1007C00083E199E20F948A11F4C860E085E396E230
:1007D0000F94F02865CC0E9440CB882391F185E4EA
:1007E0000F94B61F882361F0809160099091610990
:1007F000892B21F00F94801F811102C00E94E68D89
:1008000033EAE32E32E0F32E10E0F70121917F016D
:1008100021548091870990918809A0918909B0910C
:100820008A0904C0B695A795979587952A95D2F71A
:1008300080FF03C0812F0E94208E1F5F133029F795
:10084000B8C860E088E496E20F94F02880E00E9447
:10085000208E81E00E94208E82E00E94208E0E94E5
:10086000E68DA7C88091731184FF24C080E696E2CC
:100870000F94032D8091731184FF17C086EB9AE1CA
:100880000E9461888BE1E6EBFAE1DE0111960190AE
:100890000D928A95E1F770E060E0CE0101960F9429
:1008A0005A7FCE0101960E9404F381E596E20F94EF
:1008B000032D7FC80F946C2D81E796E20F94032DD2
:1008C00078C80E94F88775C880919C0A90919D0A0B
:1008D000FC012191222331F02032D9F7DF01119759
:1008E0001C92F7CF60E00E9416BC63C80E9440F3E0
:1008F00061E080E00E948EBF83E50F94042088238E
:1009000021F00F945F1F0E940AE084E50F940420F9
:100910008823A9F00F945F1F6B017C010E94A6AD94
:10092000C0920A07D0920B07E0920C07F0920D07D5
:10093000CD28CE28CF2819F081E0809363110F9441
:100940004129882381F00E9449800E94C1AD84E939
:1009500097E00E949C8710927E0D10927F0D10925E
:10096000800D1092810D0F94096C23C88091731132
:1009700084FF1FC883E50F940420882309F419C855
:100980000F945F1F0E940AE014C88091870990911C
:100990008809A0918909B0918A0922E0B695A795A6
:1009A000979587952A95D1F780FF1CC087E996E235
:1009B0000F94032D8091FD1B882379F0BE016F5F9A
:1009C0007F4F8AEF9BE10E943187CE0101960F9401
:1009D0004E7F0F94E42D0C94D9FC8DE896E20F9491
:1009E000032DF7CF0F946529811104C00F944F296F
:1009F000882319F1C0906B11D0906C11E0906D11AB
:100A0000F0906E1180906F1190907011A090711104
:100A1000B090721187EB96E20F94032DC501B401DB
:100A20000F94F56F8FE20F94AB2CC701B6010F94B2
:100A3000F56F0F94E42D0C94D9FC86EA96E20F949E
:100A4000032D0C94D9FC80919C0A90919D0A0E94E0
:100A50005DBD0C94D9FC809173118E7F80937311CE
:100A60000C94D9FC0F94652981110E941C948091EB
:100A7000731184FD02C00C94D9FC60E080E50E94F3
:100A800042D0182F682F80919C0A90919D0A0E9455
:100A900016BC83E50F940420882321F00F945F1F78
:100AA0000E940AE00E94498011110C94D9FC0E9416
:100AB000C1AD0C94D9FC0E9474AD7B018C0120E87F
:100AC00031E541E050E00F94539CC9016DE671E0BF
:100AD0000F94C99C4B015C01C801B70120E13EE0C5
:100AE00040E050E00F94539CCA01B90128E130E086
:100AF00040E050E00F94539C762E672EC62ED72EE2
:100B00008CE3282E312C412C512CC801B701A201B5
:100B100091010F94539CF62EE72ECA01B901A20150
:100B200091010F94539CCB018E010F5F1F4F8114D5
:100B3000910419F1EF92FF927F936F936F927F92DE
:100B4000BF92AF929F928F9281EF96E29F938F9385
:100B50001F930F930F94C2950FB6F894DEBF0FBE8C
:100B6000CDBFC8010E9427E20F946C2DB80185E02B
:100B700097E20E9451BD0C94D9FCA114B10489F0F4
:100B8000EF92FF927F936F936F927F92BF92AF929B
:100B900081EE96E29F938F931F930F930F94C295CC
:100BA000DBCFCD2879F0EF92FF927F936F936F9216
:100BB0007F9285ED96E29F938F931F930F930F94EF
:100BC000C295CACF892B69F0EF92FF927F936F9302
:100BD0008DEC96E29F938F931F930F930F94C29582
:100BE000BBCFEF92FF9289EC96E29F938F931F9376
:100BF0000F930F94C2950F900F900F900F900F903E
:100C00000F90AFCF0E94E3AD0C94D9FC0E94F8ADD9
:100C10000C94D9FC81E00E9417F70C94D9FC0E9437
:100C200034D8182F87FD09C082E197E20F94032D75
:100C3000812F0E94C3BE0F94E42D99AD90936C094F
:100C4000EA960FB6F894DEBF0FBECDBFDF91CF910D
:100C50001F910F91FF90EF90DF90CF90BF90AF90DA
:100C60009F908F907F906F905F904F903F902F90CC
:100C7000089560E080E50F94102081110C94D9FC58
:100C8000809187090091290C10E080FD02C00FEFD0
:100C900010E089E40F940420882311F40D944C1182
:100CA0000F946F1F90E01816190614F481E090E07D
:100CB00026E0289FF001299FF00D1124E558F44FFC
:100CC000048115810F3F110519F010F00FEF10E0AE
:100CD0000093290C0C94D9FC8EE40F9404208823F3
:100CE00061F00F945F1F6093170D7093180D809340
:100CF000190D90931A0D0C94D9FC4091170D509139
:100D0000180D6091190D70911A0D85E197E20E94FE
:100D10006BE20C94D9FC83E50F940420882321F026
:100D20000F946F1F80933C0C0F946C2D8AE297E216
:100D30000F94032D80913C0C882369F100E2E02E92
:100D400007E2F02E10E000E020E0F701C590D4901B
:100D5000C114D104B9F080913C0C90E0002E02C087
:100D6000959587950A94E2F780FF0CC0BB24B39455
:100D7000B20E222319F08CE20F94AB2CC6010F9413
:100D8000032D2B2D0F5F1F4F32E0E30EF11C0530BA
:100D90001105D9F61ECE8CE197E221CE1092230BDD
:100DA000109267060C94D9FC0E942CA90C94D9FCD3
:100DB00083E50F940420882369F00F946F1F8D330F
:100DC00020F4809343020C94D9FC8CE3809343027B
:100DD0000C94D9FC0F946C2D109143028FE397E291
:100DE0000F94032D812F0F943A270F94E42D0C9428
:100DF000D9FC80E00E9448F30C94D9FC81E00E9469
:100E000048F30C94D9FC83E50F940420882311F453
:100E10000C94D9FC0F946F1F182F8C3308F08CE3BF
:100E2000809366090F948E796B017C01212F30E04D
:100E3000A8EEB3E00F94A19CC60ED71EE81EF91EC3
:100E4000C0926209D0926309E0926409F092650948
:100E50000C94D9FC80917C1A8F7D806180937C1AE0
:100E60000C94D9FC80917C1A8F7E806280937C1ACE
:100E70000C94D9FC0E9440CB8823A1F10E941C94C1
:100E800085E40F94B61F81110E94DE8D13EAE12ED6
:100E900012E0F12E10E0F70121917F0121548091A1
:100EA000870990918809A0918909B0918A0904C0A5
:100EB000B695A795979587952A95D2F780FF03C099
:100EC000812F0E94ED8D1F5F133029F78091070756
:100ED000882311F40C94D9FC10920707109208078C
:100EE0000C94D9FC0E942D94F1CF83E50F94B61F8A
:100EF0008823F1F00F948E7960939B0B70939C0B79
:100F000080939D0B90939E0B0F94831F20E030E005
:100F10004AE754E40F948E960F945A9E60936709A3
:100F2000709368098093690990936A090C94D9FCBD
:100F300060916709709168098091690990916A09C7
:100F400028EE33E040E050E00F94539C69017A01B1
:100F50008BE597E20F94032DC701B6010F94F56F4F
:100F600086E597E20F94032D0C94D9FC83E50F944A
:100F70000420882331F00F945C1F909335078093F1
:100F8000340784E50F940420882331F00F94801FE8
:100F9000909337078093360785E40F9404208823C5
:100FA00031F00F94801F909339078093380782E4C3
:100FB0000F940420882331F00F94801F90933B07F7
:100FC00080933A0760913807709139076D5F7F4FC2
:100FD00080913607909137076817790714F40C94BD
:100FE000D9FC83E797E20F946F2D8FE697E20F9479
:100FF000032D0C94D9FC10923507109234070C94F1
:10100000D9FC0E9434D887FF02C00C94D9FC80918F
:10101000870984FD09C08091890987FD05C08091F9
:101020008A09837009F472C0A3EACA2EA2E0DA2EFC
:10103000BDE3EB2EBCE0FB2E10E0F60181916F01C9
:101040000F940420882349F0133089F00F94831FF4
:10105000F701648B758B868B978B1F5FF4E0EF0E27
:10106000F11C143051F70E94F9930C94D9FC0F94A1
:10107000831F4B015C0120E030E040EA51E40F9413
:10108000299687FF3AC0A501940160915D0C70918B
:101090005E0C80915F0C9091600C0F94ED9D2B0184
:1010A0003C01AC019B0160916D0C70916E0C8091C4
:1010B0006F0C9091700C0F948E9660936D0C7093E2
:1010C0006E0C80936F0C9093700C60911D0C70915E
:1010D0001E0C80911F0C9091200C0F942D96A30153
:1010E00092010F948E960F945A9E60931D0C7093EC
:1010F0001E0C80931F0C9093200C80925D0C90929C
:101100005E0CA0925F0CB092600CA7CF81E00F94B0
:1011100057720C94D9FC0F94DA708FE692E10E941A
:10112000148D0C94D9FC80919C0A90919D0A009793
:1011300009F419CCFC012081222309F414CC0E946B
:1011400027E20C94D9FC00919C0A10919D0A94E02E
:10115000F12C40E09150F9F0F8018081282F2B7F8D
:10116000213499F421812133B1F4813411F1853492
:1011700009F441E098012E5F3F4F89012F5F3F4FF7
:10118000F80180818032C9F3E5CF803521F4818177
:1011900080538A3078F341110F946C2DFF2021F099
:1011A00089EA97E20F94032DC8010E9415C60C949A
:1011B000D9FCFF24F394DECF2093130B2093120B62
:1011C0000E94B1AA0C94D9FC60E083E50F94102032
:1011D000823040F00F94692D8CEA97E20F94032D32
:1011E0000C94D9FC082F10E088E40F940420882385
:1011F000E9F00F94801F20914E0230914F02821728
:10120000930754F00F94801F24E031E08530914023
:101210001CF40F94801F9C0186E0809FF001819F49
:10122000F00D1124E558F44F3183208382E40F94AC
:1012300004208823A9F00F94801F059784F10F9450
:10124000801F8D38910574F50F94801F26E0209F34
:10125000F001219FF00D1124E558F44F9383828310
:1012600086E40F940420882311F40C94D9FC0F9485
:10127000801F97FD1AC00F94801F8F3F910509F0C2
:10128000BCF40F94801F26E0209FF001219FF00DF9
:101290001124E558F44F958384830C94D9FC85E0A0
:1012A00090E0D4CF8CE890E0D1CF90E080E0EBCF1D
:1012B0008FEF90E0E8CF0E9434D8182F87FF02C04C
:1012C0000C94D9FC0091480784E40F940420B82EB4
:1012D0008823C9F10F94831F6B017C0120E030E06B
:1012E000A9010F9429968823C1F124E01202F0018C
:1012F0001124EC5BF84FC082D182E282F38220E0BD
:1013000030E0A901C701B6010F94389F1816D4F434
:1013100020E030E040E05FE3C701B6010F948E9615
:101320009B01AC010F948E962BED3FE049E450E415
:101330000F948E96609348027093490280934A02FC
:1013400090934B020B2D602F83E50E9442D0809337
:1013500048070E94777A0C94D9FC80E0F8CF8091FE
:10136000870984FD0DC080918909887849F48091AE
:101370008A09837029F481E00E940FE40C94D9FC5F
:101380000E9434D887FF02C00C94D9FC03EA12E013
:10139000FDE3EF2EFCE0FF2EF80181918F010F9409
:1013A0000420882359F00F94831F0F945A9EF7014D
:1013B00060837183828393830E94AB93F4E0EF0E8A
:1013C000F11C22E0073A120739F70C94D9FC8091FE
:1013D000870984FD0DC080918909887849F480913E
:1013E0008A09837029F481E00E94E3E30C94D9FC1C
:1013F0000E9434D887FF02C00C94D9FCE3EAEE2E99
:10140000E2E0FE2E10E000E0F70181917F010F94F1
:101410000420882349F00F94831FF801E35CF34F05
:1014200064A375A386A397A30C5F1F4F003111051A
:1014300059F70C94D9FC83E50F940420882391F08C
:101440000F94831F6093710C7093720C8093730CD4
:101450009093740C6093790C70937A0C80937B0C4E
:1014600090937C0C80E50F940420882351F00F9416
:10147000831F6093710C7093720C8093730C909324
:10148000740C82E50F940420882351F00F94831F7D
:101490006093750C7093760C8093770C9093780C16
:1014A00084E50F940420882311F40C94D9FC0F9444
:1014B000831F6093790C70937A0C80937B0C9093CC
:1014C0007C0C0C94D9FC8091870990918809A0919B
:1014D0008909B0918A09892B8A2B8B2B29F481E009
:1014E0000E9489E30C94D9FC82E40F9404208823A1
:1014F00051F00F944C1F60934D0C70934E0C8093E1
:101500004F0C9093500C83E50F940420882351F0E6
:101510000F94831F60937D0C70937E0C80937F0CDF
:101520009093800C84E50F940420882351F00F944D
:10153000831F6093810C7093820C8093830C909333
:10154000840C8AE40F940420882311F40C94D9FCB1
:101550000F94831F6B017C012AE037ED43E25CE3CB
:101560000F94389F87FD14C02AE939E949E95EE301
:10157000C701B6010F942996181654F0C0920D0CAD
:10158000D0920E0CE0920F0CF092100C0C94D9FC3F
:101590000F94692D8EEC97E20F94032D0C94D9FCD7
:1015A000F80181918F010F940420882339F00F9462
:1015B000831FF7016083718382839383F4E0EF0ECE
:1015C000F11CC016D10661F70C9492FF0E944DD712
:1015D0000C94D9FC8091870990918809A091890980
:1015E000B0918A0960911302709114020097A105CD
:1015F000B10551F480EF97E20F946F2D8DEE97E2D5
:101600000F94032D0C94D9FC8C019D0151E136956A
:101610002795179507955A95D1F700FF08C0209197
:101620004C0230914D023093140220931302B69570
:10163000A7959795879580FF04C070934D0260939E
:101640004C0283E50F940420882311F40C94D9FCF8
:101650000F94801F90931402809313020C94D9FC72
:101660000F946C2D85E40F94AB2C80E38D0D0F94BB
:10167000AB2CF801E75EFD4F6081718184EF97E24A
:101680000F946F2D85E20F94AB2C0F94E42D0C94E6
:10169000D9FC80E50F940420882311F40C94D9FC24
:1016A0000F94801F8C01892B71F583E50F94042022
:1016B000882389F00F94801F97FD07C0BC018AE43E
:1016C00092E10F94632A0C94D9FC8AE492E10F947E
:1016D000F4290C94D9FC0F946C2D70E060E08FEF2E
:1016E00097E20F946F2D8AE492E10F948A298C017E
:1016F0008CEF97E20F94032DC8010F94B4280F9438
:10170000E42D0C94D9FC0F94692DB80186E198E280
:101710000F946F2D87E098E20F94032D0C94D9FC61
:1017200083E50F94042081110D949302809189091F
:1017300087FD14C080918A09837081F40F946C2D09
:101740000C94D9FC60E070E080E090EC0D94AD0268
:1017500060E070E080E090E40D94AD0282E50F94CB
:10176000B61F8111EBCF0C94D9FC64E071E083E5E6
:101770000E943ED78C0168EE73E080E50E943ED760
:101780008938F3E19F0710F088E893E1B8010E94DF
:1017900080CA0C94D9FC8091870983FD09C080918F
:1017A0008809817829F481E00E9448E30C94D9FCEF
:1017B00080E50F940420882351F00F94831F6093D9
:1017C000F1117093F2118093F3119093F41189E465
:1017D0000F940420882381F00F94831F21E732EBBC
:1017E00047E25EE30F948E966093F5117093F611C5
:1017F0008093F7119093F81184E40F9404208823C8
:1018000081F00F94831F21E732EB47E25EE30F94F0
:10181000ED9D6093F9117093FA118093FB119093F1
:10182000FC1181E08093E0110C94D9FC80E50F94C9
:101830000420882351F00F94831F6093C911709383
:10184000CA118093CB119093CC1189E40F9404209A
:10185000882381F00F94831F21E732EB47E25EE398
:101860000F948E966093CD117093CE118093CF110B
:101870009093D01184E40F940420882311F40C94E5
:10188000D9FC0F94831F21E732EB47E25EE30F940C
:10189000ED9D6093D1117093D2118093D3119093E9
:1018A000D4110C94D9FC83E40F940420882359F0BC
:1018B0000F946F1F863E08F486EE80935D020E94AF
:1018C0000ADA0C94D9FC81E00E9416E20C94D9FC4F
:1018D00081E00D94EB0280E00D94EB020F946C2DEF
:1018E000E0904E02F0904F0280916B0901E218E205
:1018F000811102C00DE118E288E398E20F94032DF4
:10190000C8010F94032D87E298E20F94032DC701BD
:101910000F94B42884E298E20F94032D0F94E42DE1
:101920000C94D9FC0E9456D00C94D9FC0E941C94B3
:101930000C94D9FC60E082E50E9442D00F942420F0
:101940000E944DA90C94D9FC6FEF7FEF89E40E94AF
:101950009ECE982E6FEF7FEF8AE40E949ECE182FC6
:10196000C0908709D0908809E0908909F0908A0991
:101970002601370102E076946794579447940A95BC
:10198000D1F721E042225524662477248AE50F947A
:10199000B61FB82E00E0811104C081E50F94B61F78
:1019A000082F312F292D411451046104710471F065
:1019B00030E020E040E065E87CE083E00F944F24D5
:1019C00029833A834B835C836D837E8380E097FC1D
:1019D00005C0812F8095881F8827881F90E0840D7F
:1019E000951D0197A9F4D701C6011DE0B695A795ED
:1019F000979587951A95D1F781709927AA27BB27C4
:101A0000B1100EC001110CC00097A105B10541F441
:101A10000F94692D84E698E20F94032D0C94D9FC61
:101A2000253010F4353040F00F94692D8BE498E2A6
:101A30000F94032D0C94D9FCA22E220FBB08E32E89
:101A4000330FFF08892B8A2B8B2B79F50F94831F7B
:101A500020E030E0A901002391F025E02A9DF0016B
:101A60002B9DF00D1124EE0DFF1DEE0FFF1FEE0F4D
:101A7000FF1FEA55F44F20813181428153810F9439
:101A8000119D25E02A9DF0012B9DF00D1124EE0DF6
:101A9000FF1DEE0FFF1FEE0FFF1FEA55F44F60838F
:101AA0007183828393830C94D9FC60E070E080ECB6
:101AB0009FE7E7CF87E00E941DC681110C94D9FCF7
:101AC0006AEBC62E61E1D62E75E8272E7CE0372E14
:101AD000CE0101967C0110E000E0C6010E947BE48B
:101AE000F10181909190A190B1901F01A501940105
:101AF0000F94109D2B013C01F701408251826282BC
:101B0000738220E030E040EA51EC0F94389F87FD6B
:101B10000AC020E030E040EA51E4C301B2010F9472
:101B2000299618167CF4F801E45EF74BE4911E1632
:101B30004CF4B7FAB094B7F8B094F7018082918270
:101B4000A282B382F70181909190A190B1907F0120
:101B500020E030E040EA51ECC501B4010F94389F19
:101B600087FD53C020E030E040EA51E4C501B401F4
:101B70000F94299618160CF448C00F5F1F4FF4E01D
:101B8000CF0ED11C0330110509F0A7CF89819A81AE
:101B9000AB81BC818093170B9093180BA093190B0A
:101BA000B0931A0B8D819E81AF81B88580931B0BFA
:101BB00090931C0BA0931D0BB0931E0B89859A85E7
:101BC000AB85BC8580931F0B9093200BA093210BBA
:101BD000B093220B0E944DA960E084E898E20F9434
:101BE000F02863E972E084E690E00E9480CA70E029
:101BF00060E08AE090E00E9480CA6AEB72E084E6CE
:101C000090E00E9480CA0C94D9FC0F94692D84EA5C
:101C100098E20F94032D41E061E084E998E20E948C
:101C20009B570E94013168E270E080E991E00E94D8
:101C300080CA0C94D9FC0E9406C60C94D9FC0E9460
:101C4000C0AA0C94D9FC0E94DDC5882311F40C9421
:101C5000D9FC0F946C2D8AEB98E20F94032D0C9411
:101C6000D9FC0F946529882351F00F944129909154
:101C7000731180FB97F9909373110C94D9FC8091A8
:101C8000731184FD02C00C94D9FC0F94CC720C9497
:101C9000D9FC8091880983FD09C0809189098871E8
:101CA00029F481E00E94E9E20C94D9FC0E9434D826
:101CB000082F87FF02C00C94D9FC85E50F940420FF
:101CC000882351F10F94831F4B015C01E02E002EFD
:101CD000000CFF0820E030E0A9010F94389F87FF37
:101CE00004C0B7FAB094B7F8B09420E030E048E40C
:101CF00053E4C501B4010F94389F970153E0220FBC
:101D0000331F5A95E1F7245C384F1816BCF1F901DE
:101D100084829582A682B7828CE40F940420882363
:101D200011F40C94D9FC0F94831F6B017C01002EDD
:101D3000000C110B20E030E0A9010F94389F87FFC1
:101D400004C0F7FAF094F7F8F09420E030E048E4AB
:101D500053E4C701B6010F94389F980143E0220F66
:101D6000331F4A95E1F7245C384F18168CF0F901BF
:101D7000C082D182E282F3820C94D9FC80E090E0B0
:101D8000A8E4B3E4F90184839583A683B783C4CF21
:101D900080E090E0A8E4B3E4F90180839183A2831A
:101DA000B3830C94D9FC8091890987FD09C0809187
:101DB0008A09837029F481E00E946CE00C94D9FCBC
:101DC00030904D1240904E1250904F126090501231
:101DD000709051128090521220905312F091541230
:101DE000FFABC0905512D0905612E0905712F09071
:101DF000581288E50F940420182F882309F48AC00C
:101E00000F94831F962EA72EB82E092F20E030E0C6
:101E10004BE653EC0F94389F87FD0DC020E030E077
:101E20004BE653E4692D7A2D8B2D902F0F94299634
:101E300018160CF071C065E17FEF81E099E20F9414
:101E40006F2D6BEE70E08CEF98E20F946F2D89EFA1
:101E500098E20F94032D10E089E50F940420882365
:101E600061F10F94831F962EA72EB82E092F20E024
:101E700030E04BE653EC0F94389F87FD0DC020E017
:101E800030E04BE653E4692D7A2D8B2D902F0F9483
:101E9000299618160CF044C065E17FEF87EE98E2B2
:101EA0000F946F2D6BEE70E082EE98E20F946F2D21
:101EB0008FED98E20F94032D10E08AE50F94042033
:101EC000882399F10F94831F6B017C0120E030E09F
:101ED00040EA51EC0F94389F87FD0AC020E030E0C3
:101EE00040EA51E4C701B6010F9429961816ECF4A4
:101EF0006CEE7FEF8DEC98E20F946F2D64E170E053
:101F000088EC98E20F946F2D85EC98E20F94032DE6
:101F10000C94D9FC11E0A0CF392C2501602E9CCF68
:101F2000792C8A2C2B2C0FABC8CF112311F40C94D5
:101F3000D9FC832D942DA52DB62D80934D12909311
:101F40004E12A0934F12B0935012872D982DA22DB0
:101F5000BFA98093511290935212A0935312B09341
:101F60005412C0925512D0925612E0925712F0922B
:101F700058120C94D9FC83E08093670B109268068A
:101F800060E083E50E9442D081110C94D9FC0F944B
:101F9000A2700C94D9FC8091870990918809A09136
:101FA0008909B0918A09892B8A2B8B2B29F481E02E
:101FB0000E94CDE20C94D9FC83E50F94B61F8823D0
:101FC00011F40C94D9FC0E94C5CE809333070E9473
:101FD000E1F20C94D9FC0E94F2F2882311F40C94E3
:101FE000D9FC8091870990918809A0918909B091C5
:101FF0008A09AC01BD0132E1769567955795479501
:102000003A95D1F740FF0AC020E040E070E060E080
:1020100082E591E30E94B5300C94D9FC22E0B6959C
:10202000A795979587952A95D1F780FF04C00E94C0
:102030004F310C94D9FC0F94C4820C94D9FC0F94AA
:10204000FB7E81110C94D9FC0D94AE03111108C0D4
:1020500011E080918A098170D82E81130C9473FD50
:10206000882D8170D12E81130C9473FD11E0DD2435
:10207000D3943324339482E50F940420882309F405
:10208000E0C00F94831F2B013C0120E030E0A90148
:102090000F94299601E08111EBC00F94BE2B0F9491
:1020A000702B112309F457C0DD2009F451C01092A0
:1020B000850C1092860C1092870C1092880C10924E
:1020C000890C10928A0C10928B0C10928C0C0E942E
:1020D000A6A786EF97E40E947BE42B013C0182EFE8
:1020E00097E40E947BE44B015C0120E030E040EC8F
:1020F0005FE3C301B2010F948E962B013C0177FA86
:10210000709477F8709420E030E040EC5FE3C50114
:10211000B4010F948E9690581EEDE12E1BE6F12E21
:102120000DE013E4A30192010E948BA50E94CFACA5
:102130001092850C1092860C1092870C1092880CCD
:102140001092890C10928A0C10928B0C10928C0CAD
:1021500080E00E94BFA7DD2019F081E00E94BFA7A8
:10216000332011F40C948AFD80918709909188099D
:10217000A0918909B0918A0917E0B695A79597951E
:1021800087951A95D1F780FD57C083E00E941DC640
:1021900081110C948AFD0E94A6A780918D0C9091CC
:1021A0008E0CA0918F0CB091900C8093230790938C
:1021B0002407A0932507B093260700915912109188
:1021C0005A12F801208131814281538160E070E030
:1021D0008AEE92E40F94109D4B015C0180921B07E4
:1021E00090921C07A0921D07B0921E07F80124814F
:1021F00035814681578160E070E08AEE92E40F9469
:10220000109D2B013C0140921F07509220076092C5
:102210002107709222078BE197E00F94082488230E
:1022200011F40C947FFDE12CF12C8701A3019201A4
:10223000C501B4010E948BA582E00E94BFA70C9447
:102240008AFD012F111103C0032DD1100D2D4091D6
:102250004F0741110C9479FD84E00E941FA3811166
:102260000C9478FD412C512C30EA632E30E4732E0F
:1022700020918D0C30918E0C40918F0C5091900CD0
:10228000C301B2010F94119D40E0002309F409CF6E
:1022900020E00E9426A401CF83E50F940420882328
:1022A00011F40D9462060F945C1F8C010D9462066C
:1022B000882309F4CDCEDACEDF92EF92FF920F930E
:1022C0001F93CF93DF93EC01E090A40BF090A50B4C
:1022D0008AE0D82E6AE070E0CE010F944DA18C0107
:1022E000009711F0FC011082CE010E949EE081E077
:1022F0000E9426FC0115110519F0E801D992EACFD8
:10230000C701DF91CF911F910F91FF90EF90DF9068
:102310000C949EE0CF92DF92EF92FF920F931F9367
:10232000CF93DF93CDB7DEB7C156D1090FB6F8947E
:10233000DEBF0FBECDBF8C01C090A40BD090A50B0B
:102340006AE070E0C8010F9411957C01801B910B2D
:10235000E114F10419F4C8010F9437951982A2967B
:102360001FAEA297AC018036910514F040E650E014
:102370004F5F5F4FB801CE0101960F942395CE01B8
:1023800001960E949EE081E00E9426FCE114F10487
:1023900021F087010F5F1F4FD3CFC6010E949EE03F
:1023A000CF59DF4F0FB6F894DEBF0FBECDBFDF9120
:1023B000CF911F910F91FF90EF90DF90CF900895F4
:1023C000CF93DF93C091830DC0930C0C81E6C89F1F
:1023D000E0011124CB57D24F80913C0C80FF05C007
:1023E0000F946C2DCE010E9415C6CE010E949EE076
:1023F00080E0DF91CF910C9426FC8FE191E008956D
:1024000085E391E00895840F911DFC01808190E0A7
:1024100002C0959587956A95E2F781700895FC0151
:1024200020812617170611F00CF060830895DB0158
:102430001196EC911197E80FF92FF11D2C9181E085
:1024400090E0AC0102C0440F551F2A95E2F780814D
:10245000842B80830895DC01ED91FC9111971296F5
:102460008C9180830895FC0171836083FB0120813E
:10247000FC012283FB01408308954F925F926F928B
:102480007F928F929F92AF92BF92CF92DF92EF9204
:10249000FF920F931F93CF93DF93C82F062F542ED5
:1024A000622EE62EF12C35E0732EC82ED12CF701CA
:1024B000789EE00DF11D1124EE0FFF1FEE0FFF1FA0
:1024C000EA55F44F60817181828193819B01AC0157
:1024D0000F9414A0882309F47AC0C50D0C2E000CAB
:1024E000DD0B060D002E000C110B7C9EF0017D9E75
:1024F000F00D1124E00FF11FEE0FFF1FEE0FFF1F75
:10250000EA55F44F80809180A280B380A5019401A8
:10251000C501B4010F9414A0811159C0C50DD11D7E
:1025200057FCDA957C9EF0017D9EF00D1124060D7E
:10253000111D67FC1A95E00FF11FEE0FFF1FEE0F44
:10254000FF1FEA55F44F4080518062807380A301E1
:102550009201C301B2010F9414A0811138C0A301EC
:102560009201C501B4010F94299687FD0CC0A50105
:102570009401C501B4010F94119DA30192010F9420
:10258000109D4B015C0185E08C9DF0018D9DF00D4F
:102590001124EE0DFF1DEE0FFF1FEE0FFF1FEA557A
:1025A000F44F80829182A282B38281E0DF91CF9149
:1025B0001F910F91FF90EF90DF90CF90BF90AF9061
:1025C0009F908F907F906F905F904F90089580E0E4
:1025D000EDCF4F925F926F927F928F929F92AF92C8
:1025E000BF92CF92DF92EF92FF920F931F93CF9300
:1025F000DF93EC012A013B0148015901AB01920133
:10260000688179818A819B810F94119D6883798388
:102610008A839B83A50198016C817D818E819F8136
:102620000F94119D6C837D838E839F83A7019601F8
:10263000688579858A859B850F94119D6887798740
:102640008A879B87A3019201C301B2010F948E96E2
:102650009B01AC016C857D858E859F850F94119DB6
:102660006C877D878E879F87A5019801C501B8017A
:102670000F948E969B01AC01688979898A899B8920
:102680000F94119D688B798B8A8B9B8BA501980188
:10269000C301B2010F948E969B01AC016C897D89B8
:1026A0008E899F890F94119D6C8B7D8B8E8B9F8B58
:1026B000A3019201C701B6010F948E969B01AC0154
:1026C000688D798D8A8D9B8D0F94119D688F798F80
:1026D0008A8F9B8FA5019801C701B6010F948E9632
:1026E0009B01AC016C8D7D8D8E8D9F8D0F94119D06
:1026F0006C8F7D8F8E8F9F8FE8A0F9A00AA11BA100
:1027000020E030E0A901C301B2010F94389F87FF98
:1027100004C077FA709477F87094A3019201B7011E
:10272000C8010F94299687FD02C02701380148A2ED
:1027300059A26AA27BA2ECA0FDA00EA11FA120E0DD
:1027400030E0A901C501B4010F94389F87FF04C090
:10275000B7FAB094B7F8B094A5019401B701C801D5
:102760000F94299687FD02C0470158018CA29DA2B3
:10277000AEA2BFA220E030E040E85FE36CA97DA9F3
:102780008EA99FA90F94119D6CAB7DAB8EAB9FABB7
:10279000DF91CF911F910F91FF90EF90DF90CF903D
:1027A000BF90AF909F908F907F906F905F904F9071
:1027B0000895CF92DF92EF92FF92E0915912F0913B
:1027C0005A1220E030E045E753E464817581868148
:1027D00097810F94119D6B017C0120E030E047E56B
:1027E00053E40F94389F181634F4C12CD12C87E58C
:1027F000E82E83E4F82EC701B601FF90EF90DF903A
:10280000CF900895CF92DF92EF92FF92E09159120C
:10281000F0915A1220E030E0A9016481758186812F
:1028200097810F94119D6B017C0120E030E040EA1C
:1028300051E40F94299687FF06C0C12CD12C80EA61
:10284000E82E81E4F82EC701B601FF90EF90DF90EB
:10285000CF900895CF92DF92EF92FF92E0915912BC
:10286000F0915A1220E030E045E753E46081718135
:10287000828193810F94119D6B017C0120E030E0F7
:1028800049E353E40F94389F181634F4C12CD12C2B
:1028900089E3E82E83E4F82EC701B601FF90EF909C
:1028A000DF90CF900895CF92DF92EF92FF92E09168
:1028B0005912F0915A1220E030E0A9016081718133
:1028C000828193810F94119D6B017C0120E030E0A7
:1028D00040EA51E40F94299687FF06C0C12CD12C01
:1028E00080EAE82E81E4F82EC701B601FF90EF9050
:1028F000DF90CF90089508954F925F926F927F92EC
:102900008F929F92AF92BF92CF92DF92EF92FF92FF
:102910000F93CF93DF934B015C0169017A01002390
:1029200009F489C0C0915912D0915A122C813D816D
:102930004E815F81C701B6010F94109D2B013C01B0
:1029400027E137EB41ED58EB0F94389F87FD61C0CD
:1029500027E030E045E753E4C301B2010F94299624
:1029600018160CF456C0288139814A815B81C50153
:10297000B4010F94109D2B013C0127E137EB41ED91
:1029800058EB0F94389F87FD44C027E030E045E7BF
:1029900053E4C301B2010F94299618160CF439C000
:1029A00082DF27E137EB41ED58E30F94109DA5013D
:1029B00094010F942996181664F14CDF27E137EB48
:1029C00041ED58E30F94119DA50194010F94389F98
:1029D00087FD1FC017DF27E137EB41ED58E30F9468
:1029E000109D9B01AC01C701B6010F94389F87FD74
:1029F00010C0DFDE27E137EB41ED58E30F94119D66
:102A00009B01AC01C1E0C701B6010F9429961816CD
:102A10000CF4C0E08C2FDF91CF910F91FF90EF90DD
:102A2000DF90CF90BF90AF909F908F907F906F90EE
:102A30005F904F90089527E137EB41ED58EBC701C8
:102A4000B6010F94389F87FDE4CF27E030E045E7DB
:102A500053E4C701B6010F9429961816D4F227E162
:102A600037EB41ED58EBC501B4010F94389F87FD5A
:102A7000D0CF27E030E045E753E4C501B4010F941F
:102A80002996181634F2C0915912D0915A12288101
:102A900039814A815B81C501B4010F94119D4B01BD
:102AA0005C0101DF27E137EB41ED58E30F94109D06
:102AB0009B01AC01C501B4010F94389F87FDA9CFDC
:102AC000C9DE27E137EB41ED58E30F94119D9B01DF
:102AD000AC01C501B4010F94299618160CF499CFD6
:102AE0002C813D814E815F81C701B6010F94119DFC
:102AF0006B017C016FCF60E070E0CB010895FC01B9
:102B0000208127FD06C081818095881F8827881F26
:102B1000089580E008952FEFFC012083218308951C
:102B200080931C0208959091DC0A8093DC0A892F1F
:102B300008950F931F93CF938C0120E030E040E87D
:102B40005FE3FC0160817181828193810F94109D0C
:102B500020E030E049EE51E40F94119D2CE932EA77
:102B60004CE85CE30F948E960F94559EC62F65300B
:102B700008F0CFEF20E030E040E85FE3F801648147
:102B80007581868197810F94109D20E030E049EE99
:102B900051E40F94119D2CE932EA4CE85CE30F9468
:102BA0008E960F94559E962F653008F09FEF8C2FD0
:102BB000CF911F910F910895FC014083518362834F
:102BC0007383248308958091080B882321F08091DA
:102BD000C00086FFFCCF0895E5E9FCE08081818399
:102BE0000895CF93DF93C091B511D091B61120977E
:102BF00029F16091B1117091B2118091B31190914E
:102C0000B4110F94559E6E5F7F4F24976C177D070C
:102C1000ACF470930E0860930D080F948E79605A8F
:102C200075418F4F9F4F60930F08709310088093EA
:102C3000110890931208DF91CF91089510920F0818
:102C4000109210081092110810921208F4CFCF932E
:102C5000DF9300D01F921F92CDB7DEB749835A830E
:102C60006B837C83482F69817A818B819C810F9053
:102C70000F900F900F900F90DF91CF910C9481E403
:102C80000F931F931F930F931F922F935F934F9355
:102C90007F936F938F930E9473578DB79EB709965A
:102CA0000FB6F8949EBF0FBE8DBF1F910F91089570
:102CB00020E030E040E85FE30F94109D2CE932EA19
:102CC0004CE85CE30F948E960F94869E0F94559E6D
:102CD00067FD04C0643024F4862F089580E00895D1
:102CE00083E008950E941C9487E00E941FA3811135
:102CF00011C08091870990918809A0918909B091AC
:102D00008A092DE0B695A795979587952A95D1F7CD
:102D100080FF03C085ED9FE3FDCA0895AF92BF9287
:102D2000CF92DF92EF92FF920F931F93CF935C01AC
:102D30006B018A018E53954F7C01DC01CC91C7FF5A
:102D40003DC0FB0111821082CF5FD701CC93CC3004
:102D50000CF053C08CE08A9DF0018B9DF00D112486
:102D6000CF018C0F911DC7FD9A952091491228170C
:102D7000190609F00CF441C0F60120813181FC01F3
:102D8000EE0FFF1FE80FF91FEF5FFD4E818192816B
:102D9000820F931FD80111969C938E93808187FF99
:102DA0003DC061E08F77CF911F910F91FF90EF9021
:102DB000DF90CF90BF90AF900D9418788CE08A9DF3
:102DC000F0018B9DF00D1124CF018C0F911DC7FDDB
:102DD0009A95209149122817190609F00CF4B4CFDE
:102DE000FC01EE0FFF1FE80FF91FEF5FFD4E808122
:102DF00060E08F770F941878A7CFF60180819181DA
:102E000004968034FCE99F0710F480E49CE9D80123
:102E100011969C938E938FEFF7018083CF911F9132
:102E20000F91FF90EF90DF90CF90BF90AF900895FB
:102E3000CF92DF92EF92FF920F931F93CF939091D7
:102E40000302913009F461C0662351F01092000B27
:102E50001092FC0A1092FD0A1092FE0A1092FF0ACC
:102E6000C82F0F948E79C090FC0AD090FD0AE09094
:102E7000FE0AF090FF0AC61AD70AE80AF90A1C14DB
:102E80001D041E041F040CF440C02091000BC7FD5C
:102E900015C04C2F0C2E000C550B4C5F5F4FE22FD2
:102EA000022E000CFF0B4E175F077CF144EFC42E7F
:102EB000DD24D394E12CF12C2C1734F438EEC32EFE
:102EC00033E0D32EE12CF12CC60ED71EE81EF91EDE
:102ED000C092FC0AD092FD0AE092FE0AF092FF0A2C
:102EE000022F017010E084E2809FB001819F700D7D
:102EF000701B112460597C4F82E390E00E9480CACD
:102F00008091000B8F5F8093000BCF911F910F91E9
:102F1000FF90EF90DF90CF900895AC0180916B0906
:102F200081110EC090916B0691110BC020914E0241
:102F300030914F022150310981E0421753070CF0C4
:102F400080E00895CF92DF92EF92FF92CF93DF93CC
:102F50006B017C018091110BD0E0C0E087FD19C0AE
:102F6000082E000C990B2091871A3091881A82172D
:102F7000930720F4B701A6010F943C6B8FEF809369
:102F8000110BDF91CF91FF90EF90DF90CF900D94D8
:102F90006C6A8091871A9091881AC817D90788F7A8
:102FA000B701A601CE010F943C6B2196F2CFBF92E0
:102FB000CF92DF92EF92FF920F931F93CF93DF9305
:102FC00000D01F92CDB7DEB78C01B62E8FEF89836C
:102FD0008A838B838FE78C8344E050E0B801CE0175
:102FE00001960F941DA1892B09F445C0F801818138
:102FF000C080D12CF12CE12C7601DD24CC24D82A00
:103000008281C82AF80183810F94A66BBB20C9F185
:103010008091FA0A9091FB0A2091871A3091881AC0
:103020008217930720F4B701A6010F943C6B0F940D
:103030006C6A8091FA0A9091FB0A01969093FB0AC0
:103040008093FA0A2091871A3091881A8217930781
:1030500020F01092FB0A1092FA0A0F900F900F9036
:103060000F90DF91CF911F910F91FF90EF90DF9024
:10307000CF90BF900895CC24CA94DC2CEC2CF12C7A
:10308000C1CFC701B6015EDFF80180819181482F71
:10309000490F5527551F8281840F952F911D21E0DF
:1030A000833091050CF420E020930C080397ACF2D8
:1030B000F80180819181A281B38180937D1A9093E0
:1030C0007E1AA0937F1AB093801AC7CF8F929F92D7
:1030D000AF92BF92CF92DF92EF92FF92CF93DF93A6
:1030E00000D01F92CDB7DEB72FEF8417950731F1CF
:1030F0006A01052E000CEE08FF084C01092E000C99
:10310000AA08BB08681779072CF0CB0146175707A8
:103110000CF4CA019C01990F440B550B281939096D
:103120004A095B09AFEFB0E00F94919CA7019601AB
:10313000281939094A095B090F94759C8091230865
:10314000821779F02093230880918D1A81509FEF88
:1031500099831A8220952B838C8361E0CE0101969E
:1031600026DF0F900F900F900F90DF91CF91FF907F
:10317000EF90DF90CF90BF90AF909F908F90089589
:103180008F929F92AF92BF92CF92DF92EF92FF9277
:10319000CF93DF9300D01F92CDB7DEB72FEF841708
:1031A000950731F16A01052E000CEE08FF084C016D
:1031B000092E000CAA08BB08681779072CF0CB0170
:1031C000461757070CF4CA019C01990F440B550B85
:1031D000281939094A095B09AFEFB0E00F94919CB7
:1031E000A7019601281939094A095B090F94759CB2
:1031F00080912308821771F02093230880918D1A03
:10320000815029831A829FEF9B838C8361E0CE01DA
:103210000196CDDE0F900F900F900F90DF91CF9120
:10322000FF90EF90DF90CF90BF90AF909F908F90E6
:10323000089560E08DE79AE1BACECF93DF9300D096
:103240001F92CDB7DEB780910C08882381F01982D8
:103250001A821B828FE78C8360E0CE010196A7DE85
:103260000F900F900F900F90DF91CF910895E1DFB5
:10327000F7CF60E081E89AE19ACECF92DF92EF92A9
:10328000FF926B017C01AC019B016091F60A709189
:10329000F70A8091F80A9091F90A0F9429968823E9
:1032A00021F1C092F60AD092F70AE092F80AF09261
:1032B000F90A20912F073091300740913107509142
:1032C0003207C701B6010F948E969B01AC0160E0F6
:1032D00070E080E89FE30F94109D60935802709314
:1032E000590280935A0290935B0260915802709148
:1032F000590280915A0290915B02FF90EF90DF900B
:10330000CF9008952F923F924F925F926F927F924B
:103310008F929F92AF92BF92CF92DF92EF92FF92E5
:103320000F931F93CF93DF93CDB7DEB7CC54D10962
:103330000FB6F894DEBF0FBECDBF6DAB7EAB8FABCB
:1033400098AFC0901F07D0902007E0902107F09021
:10335000220727E137EB41ED58EBC701B6010F9487
:10336000389F87FD5DC127E030E045E753E4C701A2
:10337000B6010F94299618160CF452C180901B07C1
:1033800090901C07A0901D07B0901E0727E137EB17
:1033900041ED58EBC501B4010F94389F87FD40C142
:1033A00027E030E045E753E4C501B4010F942996C6
:1033B00018160CF435C12091850C3091860C409183
:1033C000870C5091880CC501B4010F94109D2B01FE
:1033D0003C012091890C30918A0C40918B0C5091CA
:1033E0008C0CC701B6010F94109D69A77AA78BA713
:1033F0009CA78090230790902407A0902507B09069
:1034000026078DA29EA2AFA2B8A620918D0C309166
:103410008E0C40918F0C5091900CC501B4010F940B
:10342000109D362E272E4C012091910C3091920C3C
:103430004091930C5091940C60912707709128074C
:103440008091290790912A070F94109D25966CAFC3
:103450007DAF8EAF9FAF2597A3019201C301B2014B
:103460000F948E966B017C0129A53AA54BA55CA50E
:10347000CA01B9010F948E969B01AC01C701B60138
:103480000F94119D69A37AA38BA39CA30F94CB9F48
:103490002DEC3CEC4CE45EE30F948E960F94449F2D
:1034A0006D8F7E8F8F8F98A3AD8CBE8CA114B104CD
:1034B00009F436C1B50190E080E00F942D969B0190
:1034C000AC0160E070E080E89FE30F94ED9D6B013C
:1034D0007C01AC019B01C301B2010F948E962B01BC
:1034E0003C01A701960169A57AA58BA59CA50F941F
:1034F0008E9669A77AA78BA79CA7A7019601632D33
:10350000722DC4010F948E962A966FAF2A972B9630
:103510007FAF2B972C968FAF2C972D969FAF2D9723
:10352000A701960125966CAD7DAD8EAD9FAD25971B
:103530000F948E9625966CAF7DAF8EAF9FAF25977B
:10354000C501019785015C01232D322DA401632D56
:10355000722DC4010F948E9629A13AA14BA15CA1B2
:103560000F94119D0F94CB9FA70196010F948E96F7
:10357000698B7A8B8B8B9C8B1D8A1E8A1F8A188E77
:10358000198E1A8E1B8E1C8E80E1E5E8FCE0DE01B0
:10359000119601900D928A95E1F780914D0788234D
:1035A00009F459C0C0904907D0904A07E0904B07F2
:1035B000F0904C0720E030E0A901C701B6010F945C
:1035C0002996882309F4C1C0A70196016DA17EA1A7
:1035D0008FA198A50F94299687FF3DC020E030E089
:1035E000A9016DA17EA18FA198A50F942996181607
:1035F0000CF0ABC0A70196016DA17EA18FA198A58B
:103600000F94389F87FF2BC46DA17EA18FA198A531
:1036100034DE29966CAF7DAF8EAF9FAF2997A1C0E6
:1036200081E0C45BDF4F0FB6F894DEBF0FBECDBFA5
:10363000DF91CF911F910F91FF90EF90DF90CF908E
:10364000BF90AF909F908F907F906F905F904F90C2
:103650003F902F9008959E012F5E3F4F1901A114B6
:10366000B10409F452C0AE014F5E5F4F1A01A301CD
:10367000920169817A818B819C810F94119D69836C
:103680007A838B839C8329A53AA54BA55CA56D8184
:103690007E818F8198850F94119D6D837E838F83AA
:1036A00098872A962FAD2A972B963FAD2B972C966D
:1036B0004FAD2C972D965FAD2D9769857A858B85BB
:1036C0009C850F94119D69877A878B879C872596A7
:1036D0002CAD3DAD4EAD5FAD25976D857E858F855B
:1036E00098890F94119D6D877E878F87988B9101A4
:1036F0004DA95EA96FA978ADCE0101960F942472F1
:1037000051E0A51AB10809F0B2CF91014DA95EA907
:103710006FA978AD8BE197E00F94247280E081CFA0
:103720002A963FAE2A972B962FAE2B972C968FAECC
:103730002C972D969FAE2D97C12CD12CB0E8EB2E57
:10374000BFE3FB2E01E010E0FFCE812C912CA0E81E
:10375000AA2EAFE3BA2E29968CAE9DAEAEAEBFAE0A
:10376000299729813A814B815C81C301B2010F9471
:10377000119D6DA77EA78FA798AB69837A838B83F2
:103780009C832D813E814F81588569A57AA58BA5A3
:103790009CA50F94119D69AB7AAB8BAB9CAB6D83F1
:1037A0007E838F8398872A962FAD2A972B963FADDD
:1037B0002B972C964FAD2C972D965FAD2D97698545
:1037C0007A858B859C850F94119D69877A878B8775
:1037D0009C8725962CAD3DAD4EAD5FAD25976D8593
:1037E0007E858F8598890F94119D6D877E878F8741
:1037F000988B9E012F5E3F4F190120E030E040E89A
:103800005FE36DA57EA58FA598A90F94109D2CE967
:1038100032EA4CE85CE30F948E960F94559EF62E98
:1038200020E030E040E85FE369A97AA98BA99CA970
:103830000F94109D2CE932EA4CE85CE30F948E96CD
:103840000F94559E8F2D0F2C000C990B262F062EB2
:10385000000C330B97FD87C2853091050CF09AC29E
:10386000AC014F5F5F4FEF2C8F2C912C9AAE89AE3D
:1038700037FD04C3253031050CF0A4C2D9011196DF
:10388000F62EC62ED12C4430510514F044E050E001
:10389000A430B1050CF07BC2BC01660F771F660F28
:1038A000771F860F971FFC01E20FF31FEE0FFF1F1C
:1038B000EE0FFF1FEA55F44F80809180A280B38005
:1038C0008D8E9E8EAF8EB8A2BA01660F771F660FDF
:1038D000771F460F571FFA01E20FF31FEE0FFF1F6E
:1038E000EE0FFF1FEA55F44F80809180A280B380D5
:1038F00089A29AA2ABA2BCA28A0F9B1FFC01EE0F69
:10390000FF1FEE0FFF1FEA55F44F80809180A280C9
:10391000B3808DA29EA2AFA2B8A6A40FB51FAA0F16
:10392000BB1FAA0FBB1FAA55B44F8D909D90AD90A1
:10393000BC9021968CAE9DAEAEAEBFAE21972D8DC4
:103940003E8D4F8D58A1CA01B9010F9414A0811169
:1039500066C229A13AA14BA15CA1CA01B9010F9489
:1039600014A0811157C22DA13EA14FA158A5CA0193
:10397000B9010F9414A0811157C221962CAD3DAD11
:103980004EAD5FAD2197CA01B9010F9414A081110A
:103990003AC2B4E09B2E9E1408F4CEC1E9ADFAAD54
:1039A000EE0FFF1FEE0FFF1FE75DFB4B859195911B
:1039B000A591B4914C015D0124E02F1508F4A7C135
:1039C000F601EE0FFF1FEE0FFF1FEB5EFB4B859125
:1039D0009591A591B4916C017D019401A5016DA50E
:1039E0007EA58FA598A90F94109D4B015C019601AF
:1039F000A70169A97AA98BA99CA90F94109D6B01B5
:103A00007C012D8D3E8D4F8D58A169A17AA18BA18E
:103A10009CA10F94109D2CE932EA4CE85CE30F94D2
:103A20008E9669AF7AAF8BAF9CAF2DA13EA14FA10F
:103A300058A521966CAD7DAD8EAD9FAD21970F94AD
:103A4000109D2CE932EA4CE85CE30F948E962196A7
:103A50006CAF7DAF8EAF9FAF219729AD3AAD4BAD27
:103A60005CADC501B4010F948E962D8D3E8D4F8DAA
:103A700058A10F94119D69A37AA38BA39CA32196AF
:103A80002CAD3DAD4EAD5FAD2197C501B4010F9496
:103A90008E962DA13EA14FA158A50F94119D29A14D
:103AA0003AA14BA15CA10F94109D2CE932EA4CE89D
:103AB0005CE30F948E966DA37EA38FA398A701500D
:103AC000110909F4F1C069857A858B859C856D8F14
:103AD0007E8F8F8F98A3A70196016DA17EA18FA1E4
:103AE00098A50F948E9629A13AA14BA15CA10F94A1
:103AF000119D29962CAD3DAD4EAD5FAD29970F942C
:103B00008E962D8D3E8D4F8D58A10F94119D6987F6
:103B10007A878B879C8791014DA95EA96FA978ADA3
:103B2000CE0101960F94247229813A814B815C81E8
:103B3000C301B2010F94119D6DA77EA78FA798AB0B
:103B400069837A838B839C832D813E814F81588545
:103B500069A57AA58BA59CA50F94119D69AB7AAB3D
:103B60008BAB9CAB6D837E838F8398872A962FAD1A
:103B70002A972B963FAD2B972C964FAD2C972D96D1
:103B80005FAD2D976D8D7E8D8F8D98A10F94119DBA
:103B90006D8F7E8F8F8F98A369877A878B879C879D
:103BA00025962CAD3DAD4EAD5FAD25976D857E85DF
:103BB0008F8598890F94119D6D877E878F87988B4D
:103BC000A3019201C501B4010F94119D4B015C0149
:103BD00029A53AA54BA55CA5C701B6010F94119D77
:103BE0006B017C0120E030E0A901C501B4010F9414
:103BF000389F87FD02CE20E030E049E652E4C5015F
:103C0000B4010F94299618160CF4F7CD20E030E09B
:103C1000A901C701B6010F94389F87FDEECD20E0C2
:103C200030E049E652E4C701B6010F942996181610
:103C30000CF4E3CDA301920169AD7AAD8BAD9CADDF
:103C40000F948E969B01AC0169A17AA18BA19CA1D6
:103C50000F94119D69A37AA38BA39CA329AD3AADC0
:103C60004BAD5CAD21966CAD7DAD8EAD9FAD21971A
:103C70000F94109D2CE932EA4CE85CE30F948E9689
:103C8000A30192010F948E969B01AC016DA17EA1C0
:103C90008FA198A50F94119D6DA37EA38FA398A7C4
:103CA0000150110909F017CF80E1EBE1F7E0DE01E7
:103CB000119601900D928A95E1F7A70196016DA1E9
:103CC0007EA18FA198A50F948E9629A13AA14BA110
:103CD0005CA10F94119D29962CAD3DAD4EAD5FAD0D
:103CE00029970F948E969B01AC0169857A858B8507
:103CF0009C850F94119D69877A878B879C8791019A
:103D00004DA95EA96FA978ADCE01019605CDB6018A
:103D1000DD0C880B990B0F942F9620E030E049E6DC
:103D200052E40F948E9620E030E040E85FE30F9479
:103D3000119D6B017C0151CEA9ACBAACB501BB0C95
:103D4000880B990B0F942F9620E030E049E652E45F
:103D50000F948E9620E030E040E85FE30F94119DD1
:103D60004B015C0129CE37FD27C0253031050CF40D
:103D700060C0E4E0CE2ED12CF4E0FF2E1AAE19AED6
:103D8000E12C90E080E024E030E041E050E0A4E06D
:103D9000B0E082CD37FF26C084E0E82E84E090E0DA
:103DA00044E050E09AAF89AFD12CC12CF12C30E027
:103DB00020E0A1E0B0E070CDE12C90E080E041E0B7
:103DC00050E0F0CF443051050CF450C024E0C22E36
:103DD000D12C34E0F32E24E030E044E050E0A4E0C5
:103DE000B0E05ACD253031058CF5D9011196F62E6B
:103DF000C62ED12C44E050E05AAF49AF64E0E62E25
:103E000084E090E045CD21961CAE1DAE1EAE1FAEE7
:103E10002197BFCD19A21AA21BA21CA2A4CD1D8E50
:103E20001E8E1F8E18A295CD1DA21EA21FA218A61F
:103E3000A4CDD9011196F62EC62ED12C1AAE19AEEC
:103E4000E12C90E080E041E050E022CD84E090E081
:103E500044E0E42EA4E0B0E0BAAFA9AFB7CF299612
:103E60001CAE1DAE1EAE1FAE29977BCC64E0C62EE5
:103E7000D12C74E0F72E24E030E089CF4430510596
:103E80000CF492CFD12CC12CF12CA1E0B0E030E0A9
:103E900020E044E050E000CD8091600990916109FC
:103EA000009731F04AE050E070E060E00D94F59347
:103EB00060E070E0CB010895EFDFCB0108958091C1
:103EC000600990916109009731F04AE050E070E09C
:103ED00060E00D94C89260E070E0CB010895EFDFE0
:103EE00097FD0AC0ECDF6F3F71058105910509F070
:103EF0002CF4E5DF862F089580E008958FEF089574
:103F0000DEDFCB0108950F931F93CF93809160095B
:103F100090916109009729F1FC018F01C1912C2F2B
:103F20002F7DC1F0C53431F0C53621F0C83511F010
:103F3000C83799F7F801108270E060E0809160095D
:103F4000909161090F947291F801C083CF911F91F4
:103F50000F91089570E060E0CF911F910F910D9443
:103F6000729160E070E0CB01F1CFCDCF2FEB280F45
:103F70002A3108F047C0E22FF0E080918709909144
:103F80008809A0918909B0918A0904C0B695A795BE
:103F9000979587952A95D2F780FD02C08170089584
:103FA000E359F64FE081EE2341F18091A40B90910B
:103FB000A50BE80FF92FF11D808190ED980F9A3035
:103FC00030F08E3251F4818180538A3098F4F0932E
:103FD0006109E093600981E008958D3211F08B3220
:103FE00049F4818190ED980F9A3088F38E3211F464
:103FF0008281EACFF0E0E0E0EACF1092610910920E
:104000006009E9CF80E00895B1DF882341F081E0C5
:104010002091600930916109232B09F480E0089513
:10402000CF93C62FF1DF882311F0CF9158CF8C2F7B
:10403000CF9108959091150B992321F0682F80E07E
:104040000E946BAC80E008959091150B911104C013
:10405000682F81E00E946BAC80E008950F93062FDB
:10406000FC01248135814681578160817181828183
:1040700093810F947C140F910895682F70E0853020
:10408000A0F4660F771F660F771FFB01EB5EFB4BFB
:104090004591559165917491F42FE52F362F272F77
:1040A0006F2F7E2F832F922F0895072E000C880BE1
:1040B000990B0F942F9620E030E049E652E40F94DC
:1040C0008E9620E030E040E85FE30F94119DF62FDC
:1040D000E72F382F292FE4CF682F70E08530A0F428
:1040E000660F771F660F771FFB01E75DFB4B45915E
:1040F000559165917491F42FE52F362F272F6F2F4F
:104100007E2F832F922F0895072E000C880B990B7A
:104110000F942F9620E030E049E652E40F948E96FB
:1041200020E030E040E85FE30F94119DF62FE72F89
:10413000382F292FE4CF2F923F924F925F926F92A8
:104140007F928F929F92AF92BF92CF92DF92EF9227
:10415000FF920F931F93CF93DF93CDB7DEB76E9788
:104160000FB6F894DEBF0FBECDBF19821A8286E06B
:10417000E9E7F3E0DE01579601900D928A95E1F7A9
:104180001B828B81853008F03CC11C828C8185307C
:1041900008F033C18B81282F30E08C81482F50E00C
:1041A000C901880F991F880F991F820F931F840FD1
:1041B000951F880F991F880F991F8A55944FFC01EE
:1041C00080819181A281B3819C01AD01BC01CD01AF
:1041D0000F9414A0882309F40CC18C814EDF6B016D
:1041E0007C018B8179DFDC01CB0101E0A701960125
:1041F000BC01CD010F947C14982F81E0892788237E
:1042000009F0F7C081E089838FEF8D8F8FEF8E8F5C
:1042100083EF9FE4A3ECB7E48D839E83AF83B887DD
:1042200019868985853008F0C4C01A868A8585304C
:1042300008F0BBC08985282F30E08A85482F50E0E0
:10424000C901880F991F880F991F820F931F840F30
:10425000951F880F991F880F991F8A55944FFC014D
:1042600080819181A281B3819C01AD01BC01CD010E
:104270000F9414A0882311F081E001C080E088230E
:1042800009F08FC081E08A838B81282F30E08985F7
:10429000882F90E0A901481B590B8B81282F30E013
:1042A0008985882F90E0B901681B790BCB01489F65
:1042B0009001499F300D589F300D11248C81482F5B
:1042C00050E08A85882F90E0BA01681B790B8C81B9
:1042D000482F50E08A85882F90E0481B590B649F37
:1042E000C001659F900D749F900D1124820F931F44
:1042F000092E000CAA0BBB0BBC01CD010F942F960D
:10430000DC01CB01BC01CD010F94CB9F6B017C0183
:104310000F948E79DC01CB012FE230E040E050E0D9
:10432000BC01CD010F94539CDC01CB010D96A11D66
:10433000B11DBC01CD010F942D96DC01CB019C0178
:10434000AD0160E070E080E89FE30F94ED9DDC013B
:10435000CB019C01AD01C701B6010F94119DDC0199
:10436000CB018B879C87AD87BE872D813E814F8196
:1043700058856B857C858D859E850F94299688232D
:1043800084F48B859C85AD85BE858D839E83AF83AC
:10439000B8878C819B819F87888B8F858D8F88893B
:1043A0008E8F8A858F5F8A8741CF89858F5F8987C6
:1043B00038CF8A818823E9F08D8D8823D4F0898DC8
:1043C0009A8DAB8DBC8D9C01AD016D817E818F81FD
:1043D00098850F94389F181664F48D8D9E8D988F54
:1043E0008F8B8D819E81AF81B885898F9A8FAB8F9E
:1043F000BC8F8C818F5F8C83C9CE8B818F5F8B83C9
:10440000C0CE9A8181E08927882379F08981882329
:1044100061F082E08F8B82E0888F80E090E0A0E8FE
:10442000BFE3898F9A8FAB8FBC8F86E0FE017796B2
:10443000DE01519601900D928A95E1F750E059897D
:1044400040E04A8930E03B8920E02C8990E09D895A
:1044500080E08E89252E342E432E522E692E782E02
:10446000A22CB32CC42CD52CE62CF72C082D192DFE
:104470002A2D3B2D4C2D5D2D6E2D7F2D802F912FC4
:104480006E960FB6F894DEBF0FBECDBFDF91CF9111
:104490001F910F91FF90EF90DF90CF90BF90AF9062
:1044A0009F908F907F906F905F904F903F902F9054
:1044B00008950F931F93CF93DF9300D000D01F92E6
:1044C0001F92CDB7DEB78C01FC01808105DE6983C8
:1044D0007A838B839C83F8018181CFDDE62F462F81
:1044E000572FBC014D835E836F83788729813A8182
:1044F0004B815C816E2F7E818F81988528960FB6C7
:10450000F894DEBF0FBECDBFDF91CF911F910F9109
:1045100008952F923F924F925F926F927F928F9267
:104520009F92AF92BF92CF92DF92EF92FF920F9342
:104530001F93CF93DF9300D000D000D01F921F9223
:10454000CDB7DEB7DC0114962D913D914D915C9174
:1045500017972D833E834F8358878D909D90AD9004
:10456000BC90C501B4010F94581689836D817E817A
:104570008F8198850F9458168B87B9810B2F0B2E3E
:10458000000C110B282E880F33088B2FA5DD6B0133
:104590007C0189818F5FA0DD2B013C01802F0430DD
:1045A00011050CF083E08F5FE82FF0E0FA87E987D0
:1045B00025E0209FF001219FF00D1124E20DF31D55
:1045C000EE0FFF1FEE0FFF1FEA55F44F8081918120
:1045D000A281B38189839A83AB83BC83A7019601AF
:1045E000C501B4010F94109D4B015C01A701960118
:1045F000C301B2010F94109D2B013C0125E0A98558
:10460000BA852A9FF0012B9FF00D1124E20DF31DB6
:10461000EE0FFF1FEE0FFF1FEA55F44F29813A817D
:104620004B815C8160817181828193810F94109DA7
:10463000A50194010F948E96A30192010F94ED9D14
:1046400029813A814B815C810F94119D69837A8322
:104650008B839C8334E0231631041CF033E0232E3B
:10466000312C2394312C85E0809FF001819FF00D47
:104670001124E20DF31DEE0FFF1FEE0FFF1FEA5591
:10468000F44FC080D180E280F38049855A85849FB1
:10469000F001859FF00D1124E20DF31DEE0FFF1FB9
:1046A000EE0FFF1FEA55F44FA7019601608171815B
:1046B000828193810F94109DA50194010F948E9691
:1046C000A30192010F94ED9DA70196010F94119DF6
:1046D0004B015C018B858F5FD0DC2B013C018B850E
:1046E000CCDC6B017C0129813A814B815C81C50165
:1046F000B4010F94109D4B015C01A70196016D81DF
:104700007E818F8198850F94109D9B01AC01C5011E
:10471000B4010F948E964B015C01A7019601C30171
:10472000B2010F94109D9B01AC01C501B4010F941F
:10473000ED9D29813A814B815C810F94119D6B0124
:104740007C01AC019B010F9414A0882319F0C12CAB
:10475000D12C7601C701B6012B960FB6F894DEBFB7
:104760000FBECDBFDF91CF911F910F91FF90EF90C2
:10477000DF90CF90BF90AF909F908F907F906F9081
:104780005F904F903F902F9008950F931F93CF937A
:10479000DF9300D000D01F921F92CDB7DEB7FC018F
:1047A00098E0DE01119601900D929A95E1F7CE0105
:1047B00001960E9462A528960FB6F894DEBF0FBE40
:1047C000CDBFDF91CF911F910F910895AF92BF920E
:1047D000CF92DF92EF92FF920F931F93FC015A0149
:1047E0006B01E084F1840285138524813581468143
:1047F000578160817181828193810E94C6A41F913B
:104800000F91FF90EF90DF90CF90BF90AF90089501
:104810008F929F92AF92BF92CF92DF92EF92FF92D0
:10482000CF93FC0184809580A680B780C080D18022
:10483000E280F38027E137EB41ED58EBC501B4018D
:104840000F94389F87FD1FC027E030E045E753E411
:10485000C501B4010F9429961816ACF027E137EB87
:1048600041ED58EBC701B6010F94389F87FD0BC08F
:10487000C1E027E030E045E753E4C701B6010F94FB
:10488000299618160CF4C0E08C2FCF91FF90EF9072
:10489000DF90CF90BF90AF909F908F9008958F92B0
:1048A0009F92AF92BF92CF92DF92EF92FF920F93BF
:1048B0001F93CF93DF93CDB7DEB7CA57D1090FB699
:1048C000F894DEBF0FBECDBFFE01E359FF4F8083DA
:1048D000CE0182599F4FFC0171836083CE018059C4
:1048E0009F4FFC014083CE018F589F4FFC013183C5
:1048F0002083CE01CF960F948B159E01215C3F4FF4
:1049000083EF9FE4A3ECB7ECF90182839383A48344
:10491000B583CE0180599F4FFC018081882309F423
:1049200057C08091591290915A129E0122593F4FBF
:10493000F901208131813A87298798878F8389857A
:104940009A85FC0120813181428153818F81988534
:10495000FC0180819181A281B381BC01CD010F94C2
:10496000119DDC01CB01898F9A8FAB8FBC8F89851C
:104970009A85FC0184819581A681B7812F81388534
:10498000F9012481358146815781BC01CD010F9405
:10499000119DDC01CB018D8F9E8FAF8FB8A3CE010F
:1049A0008B599F4F28E0FE017996DC0101900D9212
:1049B0002A95E1F7CE018B5B9F4F9E012B593F4F0C
:1049C00048E0F901DC0101900D924A95E1F710C031
:1049D0009E012B5B3F4FCE0182599F4FFC0180818E
:1049E000918148E0FC01D90101900D924A95E1F7CF
:1049F0008FEF9FE4A3ECB7E489839A83AB83BC83F6
:104A00001D828D81853008F0D3C11E828E81853054
:104A100008F0CAC1CE0183599F4FFC0180818330C9
:104A200009F447C08D81282F30E08E81482F50E057
:104A3000C901880F991F880F991F820F931F840F38
:104A4000951F880F991F880F991F8A55944FFC0155
:104A500080819181A281B3819C01AD01BC01CD0116
:104A60000F9414A0882311F081E001C080E0882316
:104A700011F020E001C021E0CE0183599F4FFC01DD
:104A800080812817B1F0CE0183599F4FFC018081AE
:104A9000823089F4CE018F589F4FFC018081918133
:104AA0004E816D810F940312982F81E0892788230E
:104AB00011F081E001C080E0882309F471C18D818B
:104AC0000BDBDC01CB019E01235B3F4FF9018083AF
:104AD0009183A283B3838E81D0DADC01CB019E0166
:104AE000235B3F4FF90184839583A683B783CE016F
:104AF00080599F4FFC018081882349F0CE01835B60
:104B00009F4F61E0ABDA982F81E0892707C0CE0183
:104B1000835B9F4F7DDE982F81E08927882309F0F2
:104B20003EC18091850C9091860CA091870CB0912C
:104B3000880C9E01235B3F4FF90120813181428126
:104B40005381BC01CD010F94109DDC01CB018FA7D7
:104B500098ABA9ABBAAB8091890C90918A0CA091CB
:104B60008B0CB0918C0C9E01235B3F4FF90124818B
:104B7000358146815781BC01CD010F94109DDC0128
:104B8000CB018BAB9CABADABBEAB80918D0C909150
:104B90008E0CA0918F0CB091900C8FAB98AFA9AFF9
:104BA000BAAF8091910C9091920CA091930CB0911E
:104BB000940C8BAF9CAFADAFBEAF9E01215D3F4F5C
:104BC000CE018B5A9F4F48E0F901DC0101900D9214
:104BD0004A95E1F7CE018B5B9F4FFC01808191816B
:104BE000A281B3819E01235B3F4FF9012081318176
:104BF00042815381BC01CD010F94109DDC01CB019A
:104C0000898B9A8BAB8BBC8BCE018B5B9F4FFC014E
:104C100084819581A681B7819E01235B3F4FF90175
:104C20002481358146815781BC01CD010F94109DAF
:104C3000DC01CB018D8B9E8BAF8BB88FCE01835A5D
:104C40009F4F28E0FE017196DC0101900D922A959C
:104C5000E1F7CE01835A9F4F28E0FC01DE019796D1
:104C600001900D922A95E1F78FA198A5A9A5BAA563
:104C70009C01AD01BC01CD010F948E96DC01CB01EE
:104C80006C017D018BA59CA5ADA5BEA59C01AD01C8
:104C9000BC01CD010F948E96DC01CB019C01AD01CE
:104CA000C701B6010F94119DDC01CB01BC01CD0100
:104CB0000F94CB9F6B017C01CE018B5A9F4FFC015F
:104CC00080819181A281B3819C01AD01BC01CD01A4
:104CD0000F948E96DC01CB014C015D01CE018B5A05
:104CE0009F4FFC0184819581A681B7819C01AD0114
:104CF000BC01CD010F948E96DC01CB019C01AD016E
:104D0000C501B4010F94119DDC01CB01BC01CD01A3
:104D10000F94CB9FDC01CB012DEC3CEC4CEC5DE324
:104D2000BC01CD010F948E96DC01CB019C01AD013D
:104D3000C701B6010F94119DDC01CB018B879C87C5
:104D4000AD87BE8729813A814B815C816B857C85EB
:104D50008D859E850F942996882314F58B859C85D7
:104D6000AD85BE8589839A83AB83BC838E819D810B
:104D70009F87888B8F858FAF2889CE01805C9F4F5E
:104D8000FC0120839E01215C3F4F89819A81AB8188
:104D9000BC81F90182839383A483B58301C00000A1
:104DA0008E818F5F8E8332CE8D818F5F8D8329CEF2
:104DB00086E0FE01FF96DE01919601900D928A95A4
:104DC000E1F750E059A140E04AA130E03BA120E0EA
:104DD0002CA190E09DA180E08EA1E4965FAFE497C6
:104DE000E5964FAFE597E6963FAFE697E7962FAF8C
:104DF000E797E8969FAFE897E9968FAFE997E49633
:104E0000AFACE497E596BFACE597E696CFACE697F6
:104E1000E796DFACE797E896EFACE897E996FFAC4A
:104E2000E997EA960FADEA97EB961FADEB972A2D1F
:104E30003B2D4C2D5D2D6E2D7F2D802F912FC65833
:104E4000DF4F0FB6F894DEBF0FBECDBFDF91CF911D
:104E50001F910F91FF90EF90DF90CF90BF90AF9098
:104E60009F908F900895682F880F770B880B990B70
:104E70000D945F70682F70E090E080E00D94F56F06
:104E800090914D079817A1F00E941C9485E89CE032
:104E90000E943E9480914D0791E0892780934D07B1
:104EA000882321F085E89CE00E9419930C94A6A722
:104EB000089580914D078093980B80E0E1CF80E0CA
:104EC000DFDFE6EAFBE02AE03CE080E090E0A0ECF7
:104ED000BFE780839183A283B38384839583A68372
:104EE000B78380879187A287B38784879587A687B2
:104EF000B787808B918BA28BB38B74962E173F074D
:104F000041F70895CF93C0914D0780E0B9DF8FEF4F
:104F100080934E07E6EAFBE084E6DF011D928A9566
:104F2000E9F7CC2319F0CF910C944DA9CF910895B6
:104F30004F925F926F927F928F929F92AF92BF92A9
:104F4000CF92DF92EF92FF92CF936B017C01C42F3F
:104F5000AC019B016091490770914A0780914B0712
:104F600090914C070F942996882309F4A5C0B0901E
:104F70004D0780E085DF20E030E0A901C701B601E0
:104F80000F94389F18161CF0C12CD12C7601C092BA
:104F90004907D0924A07E0924B07F0924C072DEB5D
:104FA00037E346E855EBC701B6010F94389F87FDFC
:104FB0000BC02DEB37E346E855E3C701B6010F946C
:104FC000299618160CF074C0A701960160E070E0F5
:104FD00080E89FE30F94ED9D60932F077093300757
:104FE000809331079093320780EF9FEFA9E7B4ECED
:104FF0008093F60A9093F70AA093F80AB093F90AFF
:10500000BB2009F459C04090850C5090860C6090EC
:10501000870C7090880C8090890C90908A0CA090DE
:105020008B0CB0908C0CC0908D0CD0908E0CE090BE
:105030008F0CF090900C81E023DFCC23E9F12091DC
:10504000850C3091860C4091870C5091880CC301DF
:10505000B2010F94299681111CC02091890C3091C6
:105060008A0C40918B0C50918C0CC501B4010F94AB
:10507000299681110EC020918D0C30918E0C40919B
:105080008F0C5091900CC701B6010F94299688237C
:1050900099F0CF91FF90EF90DF90CF90BF90AF90BD
:1050A0009F908F907F906F905F904F900C944DA940
:1050B00060E070E0CB0190CFCF91FF90EF90DF9058
:1050C000CF90BF90AF909F908F907F906F905F90A8
:1050D0004F900895EF92FF920F931F93CF93DF931A
:1050E00006EA1BE0C5E07801D5E0F7016191719116
:1050F000819191917F019B01AC010F9414A08111CA
:105100000FC0D15091F7C1500C5E1F4FC111EBCFB2
:1051100081E0DF91CF911F910F91FF90EF90089563
:1051200080E0F7CFEFE6F0E0808182608083089531
:1051300080919F0B9091A00B892B79F480919F0B0C
:105140009091A00B892B49F420919F0B3091A00BDB
:1051500081E0232B19F480E0089581E00895BC01DB
:1051600090E080E00D94F56FBC01990F880B990BCE
:105170000D945F70CF92DF92EF92FF926B017C01F2
:1051800083E3C816D104E104F10470F082E3C81A85
:10519000D108E108F10862E370E080E090E00F944C
:1051A0005B790E9497C8ECCFC701B6010F945B7979
:1051B000FF90EF90DF90CF900C9497C8CF93C09161
:1051C000DC0A21E02093DC0AD5DFC093DC0ACF9112
:1051D00008958091630682FB882780F90895F9CFAE
:1051E000CF93DF931F921F92CDB7DEB72091680651
:1051F000211113C0BC014BE250E083E09AE10F940F
:1052000023958AE290E09A838983CE0101960F94D8
:10521000E86B10926606109265060F900F90DF9172
:10522000CF91089560E0DCDF81E00C94E859CF93E2
:10523000DF931F921F92CDB7DEB79A8389830E94B6
:1052400001310F947B15DC01CB0120E030E040EA16
:1052500050E4BC01CD010F94119DDC01CB0120E095
:1052600041E0BC01CD010E9426A48BE092E4DADF8C
:105270000F900F90DF91CF91089590E080E0D7CF0D
:10528000AFCF9091731194FB882780F994FF06C0EB
:1052900081E09091FD1B911101C080E00895F1DF44
:1052A000882339F08091731182FB882780F991E07F
:1052B0008927089580913308811105C08091631179
:1052C000823009F0ECCF81E008959091731192FB48
:1052D000882780F992FF05C097FB882780F991E025
:1052E0008927089580916311813009F0EECF81E024
:1052F000089590915D1280915E12981305C080917F
:105300003308811103C0EECF81E0089580E0089555
:1053100081E008958F929F92AF92BF92CF92DF92D9
:10532000EF92FF92FC01828158E5C52E52E0D52E06
:10533000C81AD10887FDD394CC0CDD1CCC0CDD1C25
:105340000D2C000CEE08FF08818178E8872E912C47
:10535000881A910887FD9394880C991C880C991CD5
:10536000092C000CAA08BB0880818F3FD1F190E086
:10537000FC01EE0FFF1FE80FF91FEF5FFD4E81816B
:10538000928133E0880F991F3A95E1F7B0E0A0E0F1
:1053900044E0B595A795979587954A95D1F70296DC
:1053A0009C012F5F3F4F032E000C440B550B281917
:1053B00039094A095B09A4EBB0E00F94919CA7015D
:1053C0009601281939094A095B090F94759CC9018E
:1053D000FF90EF90DF90CF90BF90AF909F908F9015
:1053E000089590E080E0DCCFDC01EC918E2F90E01E
:1053F000FC01EE0FFF1FE80FF91FEF5FFD4E8081EC
:105400008F77808308958F929F92AF92BF92CF92B1
:10541000DF92EF92FF920F93CF93DF931F92CDB75E
:10542000DEB75C017B0149016B01C40ED51EF5019D
:10543000808191810F942E9C8983002311F0F701C4
:105440008083BE016F5F7F4FC4010F945469F501E3
:1054500080819181019691838083FFEFEF1AFF0A8B
:10546000EC14FD0421F780E00F90DF91CF910F91B4
:10547000FF90EF90DF90CF90BF90AF909F908F9074
:105480000895009719F0019789F0089510929000FF
:1054900082E0809391001092950010929400C19A3E
:1054A0008091710082608093710008951092A00035
:1054B00082E08093A1001092A5001092A40089BB05
:1054C0008093720008957F928F929F92AF92BF92C5
:1054D000CF92DF92EF92FF920F931F93CF93DF93C0
:1054E0006C01EB01FC018081883108F0C4C090E0C0
:1054F000FC01EE0FFF1FE80FF91FEF5FFD4E8081EB
:1055000061E08F770F94AD78F6011182128280816D
:105510002CE0622F0F94B09C829FB001112430E0E8
:1055200020E0AB01420F531FFA01EE0FFF1FE40F03
:10553000F51FEF5FFD4E908197FD07C02F5F3F4F36
:105540002C30310571F790E09CDFF6017080E72C7C
:10555000F12C8701000F111FF801EE0DFF1DEF5F09
:10556000FD4E80818068808377FC85C0C032F2E088
:10557000DF070CF040C0F601828128E532E0281BED
:10558000310987FD3395220F331F220F331F032E5E
:10559000000C440B550B818178E8872E912C881ADA
:1055A000910887FD9394880C991C880C991C092CF0
:1055B000000CAA08BB0860E070E0CB01D7FD0AC070
:1055C000BE01C53BD10514F064EB70E0072E000C62
:1055D000880B990B281939094A095B090F94449CD7
:1055E00024EB30E040E050E00F94759C820E931E57
:1055F000A41EB51EE401F7E1F71558F1F60122816A
:10560000318188E890E0831B910937FD9395880FDD
:10561000991F880F991FC817D90774F088E592E081
:10562000821B910927FD9395880F991F880F991F59
:10563000C817D9070CF4CE012FB7F8940E0D1F1D13
:10564000F801EF5FFD4E0297880F991F92838183C7
:105650002FBF62E370E080E090E0DF91CF911F9177
:105660000F91FF90EF90DF90CF90BF90AF909F9001
:105670008F907F907FCDDF91CF911F910F91FF9001
:10568000EF90DF90CF90BF90AF909F908F907F90E2
:1056900008950F931F93CF93C82F8B018AE492E153
:1056A00039DEC817A9F06C2F70E08AE492E10BDFB5
:1056B000F8016081718182819381683EF3E07F0708
:1056C0008105910520F468EE73E080E090E052DD02
:1056D00089B183FB882780F9CF911F910F9108959D
:1056E000CF93DF9300D01F92CDB7DEB78EEE92E05E
:1056F000A0E0B0E089839A83AB83BC83BE016F5F77
:105700007F4F8AE5C6DF0F900F900F900F90DF91CB
:10571000CF910895CF93DF9300D01F92CDB7DEB71E
:105720008EEE92E0A0E0B0E089839A83AB83BC83E5
:10573000BE016F5F7F4F8AE0ACDF0F900F900F903C
:105740000F90DF91CF910895CF93DF9300D01F92F8
:10575000CDB7DEB788EE93E0A0E0B0E089839A830E
:10576000AB83BC83BE016F5F7F4F8CE392DF0F90F2
:105770000F900F900F90DF91CF910895CF93DF930B
:1057800000D01F92CDB7DEB784EF91E0A0E0B0E08B
:1057900089839A83AB83BC83BE016F5F7F4F80EAAE
:1057A00078DF0F900F900F900F90DF91CF910895B9
:1057B000CF92DF92EF92FF921F93CF93DF9300D0AF
:1057C0001F92CDB7DEB78EEEC82E82E0D82EE12C28
:1057D000F12CC982DA82EB82FC82BE016F5F7F4FBF
:1057E0008AE557DF81110EC010E0812F0F900F90D6
:1057F0000F900F90DF91CF911F91FF90EF90DF906E
:10580000CF900895BBDFC982DA82EB82FC82BE01B1
:105810006F5F7F4F8AE53DDF182F882329F30E94B1
:1058200024AEE3CFCF92DF92EF92FF921F93CF93FC
:10583000DF9300D01F92CDB7DEB78EEEC82E82E088
:10584000D82EE12CF12CC982DA82EB82FC82BE01D7
:105850006F5F7F4F8AE01DDF81110EC010E0812F46
:105860000F900F900F900F90DF91CF911F91FF90AD
:10587000EF90DF90CF90089581DF32DF4BDF30DF94
:10588000C982DA82EB82FC82BE016F5F7F4F8AE0C1
:1058900000DF182F882311F30E9424AEE0CF1F925F
:1058A0000F920FB60F9211240BB60F922F933F93C6
:1058B0004F935F936F937F938F939F93AF93BF9318
:1058C000EF93FF9348EA50E064EA70E081E090E0F3
:1058D0000F948E16FF91EF91BF91AF919F918F9191
:1058E0007F916F915F914F913F912F910F900BBEE0
:1058F0000F900FBE0F901F9018951F920F920FB62A
:105900000F9211240BB60F922F933F934F935F93F7
:105910006F937F938F939F93AF93BF93EF93FF9377
:1059200048E950E064E970E090E080E00F948E1662
:10593000FF91EF91BF91AF919F918F917F916F9167
:105940005F914F913F912F910F900BBE0F900FBE23
:105950000F901F90189591E09093080B9091C000C4
:1059600095FFFCCF8093C6000895F5CFCF93C82F45
:10597000C15018F080E2EFDFFBCFCF910895CF93B5
:10598000DF93D82F87E0F2DFC0E080E2E4DF8C2FE6
:1059900071DA8D2FEBDFCF5FC530B9F76AE070E0C9
:1059A00080E090E0DF91CF9109CC0F931F93CF93CC
:1059B000DF938B01EA01DADF88E2CDDF04361105DF
:1059C0003CF480E2C8DF0A30110514F480E2C3DF42
:1059D000C801CADB8CE2BFDFC436D1053CF480E2EB
:1059E000BADFCA30D10514F480E2B5DFCE01BCDBEA
:1059F00089E2B1DF65E070E080E090E0DF91CF9177
:105A00001F910F91DBCBCF93DF93EC01FE018491CB
:105A10002196882311F09FDFF9CFDF91CF91089570
:105A2000F2CFCF93DF931F921F92CDB7DEB79A8349
:105A3000898388E891E4F4DF20E041E060E070E0F1
:105A400080E291E40E9426A40F900F90DF91CF9105
:105A5000089590E080E0E5CFCF93DF93EB01D3DFB3
:105A6000CE01DF91CF917BCBCF93C62FCCDF8C2F94
:105A7000CF9100CACF93DF93EB01C5DFCE01DF9159
:105A8000CF91C1CFCF938AE19DE3BDDFC0914D0798
:105A90008AE39DE3B8DFC11103C087E39DE3B3DF71
:105AA0008FE29DE3B0DF62E370E080E090E0CF91B1
:105AB00085CBCF92DF92EF92FF926A017B01A3DF49
:105AC00042E0C701B601FF90EF90DF90CF900C94B9
:105AD00081E483E19DE397CF8DE09DE394CFCF9365
:105AE000DF93EB0190DFCE01DF91CF913DCB5F9251
:105AF0006F927F928F929F92AF92BF92CF92DF92DE
:105B0000EF92FF920F931F93CF93DF931F92CDB726
:105B1000DEB77C0139018B015B01A40EB51ED12CCF
:105B2000C12CA016B10609F44DC0F7018080918008
:105B3000F80151908F015982C4010F942E9C581680
:105B4000A1F1652DC4010F94369CFFEFCF1ADF0A37
:105B5000C6018F779927892B11F162E070E080E010
:105B600090E00F945B79C4010F942E9C9981891762
:105B7000E1F0B2DF81E69AE346DF81E00F90DF914A
:105B8000CF911F910F91FF90EF90DF90CF90BF903A
:105B9000AF909F908F907F906F905F90089562E09C
:105BA00070E080E090E0E6DADECFBE016F5F7F4F0D
:105BB000C3010F945469F70180819181019691830B
:105BC0008083AFCF80E0DACF8AE0C5CECF92DF927C
:105BD000EF92FF926A017B0116DF42E0C701B60136
:105BE0000E9481E4FF90EF90DF90CF90EDCF2F9255
:105BF0003F924F925F926F927F928F929F92AF925D
:105C0000BF92CF92DF92EF92FF920F931F93CF93A9
:105C1000DF93CDB7DEB769970FB6F894DEBF0FBE3E
:105C2000CDBF698B4D8B722E0A8BCE8ADF8AE88EB0
:105C3000F98E14018501DC0114962D913D914D9151
:105C40005C9117972D873E874F87588B8D909D903D
:105C5000AD90BC90C0908D0CD0908E0CE0908F0CCD
:105C6000F090900C9601A701B101C8010F942996FC
:105C700087FD02C06101780189829A82AB82BC8271
:105C80002D853E854F8558892D833E834F835887C8
:105C9000C601D70189879A87AB87BC87672DCE015C
:105CA00001960F942E20882309F456C1772001F124
:105CB000E0905912F0905A12D7012D913D914D91DB
:105CC0005C91C501B4010F94109D69837A838B8325
:105CD0009C83F70124813581468157816D857E85BE
:105CE0008F8598890F94109D6D837E838F8398870D
:105CF00040E050E065E073E4CE0101960F94E623A6
:105D00004B993CDD80E00F9424208111F9C0C090B4
:105D10005512D0905612E0905712F0905812809180
:105D2000140B90E09C0135952795359527953C8B74
:105D30002B8B20E030E0A901C701B6010F94299612
:105D400087FF77C0C701B601905820E030E040E7F8
:105D500051E40F94119D2B013C0120918D0C309149
:105D60008E0C40918F0C5091900C0F94299687FFC8
:105D700013C058DD811110C020E030E040E850E44D
:105D8000C301B2010E94A8A7811106C020E041E032
:105D9000B101C8010E9426A445DD782E8111E3C01F
:105DA000A70196016E897F89888D998D0F94109D2A
:105DB0002B013C018B899C89809590958170992756
:105DC0002AE0289FB001299F700D1124072E000C96
:105DD000880B990B0F942F969B01AC01C301B20164
:105DE0000F94109D20E030E040E050E40E94A8A70E
:105DF000782E3A893323B1F0A701960160E070E074
:105E000080E490E40F94109D9B01AC0160918D0C97
:105E100070918E0C80918F0C9091900C0F94389F04
:105E2000181614F0772049F060E070E080EC9FE7EE
:105E30000CC060E070E0CB0188CF60918D0C709158
:105E40008E0C80918F0C9091900C20915512309176
:105E5000561240915712509158120F94119D6B0198
:105E60007C01AC019B010F9414A081114FC04989A2
:105E7000413060F0433008F43EC0433039F48FA520
:105E8000882391F1B101C8010E9491A45D8953302A
:105E900008F447C020910F07309110074091110777
:105EA00050911207C501B4010F94119DAB01BC01C3
:105EB00084E99DE3FEDD20911307309114074091A2
:105EC0001507509116076D857E858F8598890F94EB
:105ED000119DAB01BC018FE89DE3EBDDB701A6018D
:105EE0008AE89DE373DE1DC020E041E0B101C801F6
:105EF0000E9426A4CBCF80E00F941A20882331F291
:105F0000C12CD12C90ECE92E9FE7F92E80E00F9464
:105F10001A2060E08CEA9DE363D9DBDD8CE99DE328
:105F200072DDC701B60169960FB6F894DEBF0FBEE9
:105F3000CDBFDF91CF911F910F91FF90EF90DF9038
:105F4000CF90BF90AF909F908F907F906F905F9019
:105F50004F903F902F900895C12CD12C80ECE82ECB
:105F60008FE7F82EDECF8A89811146CF5DCFCF93A0
:105F7000DF9300D01F921F92CDB7DEB729833A83FB
:105F80004B835C836D833FDD69817A818B819C814A
:105F90004D810E9481E40F900F900F900F900F9011
:105FA000DF91CF9111CE2F923F924F925F926F92DD
:105FB0007F928F929F92AF92BF92CF92DF92EF9299
:105FC000FF920F931F93CF93DF93CDB7DEB7619707
:105FD0000FB6F894DEBF0FBECDBF282E4E875F8769
:105FE000688B798B26EA3BE039872887590115E0D1
:105FF000312CC12CD12C7601450105E0F4014190F2
:106000005190619071904F01A3019201C301B201BF
:106010000F9414A0811109C0A3019201C701B60118
:106020000F94119D6B017C013394015039F711508D
:10603000F4E1AF0EB11C1111DFCF232D30E03B870F
:106040002A87B901330F880B990B0F942F969B0168
:10605000AC01C701B6010F94ED9D162F872E982E27
:10606000B92E86EA9BE09F838E8395E0A92EC12CF2
:10607000D12C7601EE81FF81FD87EC8705E0EC8570
:10608000FD854190519061907190FD87EC87A3014F
:106090009201C301B2010F9414A0811114C0212FE9
:1060A000382D492D5B2DC301B2010F94109D9B012A
:1060B000AC010F948E969B01AC01C701B6010F9401
:1060C000119D6B017C010150D1F6AA942E813F8174
:1060D0002C5E3F4F3F832E83A110CCCF87E291E40B
:1060E00092DC832D0F943A276FDD212F812F982D7D
:1060F000A92DBB2D89839A83AB83BC833A814B81C5
:106100005C8166E084E191E432DF6A857B856F5FC4
:106110007F4F072E000C880B990B0F942F969B0135
:10612000AC01C701B6010F94ED9D0F94CB9F262FB4
:10613000462F572FBC0149835A836B837C833A8156
:106140004B815C8166E08FEF90E411DF2220C1F18A
:1061500005E0E884F98485E0A82EF701419051908C
:10616000619071907F01A3019201C301B2010F946C
:1061700014A0811119C06701F4E0CF1AD1082E854F
:106180003F8548895989612F782D892D9B2D0F9442
:10619000119D9B01AC01C301B2010F94109DF6014A
:1061A0006083718382839383AA94A110D6CF015018
:1061B000288539852C5E3F4F398728870111C9CF43
:1061C00061960FB6F894DEBF0FBECDBFDF91CF91C1
:1061D0001F910F91FF90EF90DF90CF90BF90AF9005
:1061E0009F908F907F906F905F904F903F902F90F7
:1061F00008952F923F924F925F926F927F928F926B
:106200009F92AF92BF92CF92DF92EF92FF920F9345
:106210001F93CF93DF93CDB7DEB7C05AD1090FB626
:10622000F894DEBF0FBECDBF0F9459271091F50A29
:106230009E012F5F3F4F190188E3D9011D928A9576
:10624000E9F711113EC30F9453144B015C0120E098
:1062500030E040E85FE30F94299687FF06C0812C69
:10626000912C40E8A42E4FE3B42E0F9402146B013E
:106270007C0120E030E040E85FE30F94299687FF3F
:1062800006C0C12CD12C30E8E32E3FE3F32E89AEBB
:106290009AAEABAEBCAE2196CCAEDDAEEEAEFFAEEE
:1062A00021970F942A144B015C0120E030E04AE66C
:1062B00053E40F94389F181634F4812C912C2AE65D
:1062C000A22E23E4B22E0F9402146B017C0120E075
:1062D00030E040E85FE30F94299687FF06C0C12CA9
:1062E000D12C90E8E92E9FE3F92E25968CAE9DAE39
:1062F000AEAEBFAE25972996CCAEDDAEEEAEFFAE0C
:1063000029970F9453146B017C0120E030E040E8A2
:106310005FE30F94299687FF06C0C12CD12C80E83B
:10632000E82E8FE3F82E0F942A144B015C0120E035
:1063300030E04AE653E40F94389F181634F4812C69
:10634000912C0AE6A02E03E4B02EA5019401C7010A
:10635000B6010F94119D20E030E040E05FE30F9420
:106360008E964B015C010F94D9136B017C0120E0E8
:1063700030E04AE653E40F94389F181634F4C12CE9
:10638000D12C1AE6E12E13E4F12E2D968CAE9DAEA3
:10639000AEAEBFAE2D976196CCAEDDAEEEAEFFAE2B
:1063A00061972E01B9E34B0E511C66246394712C46
:1063B000B30181EB90E493DB8CEA90E424DB7F92E1
:1063C0006F92E6E9F0E4FF93EF9384EA90E49F9301
:1063D0008F931F920E9473574091E00A0FB6F89472
:1063E000DEBF0FBECDBFF3E062E06F1263E01F922D
:1063F000812C912CF0EAAF2EF0E4BF2EC12CD12CD1
:10640000E12CA0ECFA2E01E021E0C201F0DB6B01EF
:106410007C010F90AC019B010F9414A081114FC21D
:10642000C2010F9489229B01AC01C701B6010F94F0
:10643000109D6B017C018091E00A843038F080E18E
:1064400095DAB701A60189E890E4C0DBD201149681
:106450000D911D912D913C9117974D915D916D91ED
:106460007C91C1010F94E912BFEF6B1A7B0AE8E03F
:106470004E0E511CF4E06F16710409F099CF10E034
:1064800080E00F941A208EE590E41111F8C380E0AB
:106490000F941A201111F1C3CE0101960E9494B2FB
:1064A000892B09F0EAC38DA59EA5AFA5B8A949A57A
:1064B0005AA56BA57CA5CF57DF4F488359836A83C4
:1064C0007B83C158D040CB57DF4F88839983AA8301
:1064D000BB83C558D04080E090E0A0E8BFE3C75739
:1064E000DF4F88839983AA83BB83C958D040CE01EC
:1064F0008F579F4F0E94DDAC8091E00A833088F176
:10650000C757DF4FC880D980EA80FB80C958D04088
:10651000CB57DF4F88809980AA80BB80C558D04078
:10652000CF57DF4F488059806A807B80C158D04068
:1065300081E090E468DA47E0C301B2010E9481E49F
:106540008CE209DA47E0C501B4010E9481E48CE2E3
:1065500002DA47E0C701B6010E9481E48DE5FBD96C
:1065600033DB8DA59EA5AFA5B8A9C9A4DAA4EBA479
:10657000FCA4E996CCAEDDAEEEAEFFAEE997ED96AB
:106580008CAF9DAFAEAFBFAFED97812C912C80E863
:10659000A82E8FE3B82EC358DF4F88829982AA8233
:1065A000BB82CD57D040CE018B589F4F0E94DDACAF
:1065B000AD968CAE9DAEAEAEBFAEAD97E1961CAEC5
:1065C0001DAE1EAE1FAEE197F7FAF094F7F8F09407
:1065D000E596CCAEDDAEEEAEFFAEE597CE018759C7
:1065E0009F4F0E94DDACE9968CAD9DADAEADBFADC9
:1065F000E997C357DF4F88839983AA83BB83CD581C
:10660000D040E1968CAD9DADAEADBFADE197CF561C
:10661000DF4F88839983AA83BB83C159D040ED960D
:106620004CAC5DAC6EAC7FACED97AD968CAD9DADDA
:10663000AEADBFADAD97CB56DF4F88839983AA83AC
:10664000BB83C559D040C358DF4F88809980AA804A
:10665000BB80CD57D040E596CCACDDACEEACFFAC0A
:10666000E597A7019601C301B2010F948E96C75614
:10667000DF4F688379838A839B83C959D040A50102
:106680009401CF56DF4F688179818A819B81C159FE
:10669000D0400F948E969B01AC01C756DF4F6881A6
:1066A00079818A819B81C959D0400F94109DA19610
:1066B0006CAF7DAF8EAF9FAFA197A5019401CB5674
:1066C000DF4F688179818A819B81C559D0400F94C1
:1066D0008E964B015C01A7019601C357DF4F68817D
:1066E00079818A819B81CD58D0400F948E969B01F1
:1066F000AC01C501B4010F94109DA5966CAF7DAFA0
:106700008EAF9FAFA597CF56DF4F288139814A8141
:106710005B81C159D040C357DF4F688179818A813D
:106720009B81CD58D0400F948E966B017C01CB5647
:10673000DF4F288139814A815B81C559D040C3012F
:10674000B2010F948E969B01AC01C701B6010F9464
:10675000109DA9966CAF7DAF8EAF9FAFA997CE016C
:10676000835A9F4F0E94DDAC8CE0FE01E759FF4F3A
:10677000DE01D99601900D928A95E1F78CE0FE0139
:10678000E35AFF4FDE01AB5BBF4F01900D928A953C
:10679000E1F78CE0FE01EB58FF4FDE01AF5ABF4F2F
:1067A00001900D928A95E1F706EA1BE0CF56DF4F84
:1067B0001882C159D0401801C357DF4F1882CD58F5
:1067C000D040CF56DF4F8881C159D0400F946C2004
:1067D0004B015C01C357DF4F8881CD58D0400F94E7
:1067E0003D202B013C01D101CD90DD90ED90FD903D
:1067F0001D01FD013497CB56DF4FF983E883C5595E
:10680000D04025962CAD3DAD4EAD5FAD2597C50171
:10681000B4010F948E964B015C0161962CAD3DAD99
:106820004EAD5FAD6197C301B2010F948E969B018F
:10683000AC01C501B4010F94119D4B015C016D9633
:106840002CAD3DAD4EAD5FAD6D97C701B6010F9458
:106850008E969B01AC01C501B4010F94119D29A92D
:106860003AA94BA95CA90F94109DCB56DF4FA88184
:10687000B981C559D0406D937D938D939C931397A7
:10688000C357DF4FB881CD58D040BF5FC357DF4FEC
:10689000B883CD58D040B53009F093CFCF56DF4FF5
:1068A000E881C159D040EF5FCF56DF4FE883C1592F
:1068B000D0400C5E1F4FE53009F07DCFE2C111E002
:1068C000DFCD0F9453146B017C0120E030E040E8F1
:1068D0005FE30F94299687FD9CC120E030E0A90179
:1068E000C701B6010F94299687FD9AC1C701B60169
:1068F0000F94559E072E000C880B990B0F942F9622
:10690000CF56DF4F688379838A839B83C159D040F8
:106910000F942A146B017C0120E030E04AE653E436
:106920000F94389F18160CF47FC120E030E045E743
:1069300053E4C701B6010F94389F18160CF47BC1BD
:10694000C701B6010F94559E072E000C880B990BBA
:106950000F942F962B013C010F9402146B017C01C4
:1069600020E030E040E85FE30F94299687FD6AC19C
:1069700020E030E0A901C701B6010F94299687FDF8
:1069800068C1C701B6010F94559E072E000C880BF5
:10699000990B0F942F96CB56DF4F688379838A83A8
:1069A0009B83C559D0400F94D9136B017C0120E023
:1069B00030E04AE653E40F94389F18160CF44DC1AA
:1069C00020E030E045E753E4C701B6010F94389F5B
:1069D00018160CF449C1212F2150330BB901072E91
:1069E000000C880B990B0F942F964B015C01CF562E
:1069F000DF4F288139814A815B81C159D040C30171
:106A0000B2010F94109DA50194010F94ED9DC756FE
:106A1000DF4F688379838A839B83C959D040C7013C
:106A2000B6010F94559E072E000C880B990B0F94FE
:106A30002F96CB56DF4F288139814A815B81C5591A
:106A4000D0400F94109DA50194010F94ED9DC35665
:106A5000DF4F688379838A839B83CD59D040119F10
:106A600020011124212C312C31E0C357DF4F388312
:106A7000CD58D04010E08091F50A381608F0FBC0E0
:106A8000632D70E090E080E00F942F96C756DF4FA3
:106A9000288139814A815B81C959D0400F948E96F3
:106AA000CF56DF4F288139814A815B81C159D0405F
:106AB0000F94119D69AF7AAF8BAF9CAFC357DF4F77
:106AC0006880CD58D040712E662DC357DF4F888126
:106AD000CD58D040681B8091F50A681708F0EFC0C8
:106AE00070E0222031F08150990BDC01A61BB70B1E
:106AF000BD01072E000C880B990B0F942F969B015C
:106B0000AC01C356DF4F688179818A819B81CD5961
:106B1000D0400F948E96CB56DF4F288139814A8121
:106B20005B81C559D0400F94119D21966CAF7DAF0C
:106B30008EAF9FAF2197B3018AE490E40F942C2D80
:106B4000B20188E490E40F942C2D85E490E40F9436
:106B5000032D5F924F927F926F92E6E9F0E4FF93EC
:106B6000EF938CE390E49F938F931F920E9473574F
:106B70004091E00A809187090FB6F894DEBF0FBEFE
:106B8000CDBF61E084FF63E01F92812C912C90EADD
:106B9000A92E90E4B92EC12CD12CE12C20ECF22EA0
:106BA00001E021E0CE01C99622D86B017C010F9053
:106BB000AC019B010F9414A081118BC0CE01C9962A
:106BC0000F9489229B01AC01C701B6010F94109D5F
:106BD0006B017C018091E00A843048F080E10F94E1
:106BE000B62CB701A6018FE290E40F94E62D219612
:106BF0000CAD1DAD2EAD3FAD219749AD5AAD6BAD7E
:106C00007CADCE0101960F94E912FFEF6F1A7F0A57
:106C10005BCFC12CD12CE0E8EE2EEFE3FE2E66CE4A
:106C2000C12CD12C760162CEC12CD12C7AE6E72E74
:106C300073E4F72E85CEC12CD12C65E7E62E63E4F4
:106C4000F62E7ECEC12CD12C50E8E52E5FE3F52E3A
:106C500098CEC12CD12C760194CEC12CD12C4AE6F1
:106C6000E42E43E4F42EB7CEC12CD12C35E7E32E2D
:106C700033E4F32EB0CE10E00ACC86E190E40F941A
:106C8000032D0F94E3720E944DA9C056DF4F0FB63B
:106C9000F894DEBF0FBECDBFDF91CF911F910F9152
:106CA000FF90EF90DF90CF90BF90AF909F908F902C
:106CB0007F906F905F904F903F902F900895F1E0FC
:106CC0002F263394C357DF4F6882CD58D040172DFD
:106CD000D2CE11E0DCCBCF93DF93EB010F94032DE9
:106CE000CE010F94032DDF91CF910D94E42D1F93CE
:106CF000CF93DF93CDB7DEB766970FB6F894DEBFBC
:106D00000FBECDBF198289ED93E40F941229109222
:106D1000E70A1092E80A1092E90A1092EA0A109221
:106D2000DF0A82E50F94B61F882301F18091600984
:106D30009091610921E0892B09F420E0222319F0C8
:106D40000F945C1F01C089E18093DF0A69E170E064
:106D50008FED9AE00F940F128091DF0A882331F4AF
:106D600085EB93E40F94102D81E01DC260E086E571
:106D70000F9410208093E00A8091E00A853030F073
:106D80008FE893E40F94102D81E0898380E50F94C0
:106D9000B61F882381F00F946F1F8A838A818093A6
:106DA000E10A8091E10A873030F08FE693E40F9496
:106DB000102D81E089838AE40F94B61F8823C1F0E7
:106DC0000F946F1F8093F50A8091F50A882381F054
:106DD0008091F50A823020F08091F50A8A3040F0E7
:106DE0002FE433E485E493E4B90175DF81E089831E
:106DF00088E50F9404208093F30A8091F30A882396
:106E000029F00F94831FDC01CB0116C08091850C03
:106E10009091860CA091870CB091880C20914D1216
:106E200030914E1240914F1250915012BC01CD0141
:106E30000F94109DDC01CB018B879C87AD87BE87AB
:106E400089E50F9404208093F40A8091F40A882342
:106E500029F00F94831FDC01CB0116C08091890CAF
:106E600090918A0CA0918B0CB0918C0C20915112B6
:106E7000309152124091531250915412BC01CD01E5
:106E80000F94109DDC01CB018F87988BA98BBA8B57
:106E90009091F30A8091F40A981731F08BE193E412
:106EA0000F94102D81E089838B859C85AD85BE85EF
:106EB00011E020E030E0A901BC01CD010F94389F22
:106EC00088230CF410E081E081278823A1F48B85CE
:106ED0009C85AD85BE8511E020E030E04BE653E4B3
:106EE000BC01CD010F94299618160CF410E081E036
:106EF00081278823B1F080914D1290914E12A0917C
:106F00004F12B09150129C01AD0160E070E08AEE2A
:106F100092E40F94109DDC01CB018B879C87AD8799
:106F2000BE878F859889A989BA8911E020E030E071
:106F3000A901BC01CD010F94389F88230CF410E007
:106F400081E081278823A1F48F859889A989BA894E
:106F500011E020E030E04BE653E4BC01CD010F949A
:106F6000299618160CF410E081E081278823B1F0EF
:106F70008091511290915212A0915312B0915412DB
:106F80009C01AD0160E070E08AEE92E40F94109DE8
:106F9000DC01CB018F87988BA98BBA8B89818823E1
:106FA00011F081E000C18F859889A989BA892B8564
:106FB0003C854D855E852B833C834D835E838F832B
:106FC0009887A987BA878B819C81AD81BE81809388
:106FD000EB0A9093EC0AA093ED0AB093EE0A8F812E
:106FE0009885A985BA858093EF0A9093F00AA093BB
:106FF000F10AB093F20A8091870990918809A091D3
:107000008909B0918A0921E430E02154310904C092
:10701000B695A795979587952A95D2F78170992768
:10702000AA27BB2721E0892B8A2B8B2B09F420E090
:10703000222359F18091870990918809A0918909AB
:10704000B0918A0924E430E02154310904C0B69596
:10705000A795979587952A95D2F781709927AA27A2
:10706000BB2721E0892B8A2B8B2B09F420E02223DC
:1070700031F088EE92E40F94102D81E094C081E00D
:107080000F9440270F94422D24C08091870990913E
:107090008809A0918909B0918A0924E430E021543B
:1070A000310904C0B695A795979587952A95D2F78B
:1070B00081709927AA27BB2721E0892B8A2B8B2B4C
:1070C00009F420E0222329F080E00F9440270F9458
:1070D000422D83E40F94B61F8093DD0A8091DD0A70
:1070E000882361F00F94831FDC01CB018093E70AB2
:1070F0009093E80AA093E90AB093EA0A86E40F9411
:107100000420882309F43EC00F94831FDC01CB01C7
:107110008B8B9C8BAD8BBE8B8B899C89AD89BE89FB
:1071200011E020E030E0A901BC01CD010F94389FAF
:1071300088230CF410E081E081278823A1F48B8957
:107140009C89AD89BE8911E020E030E048EC52E432
:10715000BC01CD010F94299618160CF410E081E0C3
:107160008127882331F08FEA92E40F94102D81E07B
:107170001AC08B899C89AD89BE8941E0BC01CD01D3
:107180000F94982760E084E50F9410208093E20A22
:107190008091E20A833030F08BE992E40F94102D55
:1071A00081E001C080E066960FB6F894DEBF0FBEA6
:1071B000CDBFDF91CF911F9108958F929F92AF9293
:1071C000BF92CF92DF92EF92FF920F931F93CF93D4
:1071D000DF938091600990916109CDE9DFEF892B00
:1071E00019F00F94801FEC01C330D10598F069EDC0
:1071F00070E485EF90E46FDD80E0DF91CF911F9127
:107200000F91FF90EF90DF90CF90BF90AF909F9045
:107210008F90089580EC90E40F94032DC130D10538
:1072200009F45CC0229709F49BC056EAE52E5BE0A6
:10723000F52ED0E0C0E0BE010D2E000C880B990B9E
:107240000F942F969B01AC0160E070E080E290E427
:107250000F94109D9B01AC010F948E964B015C0125
:10726000670110E000E0B801012E000C880B990BBB
:107270000F942F969B01AC0160E070E080E290E4F7
:107280000F94109D9B01AC010F948E96A501940163
:107290000F94119D0F94CB9F9B01AC010F94119DF6
:1072A0009B01AC01F60160817181828193810F9411
:1072B000119DF60161937193819391936F010F5F1B
:1072C0001F4F0530110579F62196F4E1EF0EF11C00
:1072D000C530D10509F0AFCF81E08FCF06EA1BE0C2
:1072E000F12CE12C45E0D42EDE2DCFEFD43009F087
:1072F000C1E027EE3BEF4FE151E4F801608171817D
:10730000828193810F94119DF80160837183828340
:107310009383CD0FDE9CC001DF9C900D1124C80F1C
:10732000D92FD11DCC0FDD1FCC0FDD1FCA55D44F77
:1073300027EE3BEF4FE151E4688179818A819B819F
:107340000F94119D688379838A839B83FFEFEF1AE3
:10735000FF0A085E1F4F85E0E816F10429F6BCCF4E
:107360008091870990918809A0918909B0918A0933
:1073700022E0B695A795979587952A95D1F780FF36
:1073800059C0C090E70AD090E80AE090E90AF0906E
:10739000EA0AA70196016091BE0B7091BF0B809124
:1073A000C00B9091C10B0F94119D6093BE0B709315
:1073B000BF0B8093C00B9093C10BA7019601609106
:1073C000C20B7091C30B8091C40B9091C50B0F94AD
:1073D000119D6093C20B7093C30B8093C40B909369
:1073E000C50BA70196016091D20B7091D30B8091D0
:1073F000D40B9091D50B0F94119D6093D20B709389
:10740000D30B8093D40B9093D50BA7019601609179
:10741000D60B7091D70B8091D80B9091D90B0F940C
:10742000119D6093D60B7093D70B8093D80B9093DC
:10743000D90B52CF8AE0C82E87EDD82E8FE1E82EE7
:1074400081E4F82EA6CFCF93DF9300D01F92CDB763
:10745000DEB78C017B01D42E0E94268C011511050C
:1074600009F486C00F946C2DC8010F94032D0F945E
:10747000E42DE114F10421F497EDE92E9CE2F92EBC
:107480000E949BDCFF92EF921F930F938DED9CE384
:107490009F938F9381E08F930E9473570E940131D5
:1074A0008FEF89831A821B828FE78C8360E0CE0185
:1074B00001960F94D7171091431A169516958EE3DF
:1074C0009AE10E9469DC012F000FF02EF10E0FB639
:1074D000F894DEBF0FBECDBF83E00E94F9D91092B1
:1074E000791A10937A1A83E09AE10E9419DE4EEC21
:1074F0005CE3602F80E00E9462DC41EC5CE36F2D76
:1075000080E00E9462DC82E49AE10F94DE7C8111CB
:10751000E3CF0F94692D8DEE9CE30F94032D89EE3C
:1075200093E0019739F000C00000EEE5F9E03197F3
:10753000F0F7F7CFF89489EE93E0019739F000C0A7
:107540000000E6EEF3E03197F0F7F7CF0E94268CCB
:10755000DD2031F00E94198E909905C0A895FCCFCE
:107560000E94DE8DF9CF909B02C0A895FCCFFFCF83
:10757000E114F10421F487EDE82E8CE2F82E04EEFC
:107580001CE37ECF8091950C9091960C2FEF3FEFEE
:10759000981751F0E92FF0E0EB56F34F228130E0DD
:1075A0009F5F9F779093960CC90108951F920F9249
:1075B0000FB60F9211240F900FBE0F901F901895C9
:1075C0001F920F920FB60F9211240BB60F922F93AA
:1075D0008F939F93EF93FF939091C6002091960C09
:1075E000E091950C81E08E0F8F77281729F0F0E05D
:1075F000EB56F34F9283E82FE093950CFF91EF91B8
:107600009F918F912F910F900BBE0F900FBE0F90F7
:107610001F9018958EBD0DB407FEFDCF08958FEF16
:107620008EBD0DB407FEFDCF8EB508959091640018
:107630009B7F90936400982F906A96959CBD80FDE7
:1076400003C091E0863009F490E09DBD08952F922B
:107650003F924F925F926F927F928F929F92AF92E2
:10766000BF92CF92DF92EF92FF920F931F93CF932F
:10767000DF9300D01F92CDB7DEB7B82E8091820D78
:10768000843008F016C231E6D32E8091820D84300A
:1076900008F037C18091950C9091960C891B8F77DB
:1076A00009F42FC16FDF97FF0BC00F94692D87EA94
:1076B0009BE30F94032D8091950C8093960CE5CF5E
:1076C0008A3019F08D3009F013C110927D0D809130
:1076D0001B0D90911C0DFC01E95EF24F1682892B67
:1076E00019F40E9497C8D1CF10921C0D10921B0D57
:1076F0000DE11DE0F8018191803209F449C08E341A
:1077000009F0B2C062EA7BE3C8010F9458957C018E
:10771000892B41F06EE470E0C80104960F944DA1EE
:10772000009709F4C8014AE050E070E060E001967B
:107730000F94C8922B013C018091170D9091180D68
:10774000A091190DB0911A0DAC01BD014F5F5F4FB3
:107750006F4F7F4F4416550666067706D9F0EF281F
:10776000C9F4AC01BD0141505109610971094416C8
:1077700055066606770634F084159505A605B70507
:107780000CF083CF60E08FE69BE30F94BA707DCF5F
:107790008F01B0CF6AE270E0C8010F946DA19C0127
:1077A000009709F1982F901BF12C992339F09150F3
:1077B000F801E90FF11D8081F826F7CF4AE050E08B
:1077C00070E060E0C90101960F94C8922F2D30E05F
:1077D00050E040E0621773078407950741F060E0CE
:1077E00080E59BE3D2CF60E086E29BE3CECF409280
:1077F000170D5092180D6092190D70921A0D80910C
:10780000670B8130E1F467E470E0C8010F944DA18B
:107810000097A9F04AE050E070E060E001960F9414
:10782000C892643071058105910548F485E89AE3B2
:107830000F94032D60E08BE79AE30F94F028F80192
:1078400080818D3481F58381823309F445C088338A
:1078500001F1803341F58181843329F582818133BF
:1078600011F50E942CA91FC08091731180FFC7CF12
:1078700061E477E4C8010F945895009731F0FC015A
:10788000838180538A3008F0BACF60E08CEF9AE3AE
:107890007CCF8281803339F48181813321F410924D
:1078A000230B1092670680911D0D8B3309F4EDCEEA
:1078B0008091820D843008F0E8CE8091840D8D9DFA
:1078C000C00111246DE17DE08B57924F0F9458A1B8
:1078D00080E00F947970D9CE8281813321F7818144
:1078E000813309F741E070E060E081E397E2ABDDCE
:1078F0002BE13DE04DE15DE06DE77DE00E9418E0A9
:10790000C4CE0F946529882309F4D3C080917311E4
:1079100083FDCFC01A82198281E6F82E94E0E92E09
:1079200029E6D22E8091820D843008F0C2C00E94D8
:1079300050E08111BEC01B8241E050E0BE016D5F8E
:107940007F4F8AEF9BE10E943A860B8110E00197FE
:1079500011F00FEF1FEF8091021C9091031CA0917A
:10796000041CB091051C80936F1190937011A0932B
:107970007111B09372110E9450E00F3F100749F44B
:10798000811107C00F94692D8FEB9BE30F94032D9A
:10799000C9CF4091840D242F30E00A3061F00D30C2
:1079A00051F0882309F477C089819A81009719F0F2
:1079B00001969A8389831092C40A89819A81F29EE2
:1079C000F001F39EF00D1124EE57F24FDF01A80FE6
:1079D000B91F13961C92892B61F50E9497C80E94CB
:1079E00050E0882309F49ECF8AEF9BE10E94E18753
:1079F00080916A11882309F444C0815080936A11F0
:107A00008D9DC001112462E0885C974F0E9416BCD6
:107A1000E0916A1124E0E29FF0011124EC5CF74F41
:107A200060817181828193810E940AE00E94498075
:107A300079CF1A82198283818D3479F484818233DB
:107A400061F48581853349F4868180538A3028F03A
:107A5000809173118B7F8093731181E00F94797003
:107A600080916F1190917011A0917111B09172116C
:107A700080937E0D90937F0DA093800DB093810D28
:107A8000AECF0E94E9878091731188608093731153
:107A9000E092670B47CF4F9DA00111244B57524FE7
:107AA0009E012F5F3F4F64EC7AE0802F0E9418E028
:107AB00039CF0F948E796B017C01B11005C0809194
:107AC0003308882309F442C0C0929B0BD0929C0BD0
:107AD000E0929D0BF0929E0B81E0409167095091DE
:107AE00068096091690970916A094115510561053C
:107AF000710571F100919B0B10919C0B20919D0BD6
:107B000030919E0B46015701801A910AA20AB30ACE
:107B1000950184010417150726073707C8F00F944D
:107B2000692D0091A40B1091A50B85E49CE30F94A3
:107B3000032DB8018AE19CE30E947CF50F94E42DAB
:107B400040E070E060E090E080E0D1CE80E0C5CF22
:107B500020915D1290915E12291741F0C0929B0B0B
:107B6000D0929C0BE0929D0BF0929E0B40914402B0
:107B7000509145026091460270914702452B462B79
:107B8000472B21F02917E9F01092D70A8091D50AE6
:107B90009091D60A90994EC001969093D60A809300
:107BA000D50A8091D50A9091D60A8A3F91050CF4A6
:107BB00047C00F94692D67EF7BE387E09CE38BD888
:107BC000BFCF8111E1CF0F948E7900919B0B109163
:107BD0009C0B20919D0B30919E0B601B710B820BB7
:107BE000930B00914402109145022091460230917E
:107BF0004702601771078207930730F28091D70A16
:107C00008111C4CF81E08093D70A80E00E94ED8D7E
:107C100081E00E94ED8D82E00E94ED8D0E94DE8D5C
:107C200080910707882309F4B1CF109207071092BB
:107C30000807ACCF181619060CF0B3CF0197ADCFDB
:107C40000F948E794B015C0180916706811125C0EC
:107C500090915D1280915E1298131FC000913407BD
:107C60001091350701151105C1F06091360770912B
:107C70003707072E000C880B990B0F942F969B014A
:107C8000AC016091D9117091DA118091DB11909162
:107C9000DC110F94389F87FFD8C21092C90A109246
:107CA000CA0A1092CB0A1092CC0A4090910C5090C4
:107CB000920C6090930C7090940C2091C50A3091B6
:107CC000C60A4091C70A5091C80AC301B2010F9475
:107CD0002996882349F18091C90A9091CA0AA091F6
:107CE000CB0AB091CC0A4092C50A5092C60A609263
:107CF000C70A7092C80A892B8A2B8B2B09F45DC0A6
:107D0000A0913407B091350728EE33E00F940A9D17
:107D1000680D791D8A1D9B1D6093C90A7093CA0A5C
:107D20008093CB0A9093CC0A8091C90A9091CA0A99
:107D3000A091CB0AB091CC0A0097A105B105E9F159
:107D400088199909AA09BB09181619061A061B06EB
:107D5000A4F11092C90A1092CA0A1092CB0A10928A
:107D6000CC0A82EE9BE30F94032D60E08EEC9BE344
:107D70000F94F02880913807909139072091DD11F8
:107D80003091DE118217930714F40E943A2B8091F0
:107D90003A0790913B072091B5113091B6118217A7
:107DA00093075CF48C38910514F08CE890E0909384
:107DB000B6118093B5110F94F1158091D10A90916D
:107DC000D20AA091D30AB091D40A8C199D09AE09A8
:107DD000BF09181619061A061B060CF41FC190914C
:107DE0005D1280915E1220915602981709F489C0A5
:107DF000E0915E1287E7E89FF0011124E352FD4E07
:107E00008081281741F0809356020F948E798091DB
:107E100056028093220880912C08882309F4F1C02F
:107E2000A0902408B0902508C50102972091DD118B
:107E30003091DE11281739070CF4E3C090905E12E0
:107E4000612C712C812C1C8280915D12891509F4A2
:107E50005BC0892D90E027E7289FF001299FF00D56
:107E60001124E158FD4E458D568D678D70A1452B2F
:107E7000462B472B81F441A152A163A174A1452B4C
:107E8000462B472B41F445A156A167A170A5452B70
:107E9000462B472B89F1E7E7E89F8001E99F100D0A
:107EA000112401581D4EF80161A572A583A594A562
:107EB0000F942D961B012C01F80165A576A587A5C9
:107EC00090A90F942D969B01AC01C201B1010F94B2
:107ED000ED9DF80121813281438154810F948E966A
:107EE0002B018C019301482D5C810F94389F18164B
:107EF0001CF43201802E1C83892D0E9442D9982EB9
:107F0000A3CF8091290C7DCFB301882D9C810F9444
:107F1000559E072E000C880B990B0F942F962091DD
:107F200028083091290840912A0850912B080F9475
:107F30008E962B013C01B501BB0C880B990B0F945D
:107F40002F969B01AC01C301B2010F94119D3B011F
:107F50004C016091260870912708072E000C880BB1
:107F6000990B0F942F965B018C019B01AC01B3011F
:107F7000C4010F94389F181614F0530184014090E7
:107F8000CD0A5090CE0A6090CF0A7090D00A950129
:107F9000A801C301B2010F94389F1816D4F420E051
:107FA00037ED43EA5CE3B501C8010F948E964B01AF
:107FB0005C0128E431EE4AE75FE3C301B2010F94AC
:107FC0008E969B01AC01C501B4010F94119D5B011C
:107FD0008C01C501D8018093CD0A9093CE0AA0935D
:107FE000CF0AB093D00AB501C8010F94559E6430F2
:107FF000F1E07F0714F064E071E07093DE116093AC
:10800000DD1124E6C20ED11CE11CF11CC092D10A84
:10801000D092D20AE092D30AF092D40A0E9497C872
:108020008091670B882309F4E5C080910901809550
:10803000817010915702181709F464C0012F1F3F77
:1080400009F400E080935702882309F41DC164EF0E
:1080500071E080E090E00F94BA280E94F887809148
:10806000731184FD2AC0101329C0002309F44AC0EB
:1080700017FF48C08091731184FF19C00E94968B2E
:10808000882379F081E00E94ACBD44EB50E064E5C8
:1080900077E08BE99AE10E943A868BE99AE10E94A7
:1080A000E1870E94F2F2811127C00E94C3F281E0B1
:1080B000809369110F94FB7E25C001E017FD08C075
:1080C00010170CF0E7C060E089EA9CE30F94F028F9
:1080D0000E942DDA83E080936A020F948E796C59A6
:1080E0007F4F8F4F9F4F60935F0670936006809322
:1080F000610690936206B9CF8AEB9CE39093250BBF
:108100008093240B0F948E796B017C018091DC0AA3
:10811000811121C0809143028823E9F080916C098C
:108120008823C9F04091D80A5091D90A6091DA0A9F
:108130007091DB0A4C195D096E097F09141615064A
:1081400016061706DCF0833009F47AC00CF069C01B
:1081500081300CF06EC02091430230E0A8EEB3E015
:108160000F94A19CC60ED71EE81EF91EC092D80A15
:10817000D092D90AE092DA0AF092DB0A0E9451B456
:108180000E94115A8091DC0A811134C080916609E5
:10819000882381F10F948E796B017C0180916209B3
:1081A00090916309A0916409B09165098C199D09AA
:1081B000AE09BF09181619061A061B06DCF0209135
:1081C000660930E0A8EEB3E00F94A19CC60ED71E5E
:1081D000E81EF91EC0926209D0926309E092640918
:1081E000F09265098091230B811104C00E94C3BEE7
:1081F0000F94E42D0F900F900F900F90DF91CF917F
:108200001F910F91FF90EF90DF90CF90BF90AF90B4
:108210009F908F907F906F905F904F903F902F90A6
:108220000895843009F097CF0F946C2D88E59CE376
:1082300004C00F946C2D87E89CE30F94032D8BCF23
:108240000F946C2D80E79CE3F8CF8091C90A909140
:10825000CA0AA091CB0AB091CC0A892B8A2B8B2B0E
:1082600009F023CD28EE33E0D8010F940A9D680D64
:10827000791D8A1D9B1D6093C90A7093CA0A809359
:10828000CB0A9093CC0A11CD112309F43BCF00E027
:1082900017FD1ECF60E089E99CE30F94F0280E944F
:1082A000013116CFCF93DF93C82FD62F80913C0C8E
:1082B00083FD0EC08091DD119091DE110F948D171A
:1082C000882331F080914E0290914F020E943A2B08
:1082D00040E06D2F8AE00E940033CC2331F061E052
:1082E00080E0DF91CF910C948EBF80916B0991E07B
:1082F00089278093230B8091230B882379F00E9498
:1083000077D92091DD113091DE11821B930B97FFFD
:1083100003C0919581959109029744F41092230B23
:1083200080913C0C83FF05C081E012C080E08FD9B2
:10833000E2CF8091DD119091DE110F948D1788238B
:1083400099F30F946C2D8DE394E40F94032D80E04A
:10835000DF91CF9108952F923F924F925F926F924B
:108360007F928F929F92AF92BF92CF92DF92EF92C5
:10837000FF920F931F93CF93DF93CDB7DEB7CC5906
:10838000D1090FB6F894DEBF0FBECDBF6B017C01E3
:108390009E01275C3F4F25963FAF2EAF25978AE081
:1083A000D9011D928A95E9F78FEF93E40F94032D7D
:1083B00020E030E049E652E4C701B6010F948E9602
:1083C000C756DF4F688379838A839B83C959D0401E
:1083D00099E3892E912C8C0E9D1EBAE08B0E911C78
:1083E000FE01F9962B96FFAFEEAF2B9726EAA22E51
:1083F0002BE0B22ECC24C394D12C750110E000E008
:10840000D7016D917D918D919D917D019B01AC0175
:108410000F9414A0811111C02B96EEADFFAD2B97D8
:10842000808191819601002E02C0220F331F0A9491
:10843000E2F7822B932B918380830F5F1F4F0530D0
:108440001105F1F6F4E1AF0EB11C2B962EAD3FAD48
:108450002B972E5F3F4F2B963FAF2EAF2B972815B4
:10846000390559F686EA9BE06B969FAF8EAF6B9706
:10847000A9E2B4E4A396BFAFAEAFA397FE013196D5
:108480002796FFAFEEAF2797A396EEADFFADA3976C
:1084900085919591A591B491C957DF4F88839983B0
:1084A000AA83BB83C758D0406B96AEADBFAD6B9768
:1084B0002996BFAFAEAF299705E114E4F8014590C6
:1084C0005590659074902996EEADFFAD2997619116
:1084D0007191819191912996FFAFEEAF29979B0100
:1084E000AC010F9414A081113BC00C5F1F4FB4E48A
:1084F00009321B0719F7A396EEADFFADA39734968B
:10850000A396FFAFEEAFA3976B962EAD3FAD6B97E3
:108510002C5E3F4F6B963FAF2EAF6B972A503C407F
:1085200009F0B2CF83EE93E40F94032DC456DF4FCE
:108530000FB6F894DEBF0FBECDBFDF91CF911F9174
:108540000F91FF90EF90DF90CF90BF90AF909F90F2
:108550008F907F906F905F904F903F902F900895F5
:108560002796AEADBFAD2797E8E31D92EA95E9F7F0
:1085700026EA3BE0C157DF4F39832883CF58D040EC
:10858000CE01C996C357DF4F99838883CD58D04019
:10859000A9E2B4E4C557DF4FB983A883CB58D040D4
:1085A000CD57DF4F188219821A821B82C358D040E0
:1085B000C158DF4F188219821A821B82CF57D040D0
:1085C000EF961CAE1DAE1EAE1FAEEF97EB961CAE27
:1085D0001DAE1EAE1FAEEB97A7961CAE1DAE1EAE17
:1085E0001FAEA797E3961CAE1DAE1EAE1FAEE3975F
:1085F000AB961CAE1DAE1EAE1FAEAB97AF961CAEBB
:108600001DAE1EAE1FAEAF97E7961CAE1DAE1EAEE2
:108610001FAEE797CF56DF4F1882C159D040CE56D4
:10862000DF4F1882C259D040CD56DF4F1882C35950
:10863000D040CC56DF4F1882C459D040CB56DF4FC4
:108640001882C559D040CA56DF4F1882C659D0404B
:10865000C956DF4F1882C759D040C856DF4F18821D
:10866000C859D040C557DF4FE881F981CB58D04079
:1086700085919591A591B491A1968CAF9DAFAEAF28
:10868000BFAFA197C357DF4FA881B981CD58D04064
:10869000ED91FD91C357DF4FB983A883CD58D040EA
:1086A0006D96FFAFEEAF6D97C157DF4F28813981CF
:1086B000CF58D0402D963FAF2EAF2D97312C212C87
:1086C00081E090E0022C02C0880F991F0A94E2F723
:1086D0006D96AEADBFAD6D978A239B23892B09F0B4
:1086E0000BC1BFEF2B1A3B0A2D96EEADFFAD2D97B8
:1086F00034962D96FFAFEEAF2D97F5E02F1631048F
:10870000F9F6C557DF4F28813981CB58D0402C5F0F
:108710003F4FC557DF4F39832883CB58D040C157CF
:10872000DF4F88819981CF58D0404496C157DF4FA1
:1087300099838883CF58D040C357DF4FA881B98130
:10874000CD58D0402B96EEADFFAD2B97AE17BF079F
:1087500009F088CFCB56DF4F8881C559D040CA5623
:10876000DF4F9881C659D040C956DF4FA881C759FD
:10877000D040C856DF4FB881C859D0408DA39EA3C2
:10878000AFA3B8A7CF56DF4F8881C159D040CE568E
:10879000DF4F9881C259D040CD56DF4FA881C359D1
:1087A000D040CC56DF4FB881C459D04089A39AA39A
:1087B000ABA3BCA3E7968CAD9DADAEADBFADE797C7
:1087C00089839A83AB83BC83AF968CAD9DADAEADF0
:1087D000BFADAF978D839E83AF83B887AB968CADCB
:1087E0009DADAEADBFADAB9789879A87AB87BC8790
:1087F000E3968CAD9DADAEADBFADE3978D879E8703
:10880000AF87B88BA7968CAD9DADAEADBFADA7972A
:10881000898B9A8BAB8BBC8BEB968CAD9DADAEAD43
:10882000BFADEB978D8B9E8BAF8BB88FEF968CADDA
:108830009DADAEADBFADEF97898F9A8FAB8FBC8FDB
:10884000C158DF4F88819981AA81BB81CF57D04021
:108850008D8F9E8FAF8FB8A3CD57DF4F88819981C1
:10886000AA81BB81C358D0408DAB9EABAFABB8AF34
:10887000CE0101960E9494B2892B09F016C2299666
:10888000AEACBFAC299794E0A91AB108C9A8DAA880
:10889000EBA8FCA8F7FAF094F7F8F09429A53AA50C
:1088A0004BA55CA5C957DF4F688179818A819B817F
:1088B000C758D0400F948E969B01AC01C701B601FA
:1088C0000F94109D6B017C012DA53EA54FA558A9C5
:1088D000C301B2010F948E969B01AC01C701B60192
:1088E0000F94109DD5016D937D938D939C93139759
:1088F00080E00F94273BF9CDF101EE0FFF1FEE0F43
:10890000FF1FEB5EFB4B85919591A591B49161960C
:108910008CAF9DAFAEAFBFAF61972D96AEADBFAD83
:108920002D978D919D910D90BC91A02D69968CAF46
:108930009DAFAEAFBFAF6997C957DF4F288139816F
:108940004A815B81C758D040A1966CAD7DAD8EAD9C
:108950009FADA1970F94109D4B015C01A301920163
:1089600061966CAD7DAD8EAD9FAD61970F94109DFE
:108970006B017C01A5019401C501B4010F948E9691
:108980004B015C01A7019601C701B6010F948E96B9
:108990009B01AC01C501B4010F94119D0F94CB9FB5
:1089A0009B01AC01C756DF4F688179818A819B8129
:1089B000C959D0400F94ED9D20E030E040E85FE3DE
:1089C0000F94119D65966CAF7DAF8EAF9FAF65978D
:1089D000A1962CAD3DAD4EAD5FADA1970F948E9697
:1089E0006B017C0161962CAD3DAD4EAD5FAD6197E5
:1089F00065966CAD7DAD8EAD9FAD65970F948E96EF
:108A00004B015C01A7019601E7966CAD7DAD8EAD83
:108A10009FADE7970F94119DE7966CAF7DAF8EAF3A
:108A20009FAFE797A5019401AF966CAD7DAD8EAD7C
:108A30009FADAF970F94119DAF966CAF7DAF8EAF8A
:108A40009FAFAF9765962CAD3DAD4EAD5FAD6597D1
:108A500069966CAD7DAD8EAD9FAD69970F948E9686
:108A60009B01AC01AB966CAD7DAD8EAD9FADAB9770
:108A70000F94119DAB966CAF7DAF8EAF9FAFAB9750
:108A8000A7019601A1966CAD7DAD8EAD9FADA1976E
:108A90000F948E969B01AC01E3966CAD7DAD8EADCF
:108AA0009FADE3970F94119DE3966CAF7DAF8EAFB2
:108AB0009FAFE397A501940161966CAD7DAD8EAD3E
:108AC0009FAD61970F948E969B01AC01A7966CADFC
:108AD0007DAD8EAD9FADA7970F94119DA7966CAFFE
:108AE0007DAF8EAF9FAFA797A701960161966CAD42
:108AF0007DAD8EAD9FAD61970F948E969B01AC01BD
:108B0000EB966CAD7DAD8EAD9FADEB970F94119D47
:108B1000EB966CAF7DAF8EAF9FAFEB97A701960141
:108B200069966CAD7DAD8EAD9FAD69970F948E96B5
:108B30009B01AC01EF966CAD7DAD8EAD9FADEF9717
:108B40000F94119DEF966CAF7DAF8EAF9FAFEF97F7
:108B5000A501940169966CAD7DAD8EAD9FAD699711
:108B60000F948E969B01AC01C158DF4F68817981CB
:108B70008A819B81CF57D0400F94119DC158DF4F00
:108B8000688379838A839B83CF57D04065962CADC9
:108B90003DAD4EAD5FAD6597CD57DF4F68817981B3
:108BA0008A819B81C358D0400F94119DCD57DF4FD0
:108BB000688379838A839B83C358D04020E030E068
:108BC000A901C701B6010F94389F87FF04C0F7FAC7
:108BD000F094F7F8F094CF56DF4F2881C159D04078
:108BE000CE56DF4F3881C259D040CD56DF4F488135
:108BF000C359D040CC56DF4F5881C459D040C7012B
:108C0000B6010F94389F1816A4F4CF56DF4FC882D0
:108C1000C159D040CE56DF4FD882C259D040CD5630
:108C2000DF4FE882C359D040CC56DF4FF882C45999
:108C3000D04020E030E0A901C501B4010F94389F75
:108C400087FF04C0B7FAB094B7F8B094A5019401B7
:108C5000CB56DF4F6881C559D040CA56DF4F788167
:108C6000C659D040C956DF4F8881C759D040C85631
:108C7000DF4F9881C859D0400F94299687FF31CD96
:108C8000CB56DF4F8882C559D040CA56DF4F9882F5
:108C9000C659D040C956DF4FA882C759D040C856E0
:108CA000DF4FB882C859D0401CCD8BEE93E43CCC4A
:108CB000CF92DF92EF92FF926B017C010E9431D93B
:108CC0000F94E928811134C00F94273B0F948E79BB
:108CD00060939B0B70939C0B80939D0B90939E0BCA
:108CE00080916C0690916D06892B51F360916C0612
:108CF00070916D06072E000C880B990B0F942F9620
:108D0000A70196010F948E9620918D0C30918E0CB8
:108D100040918F0C5091900C0F94119D20E030E009
:108D2000A9010E9419A410926D0610926C06C8CF7A
:108D3000FF90EF90DF90CF900895CF92DF92EF9267
:108D4000FF920F931F93CF938C010F94E9288823F0
:108D5000B9F180E00E94E8590F948E796B017C0193
:108D60002CEDC20E25E0D21EE11CF11C0F94E92867
:108D7000C82F882329F180E00F94273B0F948E7928
:108D8000A7019601261B370B480B590BDA01C901C5
:108D9000181619061A061B064CF381E00E94E859C2
:108DA0000115110511F0F80119950E9431D98C2F88
:108DB000CF911F910F91FF90EF90DF90CF9008958A
:108DC0006FE070E080E090E00F94DE28C0E0EFCF2D
:108DD000CF92DF92EF92FF920F931F93CF93DF9387
:108DE00000D000D0CDB7DEB78091600990916109C5
:108DF000892BA9F10F945C1F182F01E0893108F429
:108E000000E0193178F5C12CD12C90ECE92E9FE7C8
:108E1000F92E115038F1812F8F708F3019F480E0C6
:108E20000F94273B30E020E040E06BEE7AE081E0F9
:108E30000F944F2427FD1AC045E02403F0011124AC
:108E4000E30FF11D37FDFA95EE0FFF1FEE0FFF1F29
:108E5000EA55F44FC082D182E282F382DACF00E099
:108E600011E0D1CF8BEE9FE3002321F00F945F2719
:108E700085EF9FE30F94032D8BED9FE326960FB6AE
:108E8000F894DEBF0FBECDBFDF91CF911F910F9140
:108E9000FF90EF90DF90CF900D94032D81E00D9423
:108EA000273B0F931F93CF93DF93CDB7DEB7E897A0
:108EB0000FB6F894DEBF0FBECDBF88AF81E00F9430
:108EC00093158B8388E08C8386E18D8388AD882F12
:108ED00090E08370992721E0892B09F020E02E8310
:108EE00081E098AD913009F080E08F8381E098AD0A
:108EF000923009F080E0888788AD882F90E08470F8
:108F0000992721E0892B09F420E0298783E79DE355
:108F10000F94102D8E81882309F43EC08FE69DE3C7
:108F20000F94102D80E090E0AAE6B3E4BC01CD01DF
:108F30000F94559EDC01CB018C0180E090E0A0E80D
:108F4000BFE3BC01CD010F94559EDC01CB01A8010C
:108F5000BC0184E00F94D52C80E090E0AAE6B3E455
:108F6000BC01CD010F94559EDC01CB018C0180E04A
:108F700090E0AAE6B3E4BC01CD010F94559EDC015C
:108F8000CB01A801BC0186E10F94D52C0F94E42DF0
:108F900086E00F94BF2C0EC08F81882319F089E6DC
:108FA0009DE302C083E69DE32DE53DE3BC01C901DD
:108FB0000F943A2D8091591290915A1225E83CE075
:108FC00048E0F901DE015E9601900D924A95E1F7C5
:108FD0009B878A878E8D9F8DA8A1B9A12A853B8505
:108FE000F9012081318142815381BC01CD010F946F
:108FF000119DDC01CB01898B9A8BAB8BBC8B8AA139
:109000009BA1ACA1BDA12A853B85F90124813581B5
:1090100046815781BC01CD010F94119DDC01CB012C
:109020008D8B9E8BAF8BB88F88E0FE017196DE0131
:10903000D09601900D928A95E1F788E0FE01F096B6
:10904000DE01969601900D928A95E1F7CE01869603
:109050000F9499159FA78EA7988581E0892788236B
:1090600011F00F94E42D84E08983898188230CF426
:10907000DDC08E81882369F089818A301CF480E20A
:109080000F94B52C89810F9433278AE59DE30F94C3
:10909000102D1A828A81853008F0AEC08A81282F6F
:1090A00030E08EA5082E000C990B2817390731F4F3
:1090B0008FA59981981711F481E001C080E08C8719
:1090C0008E81882341F08C85882311F08BE501C0C7
:1090D00080E20F94B52C8A81282F30E08981482FB7
:1090E000880F550BC901880F991F880F991F820F90
:1090F000931F840F951F880F991F880F991F8A55FA
:10910000944FFC0180819181A281B3818D879E87DC
:10911000AF87B88B8885882309F053C02D853E859D
:109120004F8558896D857E858F8598890F9414A009
:10913000882311F081E001C080E0882359F08E81FE
:10914000882319F083E59DE302C08FE49DE30F942B
:10915000102D37C08E81882319F48F81882389F1DF
:109160008E818823D9F020E030E0A9016D857E85CD
:109170008F8598890F94389F882384F020E030E011
:10918000A9016D857E858F8598890F94389F181663
:1091900014F48BE201C080E20F94B52C8D859E857E
:1091A000AF85B889FE01799623E0AC01BD01CF01FE
:1091B0000F94DC15498D5A8D6B8D7C8D8D8D0F94A0
:1091C00027168F81882331F08A81843018F489E052
:1091D0000F94B52C8E81882341F08C85882311F063
:1091E0008DE501C080E20F94B52C0F94E31556DE97
:1091F0008A818F5F8A834ECF988581E08927882373
:1092000011F00F94E42D8981882361F08E818823E9
:1092100049F0998581E08927882321F089E49DE33D
:109220000F94102D8981815089831FCF8E818823CF
:10923000E9F186E00F94BF2C0F94E42D80E090E0DC
:10924000A0E8BFE3BC01CD010F94559EDC01CB012A
:109250008C0180E090E0A0E8BFE3BC01CD010F9459
:10926000559EDC01CB01A801BC0184E00F94D52CF4
:1092700080E090E0A0E8BFE3BC01CD010F94559ED3
:10928000DC01CB018C0180E090E0AAE6B3E4BC01F4
:10929000CD010F94559EDC01CB01A801BC0186E1F4
:1092A0000F94D52C0F94E42D0F94E42D8B810F9403
:1092B0009315E8960FB6F894DEBF0FBECDBFDF91D1
:1092C000CF911F910F910895AF92BF92CF92DF92ED
:1092D000EF92FF920F931F93CF93DF93CDB7DEB73B
:1092E000A8970FB6F894DEBF0FBECDBF9FA38EA385
:1092F00068A78091870990918809A0918909B09108
:109300008A0922E530E02154310904C0B695A795B9
:10931000979587952A95D2F79C01AD012170332747
:109320004427552791E0232B242B252B09F490E08B
:1093300081E08927882319F081E08093DF0A88E49F
:109340000F940420882329F00F94B51FDC01CB0172
:1093500004C08DEC9CECACE4BEE388879987AA87B7
:10936000BB8788859985AA85BB8511E020E030E020
:10937000A901BC01CD010F94389F88230CF410E0A3
:1093800081E081278823A1F488859985AA85BB85FA
:1093900011E020E030E040E251E4BC01CD010F9447
:1093A000299618160CF410E081E08127882329F013
:1093B00087E792E40F94102DE6C18EA19FA10F9430
:1093C0000824982F81E08927882329F086E592E4F4
:1093D0000F94102DD8C10F94592760E085E492E4D2
:1093E0000F94402981E08093990B0F947B15DC0149
:1093F000CB0120E030E040EA50E4BC01CD010F9405
:10940000119DDC01CB01AC01BD018EA19FA100E04B
:1094100010E098010E9462A525E0CE014296FC0171
:10942000322F11923A95E9F7CE010C969E838D83E7
:109430009E012E5E3F4F8EA19FA140E0BC0182E0C5
:109440000F944F24A22EB32EC42ED52EE62EF72E27
:10945000082F192F2A2D3B2D4C2D5D2D6E2D7F2D84
:10946000802F912F2C873D874E875F87688B798B64
:109470008D819E81FC01808188230CF44CC12D815B
:109480003E81CE014296B9010F9417128D819E81C3
:10949000FC0180810F946C20DC01CB018F8B988FB5
:1094A000A98FBA8F8D819E81FC0181810F943D200F
:1094B000DC01CB018B8F9C8FAD8FBE8F0F947B1502
:1094C000DC01CB0120E030E040EA50E4BC01CD01FA
:1094D0000F94119DDC01CB018F8F98A3A9A3BAA390
:1094E000CE0147960F940824982F81E0892788237E
:1094F00009F011C1CE01479640E050E0BA010F9447
:10950000E62388859985AA85BB8520E030E0A901FE
:10951000BC01CD010E9419A4CE01839643E06CE604
:1095200079E00F94331288A5882319F08091E20A1C
:10953000B8DC83E080936A028D819E81FC0180818A
:10954000282F880F330B8D819E81FC018181482F4C
:10955000880F550BC901880F991F880F991F820F1B
:10956000931F840F951F880F991F880F991F8A5585
:10957000944FFC0180819181A281B38189839A8378
:10958000AB83BC8389819A81AB81BC819C01AD0195
:10959000BC01CD010F9414A0882311F081E001C01B
:1095A00080E0882321F019821A821B821C8220E02D
:1095B00030E04AE754E469817A818B819C810F9481
:1095C0008E96DC01CB01BC01CD010F94869EDC019F
:1095D000CB012FE632E143E85AE3BC01CD010F9401
:1095E0008E96DC01CB0189839A83AB83BC8389810E
:1095F0009A81AB81BC81BC01CD010E94233281E004
:109600000F9490154BDC0E94092BDC01CB01898360
:109610009A83AB83BC8388859985AA85BB8529817C
:109620003A814B815C81BC01CD010F94119DDC011D
:10963000CB0120E030E0A901BC01CD010E9419A4BA
:109640000F94EC150F94EF28982F81E08927882339
:10965000C9F680E00F9490159091070781E0892763
:10966000882311F00E9401310F94FD1166DB8823DD
:1096700019F000E010E032C08D819E81FC018081F4
:10968000282F880F330B8D819E81FC018181482F0B
:10969000880F550BC901880F991F880F991F820FDA
:1096A000931F840F951F880F991F880F991F9C0186
:1096B0002A55344F89819A81AB81BC81F90180831D
:1096C0009183A283B38364E170E080E090E00F9423
:1096D000DE2883E080936A0201E010E0CE018396E9
:1096E0000F942B1201301105B1F48D819E81FC0184
:1096F000808188235CF08091DF0A81508093DF0AAB
:109700008091DF0A882311F081E001C080E0882386
:1097100009F08ECE01C0000088A5882319F0809141
:10972000E20ABFDB0F94E3720F947B15DC01CB01DF
:1097300020E030E040EA50E4BC01CD010F94119DDF
:10974000DC01CB01AC01BD018EA19FA100E010E0C6
:1097500098010E9462A560E083E392E40F9440299F
:1097600080E292E40F94102D80910707882349F03E
:1097700020E040E060E070E085E69BE20E94B530CA
:1097800002C00E940131A8960FB6F894DEBF0FBE4A
:10979000CDBFDF91CF911F910F91FF90EF90DF90A0
:1097A000CF90BF90AF900895AF92BF92CF92DF92CB
:1097B000EF92FF920F931F93CF93DF93CDB7DEB756
:1097C000AC970FB6F894DEBF0FBECDBF9BA38AA3A4
:1097D0004CA35DA36EA37FA308A719A72AA73BA745
:1097E000ECA681E08093990B0F9459278CA19DA141
:1097F000AEA1BFA100E010E09801AC01BD0185E879
:109800009CE00F94C5230E940131CE010D969A83EE
:1098100089838AA19BA120E030E040E0BC0180E088
:109820000F944F24A22EB32EC42ED52EE62EF72E43
:10983000082F192F2A2D3B2D4C2D5D2D6E2D7F2DA0
:10984000802F912F2D873E874F87588B698B7A8B7E
:10985000CE010D960F947F15982F81E089278823DC
:1098600009F012C189819A81FC0180810F946C20DA
:10987000DC01CB018B8B9C8BAD8BBE8B89819A815C
:10988000FC0181810F943D20DC01CB018F8B988FEF
:10989000A98FBA8F8CA19DA1AEA1BFA18B8F9C8FE8
:1098A000AD8FBE8FCE0143960F940824982F81E090
:1098B0008927882309F0F1C060E08CEF91E40F94D0
:1098C0004029CE01439640E050E0BA010F94E623D0
:1098D0008CA19DA1AEA1BFA120E041E0BC01CD01C2
:1098E0000E9426A4CE014F9643E06CE679E00F94E7
:1098F000331281E08093990B8CA5882319F0809115
:10990000E20ACFDA8091870990918809A0918909AC
:10991000B0918A0922E430E02154310904C0B6959F
:10992000A795979587952A95D2F781709927AA27A9
:10993000BB2721E0892B8A2B8B2B09F420E02223E3
:1099400051F087EE91E40F94102D60E082ED91E4E8
:109950000F94402909C08AEC91E40F94102D60E027
:1099600082EC91E40F9440298AE097EDA3E2BCE3F6
:109970008B839C83AD83BE836AE077ED83E29CE3B7
:1099800097D90F940012D9D9882329F00F94E37244
:1099900000E010E071C080918D0C90918E0CA09130
:1099A0008F0CB091900C29813A81F9012081022F0E
:1099B000220F110B29813A81F9012181E22E220F18
:1099C000FF0828A539A54AA55BA5BC01CD010F94C8
:1099D000109DDC01CB019C01AD01C801880F991FCE
:1099E000880F991F800F911F8E0D9F1D880F991F43
:1099F000880F991F8A55944FFC012083318342833D
:109A000053838091E00A833098F189819A81FC0127
:109A10008081282F880F330B89819A81FC018181F5
:109A2000482F880F550BC901880F991F880F991F60
:109A3000820F931F840F951F880F991F880F991FFE
:109A40008A55944FFC0180819181A281B381FE01EE
:109A5000379626E0AC01BD01CF010F94DC1589EAF1
:109A600091E42F81388549855A856B850F94B72FEE
:109A70000F94EC1501E010E0CE014F960F942B12DD
:109A800001301105F1F401C00000CE010D960F94D4
:109A90007F15882309F0BDCE01C000008CA5882366
:109AA00019F08091E20AFDD90F94E3728AA19BA17B
:109AB00000E010E0980140E050E060E271E40E94B4
:109AC00062A5AC960FB6F894DEBF0FBECDBFDF9196
:109AD000CF911F910F91FF90EF90DF90CF90BF90AB
:109AE000AF9008954F925F926F927F928F929F9264
:109AF000AF92BF92CF92DF92EF92FF920F931F939C
:109B0000CF93DF93CDB7DEB76B970FB6F894DEBF78
:109B10000FBECDBF988F8F8B698F4A8F2B8F80E0C0
:109B20000F94242081E08093990B0F94592789E1A9
:109B30008983898D882319F08091E20AB2D99AE14C
:109B40008981292F281B822F8C8384E791E46C81E3
:109B50000F94342D82E791E469E170E00F946F2D4A
:109B60008FE691E40F94102D86E691E409E110E070
:109B70002C8148E551E4BC0180E00F9440160F941D
:109B8000EF288823A1F080E00E94E85986E391E461
:109B90000F94102D0E9431D981E00E94E859109253
:109BA000990B80E00F941A200F94E37219C28B8DE9
:109BB0008823C9F00F949B20A22EB32EC42ED52E3D
:109BC000E62EF72E082F192F2A2D3B2D4C2D5D2D1B
:109BD0006E2D7F2D802F912F298B3A8B4B8B5C8B99
:109BE0006D8B7E8B1FC08F89988D20E030E041E027
:109BF000BC0180E00F944F24A22EB32EC42ED52E8C
:109C0000E62EF72E082F192F2A2D3B2D4C2D5D2DDA
:109C10006E2D7F2D802F912F298B3A8B4B8B5C8B58
:109C20006D8B7E8B898988230CF487C00F947B15FC
:109C3000DC01CB0120E030E040EA50E4BC01CD0182
:109C40000F94119DDC01CB013C014D014090E00AD5
:109C50008A8D882319F05524539404C00F2EF3E005
:109C60005F2EF02DCE0141960F945922A22EB32ED5
:109C7000C42ED52EE62EF72E082F192F2A2D3B2D78
:109C80004C2D5D2D6E2D7F2D802F912F29873A87AA
:109C90004B875C876D877E878F87988BCE0109966F
:109CA0001F92540143010F2EC12CD12CE12CF0EC5A
:109CB000FF2EF02D01E021E0442D652D0F94F72DAE
:109CC0000F90DC01CB018D839E83AF83B8872D81FC
:109CD0003E814F8158856D817E818F8198850F945B
:109CE00014A0882311F081E001C080E0882329F0CE
:109CF0008FEF9FEFAFE7BFE704C08D819E81AF81FB
:109D0000B8852989422F220F550B2A89622F220FED
:109D1000770B9A01220F331F220F331F240F351F99
:109D2000260F371F220F331F220F331F2A55344FA0
:109D3000F90180839183A283B3830F94EC15898901
:109D4000882344F08981815089838981882311F097
:109D500081E001C080E0882309F0EBCE1A828A817D
:109D6000853008F050C01B828B81853008F047C0D9
:109D70008A81282F30E08B81482F50E0C901880F5D
:109D8000991F880F991F820F931F840F951F880FAB
:109D9000991F880F991F8A55944FFC0180819181EA
:109DA000A281B3812FEF3FEF4FE75FE7BC01CD0109
:109DB0000F9429968823F9F48A81282F30E08B812B
:109DC000482F50E0C901880F991F880F991F820FF3
:109DD000931F840F951F880F991F880F991F9C014F
:109DE0002A55344F80E090E0A0ECBFE7F901808372
:109DF0009183A283B3838B818F5F8B83B5CF8A815D
:109E00008F5F8A83ACCF1092990B80E00F941A2059
:109E100081E08093990B8F89988DFC0184819581D5
:109E2000A681B7812091591230915A12F9012481EB
:109E3000358146815781BC01CD010F94109DDC0115
:109E4000CB017C018D0180E090E0A0E8BFE39C01A4
:109E5000AD01C801B7010F94299688234CF40F2E49
:109E6000A12CB12CF0E8CF2EFFE3DF2EF02D45C062
:109E70008F89988DFC0184819581A681B78120917D
:109E8000591230915A12F901248135814681578146
:109E9000BC01CD010F94109DDC01CB017C018D0133
:109EA00080E090E0AAE6B3E49C01AD01C801B701EF
:109EB0000F94389F18164CF40F2EA12CB12CFAE6F3
:109EC000CF2EF3E4DF2EF02D18C08F89988DFC0182
:109ED00084819581A681B7812091591230915A12BF
:109EE000F9012481358146815781BC01CD010F9450
:109EF000109DDC01CB015C016D018F89988DFC0107
:109F000080819181A281B3812091591230915A129E
:109F1000F9012081318142815381BC01CD010F942F
:109F2000109DDC01CB017C018D0180E090E0A0E878
:109F3000BFE39C01AD01C801B7010F9429968823A6
:109F40002CF480E090E0A0E8BFE33FC08F89988DBB
:109F5000FC0180819181A281B381209159123091BD
:109F60005A12F9012081318142815381BC01CD0116
:109F70000F94109DDC01CB017C018D0180E090E00D
:109F8000AAE6B3E49C01AD01C801B7010F94389F64
:109F900018162CF480E090E0AAE6B3E416C08F898E
:109FA000988DFC0180819181A281B3812091591209
:109FB00030915A12F9012081318142815381BC01D3
:109FC000CD010F94109DDC01CB01E12CF12C870118
:109FD000A6019501BC01CD010E948BA50F94E372EF
:109FE0006B960FB6F894DEBF0FBECDBFDF91CF9159
:109FF0001F910F91FF90EF90DF90CF90BF90AF90A7
:10A000009F908F907F906F905F904F9008952F92C8
:10A010003F924F925F926F927F928F929F92AF92F8
:10A02000BF92CF92DF92EF92FF920F931F93CF9345
:10A03000DF93CDB7DEB72C970FB6F894DEBF0FBE17
:10A04000CDBF8091E10A823050F480914E078F3F5E
:10A0500031F410924E0783EB9FE30F94032DE091B0
:10A06000E10AE73008F050C3F0E08827E55CFF4ADA
:10A070008E4F0D94F09CE100DF00DB00ED002B0122
:10A080001301FB000F94822785EA9FE30F94032DB1
:10A09000FF24F39493C18091870990918809A0913E
:10A0A0008909B0918A09F2E0B695A79597958795A9
:10A0B000FA95D1F780FD06C00F945F2784E89FE3EF
:10A0C0000F94032D8091E00A823038F1C090EF0A9E
:10A0D000D090F00AE090F10AF090F20A8090EB0A3A
:10A0E0009090EC0AA090ED0AB090EE0A83E79FE30F
:10A0F0000F94032D42E0C501B4010E9481E48CE27B
:10A100000F94AB2C42E0C701B6010E9481E48FE6B8
:10A110009FE30F94032D0F94E42D80918709909174
:10A120008809A0918909B0918A09A4FB222720F906
:10A13000AC01BD01E4E07695679557954795EA95A2
:10A14000D1F74170A3FB662760F98BEE9AE0CADC79
:10A150000E944DA99DCF89E49FE30F94032D20E039
:10A1600041E060E070E080EA90E40E9426A48091E3
:10A17000870990918809A0918909B0918A0962E0C4
:10A18000B695A795979587956A95D1F780FF41C0B9
:10A190008091F30A81113DC08091F40A811139C088
:10A1A0000091591210915A1220E030E0A901F801F3
:10A1B00064817581868197810F942996C12CD12C59
:10A1C000760187FF06C0C12CD12C5BE6E52E53E457
:10A1D000F52E20E030E0A901F801608171818281D3
:10A1E00093810F94389F18160CF449C080E090E0DA
:10A1F000DC018093EB0A9093EC0AA093ED0AB093F4
:10A20000EE0AC092EF0AD092F00AE092F10AF092C0
:10A21000F20A82E40F94B61F882309F4C4C0809127
:10A22000600990916109892B79F10F94831F6B016B
:10A230007C01C092E30AD092E40AE092E50AF0922F
:10A24000E60A20E030E0A901C701B6010F94389F6B
:10A2500087FF04C0F7FAF094F7F8F09420E030E0BC
:10A2600040EC5FE3C701B6010F94389F18160CF05D
:10A270009AC083E29FE30F94032DF12C9FC080E0EE
:10A2800090E0ABE6B3E4B5CF81E08093990B0F94F7
:10A2900059278CE0EFE7F3E0DE01119601900D9273
:10A2A0008A95E1F740E050E0BA01CE0101960F94A3
:10A2B000E6230E941C948FEB9EE30F94032D60E035
:10A2C00082ED91E40F94F0280E94013187E69EE32D
:10A2D0000F94032D00916C0913E010936C096AE050
:10A2E00077ED83E29CE30F945846C0908D0CD0909C
:10A2F0008E0CE0908F0CF090900C00936C0960E055
:10A3000070E080E89FE30E9491A483EB9EE30F94AA
:10A31000032D60E08EE99EE30F94F02887E69EE32C
:10A320000F94032D00916C0910936C096AE077ED8E
:10A3300083E29CE30F94584680908D0C90908E0C95
:10A34000A0908F0CB090900C00936C0960E070E0CE
:10A3500080EA90E40E9491A4A5019401C701B6018E
:10A360000F94109D6B017C0120E030E0A9010F9457
:10A37000389F87FF04C0F7FAF094F7F8F0948091C3
:10A38000E00A823068F08CE89EE30F94032D44E0ED
:10A39000C701B6010E9481E481E89EE30F94032D7A
:10A3A0000F94E37246CF8BEE9AE00F940824F82EB8
:10A3B00081111EC085E09FE30F94032D8F2D2C96F5
:10A3C0000FB6F894DEBF0FBECDBFDF91CF911F91C6
:10A3D0000F91FF90EF90DF90CF90BF90AF909F9044
:10A3E0008F907F906F905F904F903F902F90089547
:10A3F00040E050E060EA70E488E40E94FAE4AB01D7
:10A40000BC018091870990918809A0918909B09138
:10A410008A09A3FBEE24E0F80091E30A1091E40A14
:10A420002091E50A3091E60A8BEE9AE0BDD983EFE0
:10A430009EE30F94032D0E944DA9C0CFF090DD0A3A
:10A44000FF2009F47DC08091DF0A15E08931A8F171
:10A450008091E70A9091E80AA091E90AB091EA0A8E
:10A46000E6EAFBE080839183A283B38384839583B0
:10A47000A683B78380879187A287B38784879587D0
:10A48000A687B787808B918BA28BB38B74962CE0B9
:10A49000EA30F20739F7FCCD2103F0011124E30F74
:10A4A000F11D37FDFA95EE0FFF1FEE0FFF1FEA5566
:10A4B000F44F80829182A282B3828091DF0A9FEF63
:10A4C000980F9093DF0A882309F4E2CD30E020E072
:10A4D00040E06BEE7AE080E00F944F2429833A83CA
:10A4E0004B835C836D837E838090E70A9090E80ABB
:10A4F000A090E90AB090EA0A27FFCECF06EA1BE057
:10A5000045E0E42E680135E0732EF601619171910A
:10A51000819191916F019B01AC010F9414A088234C
:10A5200031F0F601349780829182A282B3827A94CC
:10A530007110EBCFEA940C5E1F4FE110E3CF3ECFDA
:10A540000F94831F6B017C0120E030E040E251E476
:10A550000F948E960F940DA00F94559E6F31710538
:10A5600031F526E636E646E450E4C701B6010F941D
:10A57000109D20E030E048EC52E40F948E966B0181
:10A580007C0120E030E0A9010F942996882359F03E
:10A59000A701960160E070E080E291E40F94749F5F
:10A5A0000F94AB4175CD60E070E0CB01F9CF07EDC2
:10A5B0001EE39FEDA92E9EE3B92EF801859194919B
:10A5C000FC018490329694903197E4903296C49036
:10A5D0000496FC0184918823F9F066246A948E1411
:10A5E00014F4662463940C2C000CDD080E2C000C73
:10A5F000FF089C141D0479F1782C7E141F0451F07F
:10A6000020E0462D692D872D0F943D12811102C047
:10A61000760CF3CF9394EDCF66246A949C1414F4D3
:10A62000662463940E2C000CFF080C2C000CDD0833
:10A630008E141F0481F0792C7C141D0451F0262DFA
:10A6400040E0672D882D0F943D12811102C0760CD9
:10A65000F3CF8394EDCF0E5F1F4FA016B10609F024
:10A66000ACCF16CD8091870990918809A091890976
:10A67000B0918A09A3FB662760F98BEE9AE00F94EC
:10A68000644906CD4091E70A5091E80A6091E90AD1
:10A690007091EA0A8091DD0A0F94D32FF9CC809053
:10A6A000E70A9090E80AA090E90AB090EA0A86EAE0
:10A6B000E82E8BE0F82E15E0670105E0F6014190E9
:10A6C0005190619071906F01A3019201C301B20199
:10A6D0000F9414A081110FC01601F4E02F1A310855
:10A6E000A3019201C501B4010F94119DF101608392
:10A6F000718382839383015009F71150F4E1EF0EC7
:10A70000F11C1111D9CFC4CC8FED9EE3B4CD8F9243
:10A710009F92AF92BF92CF92DF92EF92FF920F93F0
:10A720001F93CF938CE40F94B61F882309F463C062
:10A730008091600990916109C0914E07892B19F0B1
:10A740000F94801FC82FC093DE0A0E94518E8C0187
:10A75000892B79F487E49EE3CF911F910F91FF90AD
:10A76000EF90DF90CF90BF90AF909F908F900D941F
:10A77000032DC7FD07C08C2F0C2E000C990B8017E2
:10A780009107C4F08DE39EE30F94032DB80161504F
:10A79000710984E29EE30F946F2DCF911F910F9169
:10A7A000FF90EF90DF90CF90BF90AF909F908F90F1
:10A7B0000D94E42D8C2F0F9482728091DE0A809389
:10A7C0004E078DE19EE30F94032D809187099091B0
:10A7D0008809A0918909B0918A0923E1B695A795C6
:10A7E000979587952A95D1F780FF7DC08091E20AE1
:10A7F0000F94514778C083E50F94B61F882329F33F
:10A800008091600990916109C0914E07892B19F0E0
:10A810000F94801FC82FC093DE0ACF3F09F05AC0A3
:10A820000F946A28882309F449C00F946C2D87EC93
:10A830009DE30F94032D36EAE32E3BE0F32EC0E0B8
:10A84000670110E0F60161917191819191916F0121
:10A850009B01AC010F9414A0811127C00F946C2DA3
:10A86000F601349780809180A280B3808EEB9DE3C7
:10A870000F94032D8C2F0F943A278BEB9DE30F94AD
:10A88000032D812F0F943A278FE798E40F94032D1F
:10A8900044E0C501B4010E9481E40F94E42D6BE40F
:10A8A00070E080E090E00F94DE281F5F153051F6D5
:10A8B000CF5FF4E1EF0EF11CC53011F6CF911F917F
:10A8C0000F91FF90EF90DF90CF90BF90AF909F904F
:10A8D0008F9008950E94518E8C01892B71F48DEF19
:10A8E0009DE30F94032D1092680681E00E94E859C1
:10A8F0000F94096C1092990BE1CFC7FD07C08C2F04
:10A900000C2E000C990B8017910774F083EF9DE3D8
:10A910000F94032DB801615071098AED9DE30F94E6
:10A920006F2D0F94E42DDFCF8C2F0E94658F8091C7
:10A93000DE0A80934E0783ED9DE345CFCF93DF93EF
:10A940001F921F92CDB7DEB70F947736882309F098
:10A950009BC060E080E50F9410208983898181305D
:10A9600029F18981823011F189818430F9F0809157
:10A97000870990918809A0918909B0918A092AE4F0
:10A9800030E02154310904C0B695A7959795879575
:10A990002A95D2F781709927AA27BB2721E0892B16
:10A9A0008A2B8B2B09F420E0222311F081E001C0D7
:10A9B00080E08A838A81882311F00F94721689E4DB
:10A9C0000F94B61F882311F00F94E84681E50F9489
:10A9D000B61F882349F00F94DD38982F81E089272E
:10A9E000882311F081E001C080E0882309F04CC089
:10A9F0008091870990918809A0918909B0918A096D
:10AA00002AE430E02154310904C0B695A795979502
:10AA100087952A95D2F781709927AA27BB2721E02D
:10AA2000892B8A2B8B2B09F420E0222311F00F9421
:10AA3000F9308091870990918809A0918909B09196
:10AA40008A0920E530E02154310904C0B695A79564
:10AA5000979587952A95D2F781709927AA27BB27C2
:10AA600021E0892B8A2B8B2B09F420E0222341F053
:10AA7000CEDA982F81E08927882311F081E001C088
:10AA800080E0882309F443DE0F900F90DF91CF918F
:10AA90000895CF92DF92EF92FF92CF93DF936B01F5
:10AAA0007C01D42FC0916C0983E080936C0981E014
:10AAB00080936706C114D104E104F10431F00F94CE
:10AAC0008E79C60ED71EE81EF91E80916706882370
:10AAD000C1F0C114D104E104F10421F48D2F0F94CD
:10AAE000273BF3CF0F948E79A7019601261B370BD6
:10AAF000480B590BDA01C901181619061A061B066C
:10AB00006CF3109267060F94E928882339F062E30A
:10AB100070E080E090E00F94BA28F5CFC0936C0904
:10AB2000DF91CF91FF90EF90DF90CF900895FC01DF
:10AB3000808108953FB7F89480911C1C90911D1C52
:10AB4000A0911E1CB0911F1C26B5A89B05C02F3FCD
:10AB500019F00196A11DB11D3FBFBA2FA92F982F43
:10AB60008827BC01CD01620F711D811D911D42E03E
:10AB7000660F771F881F991F4A95D1F70895AF92E6
:10AB8000BF92CF92DF92EF92FF920F931F93CF93DA
:10AB9000DF936C017B018B01040F151FEB015E013C
:10ABA000AE18BF08C017D10759F06991D601ED91D1
:10ABB000FC910190F081E02DC6011995892B79F760
:10ABC000C501DF91CF911F910F91FF90EF90DF9022
:10ABD000CF90BF90AF900895089580E00895FC0154
:10ABE0008491882321F0823011F083E0089586E07B
:10ABF0000895EF92FF920F931F93CF93DF93EC0191
:10AC0000162FEC80FD80F7010491C701E8DFA82F23
:10AC1000013049F10FEF2C813D81F9013A964491C1
:10AC20003196549133976491319684911136E8F0BE
:10AC300070E0762F6627860F972F911D0097A9F059
:10AC40008E0D9F1D41E6511730F5188A1B8A1C8A0C
:10AC5000198A1A8A90E080E0DF91CF911F910F91BD
:10AC6000FF90EF9008950FE0D6CFF90136966491EA
:10AC700031968491113460F070E0762F6627860F4C
:10AC8000972F911D009721F08E0D9F1D41E4DBCF82
:10AC9000C7014196D8CF5417C0F2B0E0FC016491CF
:10ACA0006F3F29F40196451781F24F5FF7CF4113AB
:10ACB00033C0F9012491AC014F5F5F4FFC012223A7
:10ACC00011F0223091F424912B8BFA0144914C8B9A
:10ACD000FC013396E491E88BFC013496E491E98B16
:10ACE000FC013596E491EA8BB7CF2491322F3F7067
:10ACF00032503A8B22952F70298BFA014491242FE0
:10AD00002F702C8B42954F704B8BFC013296E49147
:10AD1000E295EF70E88BA0CF3296649160236A0FC2
:10AD20007B2F711D860F971FBECF2EE93FE0009746
:10AD300029F0F9013197F1F70197F9CF08958EBD08
:10AD40000DB407FEFDCF8EB508950F93FC010150A1
:10AD5000040F84A996A9941788F0081710F4041713
:10AD600078F42150260F83A995A9961758F0281733
:10AD700060F481E0261720F40F910895081778F702
:10AD800080E0FACF2817A8F7FBCF81E0F5CF2F920C
:10AD90003F924F925F926F927F928F929F92AF926B
:10ADA000BF92CF92DF92EF92FF920F931F93CF93B8
:10ADB000DF93CDB7DEB7C15BD1090FB6F894DEBF24
:10ADC0000FBECDBF8C01C158DF4F4883CF57D04055
:10ADD000CD57DF4F5883C358D0401B01CD56DF4FAE
:10ADE00039832883C359D0402091510C3091520CA3
:10ADF0004091530C5091540CDC016D917D918D91DB
:10AE00009C910F948E960F94449FCB55DF4F68838F
:10AE100079838A839B83C55AD0402091550C309109
:10AE2000560C4091570C5091580CF8016481758173
:10AE3000868197810F948E960F94449FC755DF4F5C
:10AE4000688379838A839B83C95AD0402091590CA7
:10AE500030915A0C40915B0C50915C0CD8011896C3
:10AE60006D917D918D919C911B970F948E960F946F
:10AE7000449FC355DF4F688379838A839B83CD5A70
:10AE8000D040D8011C962D913D914D915C911F971A
:10AE90006F962CAF3DAF4EAF5FAF6F9720915D0CBB
:10AEA00030915E0C40915F0C5091600C6F966CADD0
:10AEB0007DAD8EAD9FAD6F970F948E960F94449F8E
:10AEC000C756DF4F688379838A839B83C959D040F3
:10AED00080E1F801DE01AF5BBF4F01900D928A95D2
:10AEE000E1F780913C0C83FF1EC0C756DF4F0881FD
:10AEF00019812A813B81C959D04000937B1210935C
:10AF00007C1220937D1230937E126F962CAD3DAD56
:10AF10004EAD5FAD6F9720936B1230936C124093E0
:10AF20006D1250936E1290915E1280915D1289178E
:10AF300038F0891B8F3031F480E00F94273BF3CF3A
:10AF4000805FF7CF80915D120E9442D9CF54DF4FCE
:10AF50008883C15BD04000915D1280913A0C909142
:10AF60003B0C892B11F00D94486980916F129091E0
:10AF70007012A0917112B0917212CB55DF4F888080
:10AF80009980AA80BB80C55AD040881A990AAA0A1B
:10AF9000BB0A8091731290917412A0917512B091B6
:10AFA0007612C755DF4F288139814A815B81C95AA2
:10AFB000D040281B390B4A0B5B0B67962CAF3DAF7B
:10AFC0004EAF5FAF67978091771290917812A09102
:10AFD0007912B0917A12C355DF4F288139814A81A5
:10AFE0005B81CD5AD040281B390B4A0B5B0B6B960B
:10AFF0002CAF3DAF4EAF5FAF6B9780917B129091BE
:10B000007C12A0917D12B0917E12C756DF4FC8808E
:10B01000D980EA80FB80C959D040C81AD90AEA0A07
:10B02000FB0A09F481C00E94A793882339F1C7560F
:10B03000DF4F88819981AA81BB81C959D040809313
:10B040007B1290937C12A0937D12B0937E126F9628
:10B050002CAD3DAD4EAD5FAD6F9720936B1230932D
:10B060006C1240936D1250936E120F946C2D8BE303
:10B0700099E40F94032DC12CD12C7601C701B601A0
:10B080000F942F9620916D0230916E0240916F02C5
:10B09000509170020F948E962B013C0120E030E01D
:10B0A000A9010F94389F87FF04C077FA709477F84E
:10B0B000709420E030E048E453E460915D0C7091BE
:10B0C0005E0C80915F0C9091600C0F948E96A301A2
:10B0D00092010F94299687FF27C0C756DF4F8881BA
:10B0E0009981AA81BB81C959D04080937B129093EA
:10B0F0007C12A0937D12B0937E126F962CAD3DAD65
:10B100004EAD5FAD6F9720936B1230936C124093EE
:10B110006D1250936E120F946C2D8CE199E40F9484
:10B12000032DC12CD12C760110E081E018141904F4
:10B130001A041B040CF080E080FB10F981E0679694
:10B140002CAD3DAD4EAD5FAD6797121613061406DC
:10B1500015060CF080E080FB11F981E06B962CADB8
:10B160003DAD4EAD5FAD6B97121613061406150676
:10B170000CF080E080FB12F981E01C141D041E0419
:10B180001F040CF080E080FB13F9C701B6010F9497
:10B190002F9620916D0230916E0240916F02509176
:10B1A00070020F948E966B017C0120E030E0A901C3
:10B1B0000F94389F87FFC5C4C701B6019058402F30
:10B1C00050E06D965FAF4EAF6D9757E7059F9001CA
:10B1D0001124D901A158BD4EA196BFAFAEAFA19722
:10B1E0000F945A9EEF966CAF7DAF8EAF9FAFEF97E7
:10B1F000A196EEADFFADA1971082E35BFF4F1083E8
:10B200006B960CAD1DAD2EAD3FAD6B97A7960CAFF9
:10B210001DAF2EAF3FAFA79737FF0DC030952095DC
:10B22000109501951F4F2F4F3F4FA7960CAF1DAFA5
:10B230002EAF3FAFA79767962CAD3DAD4EAD5FAD3E
:10B240006797E3962CAF3DAF4EAF5FAFE39757FFE5
:10B250000DC050954095309521953F4F4F4F5F4F12
:10B26000E3962CAF3DAF4EAF5FAFE39724013501BE
:10B27000B7FE07C0442455243201481859086A080B
:10B280007B08A196AEADBFADA1975D964D925D9244
:10B290006D927C929097E3960CAD1DAD2EAD3FADB7
:10B2A000E39791960D931D932D933C939497A796B6
:10B2B0000CAD1DAD2EAD3FADA79795960D931D938B
:10B2C0002D933C939897C501B4010F942F9620912C
:10B2D0002A0C30912B0C40912C0C50912D0C0F947A
:10B2E0008E96E7966CAF7DAF8EAF9FAFE797679670
:10B2F0006CAD7DAD8EAD9FAD67970F942F9620916D
:10B300002E0C30912F0C4091300C5091310C0F9439
:10B310008E96EB966CAF7DAF8EAF9FAFEB976B9633
:10B320006CAD7DAD8EAD9FAD6B970F942F96209138
:10B33000320C3091330C4091340C5091350C0F94F9
:10B340008E96AB966CAF7DAF8EAF9FAFAB97E79607
:10B350000CAD1DAD2EAD3FADE79709AB1AAB2BABD6
:10B360003CABEB962CAD3DAD4EAD5FADEB972DAB51
:10B370003EAB4FAB58AFDC01CB0189AF9AAFABAF5F
:10B38000BCAF2091360C3091370C4091380C509165
:10B39000390CC701B6010F948E96AF966CAF7DAF96
:10B3A0008EAF9FAFAF9721966CAF7DAF8EAF9FAF43
:10B3B000219796E049165104610471040CF0CBC347
:10B3C000E3960CAD1DAD2EAD3FADE39706301105F4
:10B3D000210531050CF0BFC3A7962CAD3DAD4EAD98
:10B3E0005FADA79726303105410551050CF0B3C379
:10B3F00020E030E0A901AF966CAD7DAD8EAD9FAD84
:10B40000AF970F94389F87FF9FC3AF968CAD9DADCC
:10B41000AEADBFADAF97B05827E76D960EAD1FAD7F
:10B420006D97209FF001219FF00D1124E158FD4EF2
:10B43000818B928BA38BB48B87E76D960EAD1FAD7E
:10B440006D97809FF001819FF00D1124E158FD4E12
:10B45000EF962CAD3DAD4EAD5FADEF9721A732A776
:10B4600043A754A7458D568D678D70A101A112A1E8
:10B4700023A134A185A196A1A7A1B0A5801791070A
:10B48000A207B30710F4D901C80184179507A607CE
:10B49000B70710F4DB01CA01EF960CAD1DAD2EAD60
:10B4A0003FADEF9780179107A207B30710F4D901BA
:10B4B000C80127E76D960EAD1FAD6D97209FF00177
:10B4C000219FF00D1124E158FD4E85A796A7A7A74F
:10B4D000B0AB0697A105B10510F40D942B69E25AA3
:10B4E000FF4F8091290C8083452B462B472B19F069
:10B4F00080E00E94208E87E76D960EAD1FAD6D97A0
:10B50000809FF001819FF00D1124E158FD4E81A133
:10B5100092A1A3A1B4A1892B8A2B8B2B19F081E0D6
:10B520000E94208E87E76D960EAD1FAD6D97809FB0
:10B53000F001819FF00D1124E158FD4E85A196A1E7
:10B54000A7A1B0A5892B8A2B8B2B19F082E00E9432
:10B55000208EEF962CAD3DAD4EAD5FADEF97232B1A
:10B56000242B252B11F40D944A690E94E68DE0905E
:10B570007D0CF0907E0C00917F0C1091800C970157
:10B58000A801C158DF4F6881CF57D040CD57DF4F5A
:10B590007881C358D040C1010F94299687FD0BC014
:10B5A000C158DF4FE880CF57D040CD57DF4FF880EC
:10B5B000C358D040810187E76D964EAD5FAD6D9762
:10B5C000849FF001859FF00D1124E158FD4E2189E3
:10B5D00032894389548960E070E080E89FE30F94EA
:10B5E000ED9DC158DF4F688379838A839B83CF5752
:10B5F000D0409701A8010F948E966B017C01909129
:10B600005C1280915D12891708F440C3891BCD57E5
:10B61000DF4F8883C358D040A701960160E074E2F1
:10B6200084E799E40F94ED9D0F94449F4B015C01D6
:10B63000CD57DF4F8881C358D04082508630C0F547
:10B6400060914D0C70914E0C80914F0C9091500C6C
:10B65000681979098A099B0916161706180619062A
:10B660003CF5660F771F881F991FCD57DF4F088164
:10B67000C358D040202F30E050E040E00F94759C3C
:10B68000CA01B9010F942F960F94559E860E971EEE
:10B69000A81EB91EC501B4010F942F969B01AC01E1
:10B6A00060E074E284E799E40F94ED9D6B017C0106
:10B6B0000E9413974091250C5091260C6091270C05
:10B6C0007091280C480D591D6A1D7B1D4093250C57
:10B6D0005093260C6093270C7093280C97E76D9677
:10B6E0000EAD1FAD6D97909FF001919FF00D11244D
:10B6F000E252FD4E80829182A282B38281110F9428
:10B70000922887E76D962EAD3FAD6D97829F8001A1
:10B71000839F100D112401581D4ED80151968D9113
:10B720009D910D90BC91A02DC356DF4F88839983C6
:10B73000AA83BB83CD59D040A7019601BC01CD019E
:10B740000F948E96C757DF4F688379838A839B83D4
:10B75000C958D040F801618372838383948325A5FF
:10B7600036A547A550A9A7962CAF3DAF4EAF5FAF0A
:10B77000A797CA01B9010F942D96E3966CAF7DAFE0
:10B780008EAF9FAFE3979B01AC01C701B6010F9449
:10B790008E960F94D79D0F945A9EC357DF4F6883A0
:10B7A00079838A839B83CD58D040F801E25BFF4FB9
:10B7B00060837183828393838E010F5C1F4FC9570F
:10B7C000DF4F19830883C758D04000511109CB5669
:10B7D000DF4F19830883C559D04001E61CE0CF56DE
:10B7E000DF4F19830883C159D0408E01035C1F4F7E
:10B7F00063961FAF0EAF6397212C312C10E864962F
:10B800001FAF64970FE368960FAF6897C957DF4F74
:10B81000A881B981C758D0402D913D914D915D913E
:10B82000C957DF4FB983A883C758D040C701B601B5
:10B830000F948E964B015C01CB56DF4FE881F98166
:10B84000C559D04081929192A192B192CB56DF4FCF
:10B85000F983E883C559D04020E030E0A9010F9476
:10B86000389F87FF04C0B7FAB094B7F8B094CF56AA
:10B87000DF4FA881B981C159D0404D905D906D9046
:10B880007D90CF56DF4FB983A883C159D040A50121
:10B890009401C301B2010F94299687FF1AC0A50134
:10B8A0009401C301B2010F94ED9D5B018C019101E4
:10B8B00064964FAD649768965FAD68970F9429962C
:10B8C00087FF07C0150164960FAF649768961FAF96
:10B8D000689763960EAD1FAD6397C957DF4F2881F8
:10B8E0003981C758D0400217130709F08FCFA7013D
:10B8F0009601AF966CAD7DAD8EAD9FADAF970F94B9
:10B900008E966B017C01CDA6DEA6EFA6F8AA20E0FC
:10B9100030E0A9010F94389F4601570187FF04C00A
:10B92000B7FAB094B7F8B09440906D0C50906E0C8C
:10B9300060906F0C7090700CA5019401C301B2016E
:10B940000F94299687FF1AC0A5019401C301B20183
:10B950000F94ED9D5B018C01910164964FAD64974E
:10B9600068965FAD68970F94299687FF07C0150109
:10B9700064960FAF649768961FAF689720E030E039
:10B9800040E85FE3B10164968FAD649768969FAD20
:10B9900068970F94299687FF83C0910164964FADF5
:10B9A000649768965FAD689769A17AA18BA19CA105
:10B9B0000F948E9669A37AA38BA39CA3910164969E
:10B9C0004FAD649768965FAD68976DA17EA18FA11A
:10B9D00098A50F948E966DA37EA38FA398A791012F
:10B9E00064964FAD649768965FAD689769A57AA530
:10B9F0008BA59CA50F948E9669A77AA78BA79CA769
:10BA0000910164964FAD649768965FAD6897C701E2
:10BA1000B6010F948E966DA77EA78FA798AB87E788
:10BA20006D964EAD5FAD6D97849F8001859F100D23
:10BA3000112401581D4E78015EE4E50EF11CC35738
:10BA4000DF4F688179818A819B81CD58D0400F94E6
:10BA50002D96910164964FAD649768965FAD689797
:10BA60000F948E960F945A9ED7016D937D938D936C
:10BA70009C931397910164964FAD649768965FAD60
:10BA80006897C757DF4F688179818A819B81C95840
:10BA9000D0400F948E96F8016183728383839483E0
:10BAA000E3962CAD3DAD4EAD5FADE397C158DF4F92
:10BAB000688179818A819B81CF57D0400F948E967F
:10BAC0002B013C0187E76D960EAD1FAD6D97809FF2
:10BAD000F001819FF00D1124E158FD4E458A568AF0
:10BAE000678A708E858C968CA78CB0A08114910487
:10BAF000A104B10409F0CCC081A192A1A3A1B4A179
:10BB0000892B8A2B8B2B09F0C3C085A196A1A7A1F5
:10BB1000B0A5892B8A2B8B2B09F0BAC02091750C0C
:10BB20003091760C4091770C5091780CC301B201A2
:10BB30000F948E960F94D79D0F945A9E6B017C01A3
:10BB4000A5C1C701B6013BCBAF968CAD9DADAEADE7
:10BB5000BFADAF9761CCCD56DF4FA881B981C35936
:10BB6000D040CD90DD90ED90FC9020E030E0A90138
:10BB7000C701B6010F942996882389F087E76D964F
:10BB80000EAD1FAD6D97809FF001819FF00D1124C8
:10BB9000E158FD4EC18AD28AE38AF48A4DCC20E076
:10BBA00030E0A901E7966CAD7DAD8EAD9FADE79716
:10BBB0000F942996811132C020E030E0A901EB9664
:10BBC0006CAD7DAD8EAD9FADEB970F942996811135
:10BBD00025C020E030E0A901AB966CAD7DAD8EAD07
:10BBE0009FADAB970F94389F87FF49C0AB966CAD64
:10BBF0007DAD8EAD9FADAB97905827E76D960EAD9E
:10BC00001FAD6D97209FF001219FF00D1124E15889
:10BC1000FD4E618B728B838B948B0ECCE7962CAD93
:10BC20003DAD4EAD5FADE797CA01B9010F948E9659
:10BC30006B017C01EB962CAD3DAD4EAD5FADEB974E
:10BC4000CA01B9010F948E969B01AC01C701B601E0
:10BC50000F94119D6B017C01AB962CAD3DAD4EADAB
:10BC60005FADAB97CA01B9010F948E969B01AC01F1
:10BC7000C701B6010F94119D0F94CB9FBECFAB9619
:10BC80006CAD7DAD8EAD9FADAB97B7CF805FBECCB9
:10BC9000EF962CAD3DAD4EAD5FADEF97232B242B32
:10BCA000252B09F40FC72091710C3091720C409133
:10BCB000730C5091740CC301B2010F948E960F94C3
:10BCC000D79D0F945A9E6B017C018091210C90911D
:10BCD000220CA091230CB091240CA196EEADFFADE7
:10BCE000A19701A112A123A134A167960CAF1DAFAA
:10BCF0002EAF3FAF679705A116A127A130A56B9680
:10BD00000CAF1DAF2EAF3FAF6B9701A512A523A5BA
:10BD100034A5A3960CAF1DAF2EAF3FAFA397A79648
:10BD20000CAD1DAD2EAD3FADA79780179107A207B3
:10BD3000B30708F4D0C681149104A104B104E1F062
:10BD40006091110C7091120C8091130C9091140C55
:10BD50006C157D058E059F0578F4A90198010F9457
:10BD6000449CA50194010F94539C2C153D054E0550
:10BD70005F0510F469017A0167962CAD3DAD4EADBB
:10BD80005FAD6797232B242B252B21F16091150C98
:10BD90007091160C8091170C9091180C6C157D0504
:10BDA0008E059F05B8F4A7962CAD3DAD4EAD5FADA9
:10BDB000A7970F94449C67962CAD3DAD4EAD5FADFB
:10BDC00067970F94539C2C153D054E055F0510F4A5
:10BDD00069017A016B968CAD9DADAEADBFAD6B9731
:10BDE000892B8A2B8B2B21F16091190C70911A0CE5
:10BDF00080911B0C90911C0C6C157D058E059F0588
:10BE0000B8F4A7962CAD3DAD4EAD5FADA7970F949E
:10BE1000449C6B962CAD3DAD4EAD5FAD6B970F94D2
:10BE2000539C2C153D054E055F0510F469017A0100
:10BE3000A3960CAD1DAD2EAD3FADA397012B022BEC
:10BE4000032B21F160911D0C70911E0C80911F0C31
:10BE50009091200C6C157D058E059F05B8F4A79672
:10BE60002CAD3DAD4EAD5FADA7970F94449CA3960E
:10BE70002CAD3DAD4EAD5FADA3970F94539C2C15EB
:10BE80003D054E055F0510F469017A0187E76D965F
:10BE90002EAD3FAD6D97829F8001839F100D1124C1
:10BEA00001581D4EF801E65AFF4FC082D182E2824E
:10BEB000F382C701B6010F942D96A30192010F944E
:10BEC000ED9DE3966CAF7DAF8EAF9FAFE397D8014A
:10BED00059966D937D938D939C935C9720E030E011
:10BEE00040E05FE30F948E96A30192010F94ED9DC5
:10BEF00064966FAF649768967FAF6897A0968FAF90
:10BF0000A097A4969FAFA497D80111962D913D912B
:10BF10004D915C911497CB56DF4F288339834A8328
:10BF20005B83C559D040CA01B9010F948E96C95799
:10BF3000DF4F6883C758D040C757DF4F7883C95851
:10BF4000D040C357DF4F8883CD58D040CF56DF4F06
:10BF50009883C159D0409B01AC0164966FAD649742
:10BF600068967FAD6897A0968FADA097A4969FAD79
:10BF7000A4970F94389F181604F5C957DF4F08810E
:10BF8000C758D04064960FAF6497C757DF4F1881EA
:10BF9000C958D04068961FAF6897C357DF4F0881D4
:10BFA000CD58D040A0960FAFA097CF56DF4F188145
:10BFB000C159D040A4961FAFA497E7962CAD3DADD4
:10BFC0004EAD5FADE797298B3A8B4B8B5C8BEB9635
:10BFD0008CAD9DADAEADBFADEB978D8B9E8BAF8B1A
:10BFE000B88FAB960CAD1DAD2EAD3FADAB97098FA5
:10BFF0001A8F2B8F3C8FAF962CAD3DAD4EAD5FAD04
:10C00000AF972D8F3E8F4F8F58A3EF968CAD9DAD80
:10C01000AEADBFADEF97892B8A2B8B2B09F46FC682
:10C020008E010F5E1F4F3E0191E2690E711CC12C03
:10C03000D12C7601D8018D909D90AD90BD908D0151
:10C0400020E030E0A901C501B4010F9429968823AE
:10C0500071F0A5019401C501B4010F948E969B0166
:10C06000AC01C701B6010F94119D6B017C016016F4
:10C07000710601F72DEB37E346E056E3C701B60141
:10C080000F94389F18160CF046C0C701B6010F94E4
:10C09000CB9F9B01AC0160E070E080E89FE30F94D0
:10C0A000ED9D6B017C01AC019B01E7966CAD7DAD14
:10C0B0008EAD9FADE7970F948E96698B7A8B8B8BA5
:10C0C0009C8BA7019601EB966CAD7DAD8EAD9FADBF
:10C0D000EB970F948E966D8B7E8B8F8B988FA7012D
:10C0E0009601AB966CAD7DAD8EAD9FADAB970F94C9
:10C0F0008E96698F7A8F8B8F9C8FA7019601AF9652
:10C100006CAD7DAD8EAD9FADAF970F948E966D8F5C
:10C110007E8F8F8F98A3CD57DF4F0881C358D040B3
:10C12000002309F42FC72091861C3091871C409171
:10C13000881C5091891CAF962CAF3DAF4EAF5FAFBE
:10C14000AF972DEB37E346E855E3AF966CAD7DAD89
:10C150008EAD9FADAF970F94299687FD13C7809042
:10C16000201C9090211CA090221CB090231CC988F8
:10C17000DA88EB88FC888091241C9091251CA09182
:10C18000261CB091271CAB968CAF9DAFAEAFBFAF56
:10C19000AB970D891E892F89388DE7960CAF1DAF9F
:10C1A0002EAF3FAFE7972091281C3091291C40917A
:10C1B0002A1C50912B1CEB962CAF3DAF4EAF5FAFBE
:10C1C000EB97898D9A8DAB8DBC8DEF968CAF9DAF23
:10C1D000AEAFBFAFEF9700912C1C10912D1C20919A
:10C1E0002E1C30912F1CC158DF4F088319832A83DE
:10C1F0003B83CF57D0402D8D3E8D4F8D58A1CD57CD
:10C20000DF4F288339834A835B83C358D040C501FD
:10C21000B4019058A70196010F948E962B013C0112
:10C22000AB966CAD7DAD8EAD9FADAB979058E7965C
:10C230002CAD3DAD4EAD5FADE7970F948E969B0153
:10C24000AC01C301B2010F94119D2B013C01EB968F
:10C250006CAD7DAD8EAD9FADEB979058EF962CAD4C
:10C260003DAD4EAD5FADEF970F948E969B01AC0147
:10C27000C301B2010F94119D2B013C01C158DF4F46
:10C28000688179818A819B81CF57D0409058CD5762
:10C29000DF4F288139814A815B81C358D0400F9498
:10C2A0008E969B01AC01C301B2010F94119D2B012D
:10C2B0003C012FEE3FEF4FE75FE30F94389F1816D6
:10C2C0000CF453C6A5019401C701B6010F94109D4B
:10C2D000CF55DF4F688379838A839B83C15AD040CF
:10C2E00069837A838B839C83AB962CAD3DAD4EAD39
:10C2F0005FADAB97E7966CAD7DAD8EAD9FADE7972B
:10C300000F94109DE7966CAF7DAF8EAF9FAFE79710
:10C310006D837E838F839887EB962CAD3DAD4EADBC
:10C320005FADEB97EF966CAD7DAD8EAD9FADEF97AA
:10C330000F94109DEB966CAF7DAF8EAF9FAFEB97D8
:10C3400069877A878B879C87C158DF4F288139811D
:10C350004A815B81CF57D040CD57DF4F68817981CB
:10C360008A819B81C358D0400F94109DEF966CAF8B
:10C370007DAF8EAF9FAFEF976D877E878F87988B4E
:10C380008E010F5F1F4FA9961FAF0EAFA997005FD9
:10C390001F4FA9962EAC3FACA997C12CD12C76018A
:10C3A000D1018D909D90AD90BD901D0120E030E0B9
:10C3B000A901C501B4010F942996882371F0A50144
:10C3C0009401C501B4010F948E969B01AC01C70185
:10C3D000B6010F94119D6B017C010215130501F745
:10C3E0002DEB37E346E056E3C701B6010F94389FC3
:10C3F00018160CF09CC0C701B6010F94CB9F9B018F
:10C40000AC0160E070E080E89FE30F94ED9D6B016C
:10C410007C01AC019B01CF55DF4F688179818A8116
:10C420009B81C15AD0400F948E9669837A838B8307
:10C430009C83A7019601E7966CAD7DAD8EAD9FAD57
:10C44000E7970F948E966D837E838F839887A701DD
:10C450009601EB966CAD7DAD8EAD9FADEB970F94D5
:10C460008E9669877A878B879C87A7019601EF96BE
:10C470006CAD7DAD8EAD9FADEF970F948E966D87B1
:10C480007E878F87988B0DE31CE0A996EEADFFADFC
:10C49000A997C190D190E190F190A996FFAFEEAF2E
:10C4A000A99720E030E0A901C701B6010F94389F99
:10C4B00087FF04C0F7FAF094F7F8F09426EA3BE916
:10C4C00044EC5AE3C701B6010F94389F18162CF5B7
:10C4D000D8016D917D918D919C910F942D964B017A
:10C4E0005C01E3962CAD3DAD4EAD5FADE397C7016A
:10C4F000B6010F948E96A50194010F94389F1816DB
:10C5000064F4A7019601C501B4010F94ED9DE39673
:10C510006CAF7DAF8EAF9FAFE3970C5F1F4FA996B7
:10C52000EEADFFADA9972E163F0609F0AECFCD5662
:10C53000DF4FA881B981C359D0401496CD90DD90CA
:10C54000ED90FC90179720E030E0A901C701B601FB
:10C550000F942996882309F417C4E3962CAD3DADBA
:10C560004EAD5FADE397C701B6010F948E961B01E8
:10C570008C01AF962CAD3DAD4EAD5FADAF97CA010E
:10C58000B9010F948E966B017C019B01AC01C957D8
:10C59000DF4F6881C758D040C757DF4F7881C958EF
:10C5A000D040C357DF4F8881CD58D040CF56DF4FA2
:10C5B0009881C159D0400F94299687FF14C0C9575C
:10C5C000DF4FC880C758D040C757DF4FD880C95801
:10C5D000D040C357DF4FE880CD58D040CF56DF4F13
:10C5E000F880C159D0409101A801B601C7010F944C
:10C5F000389F181614F46101780180E1FE017196EC
:10C60000A0E2BCE101900D928A95E1F764962FAD0E
:10C61000649768963FAD6897A0964FADA097A49693
:10C620005FADA497B601C7010F94299687FF0CC090
:10C630006496CFAC64976896DFAC6897A096EFAC31
:10C64000A097A496FFACA49787E76D96EEADFFADDB
:10C650006D978E9F80018F9F100D1124C801815806
:10C660009D4EA601B701DC011D964D935D936D9320
:10C670007C93509764964FAD649768965FAD6897CA
:10C68000A0966FADA097A4967FADA497FC014583BB
:10C6900056836783708719964D935D936D937C9352
:10C6A0001C97EE5AFF4F1082118212821382FC01F6
:10C6B00020812160208320E1FE01B196AAE8BCE13F
:10C6C00001900D922A95E1F7CB56DF4F28813981F1
:10C6D0004A815B81C559D0402093861C3093871CCA
:10C6E0004093881C5093891CCB55DF4F288139819A
:10C6F0004A815B81C55AD04020936F1230937012EB
:10C700004093711250937212C755DF4F28813981BF
:10C710004A815B81C95AD0402093731230937412BE
:10C720004093751250937612C355DF4F288139819B
:10C730004A815B81CD5AD040209377123093781292
:10C740004093791250937A12C756DF4F288139816E
:10C750004A815B81C959D04020937B1230937C126F
:10C7600040937D1250937E128D599F4FE0910C0C97
:10C7700034E0E39FF0011124E05DF34E40815181EC
:10C7800062817381DC014D935D936D937C9313976C
:10C7900080915F1290916012A0916112B09162122B
:10C7A00089839A83AB83BC838091631290916412D6
:10C7B000A0916512B09166128D839E83AF83B88776
:10C7C0008091671290916812A0916912B0916A12DB
:10C7D00089879A87AB87BC8780916B1290916C1286
:10C7E000A0916D12B0916E128D879E87AF87B88B26
:10C7F000CE0101960E9489D9D801AA51BD4E80E18F
:10C80000FE01319601900D928A95E1F780E1FE01DB
:10C81000EF5BFF4FAFE5B2E101900D928A95E1F732
:10C8200090915D1280915E12981303C084E680930C
:10C830005B12CF54DF4F0881C15BD04000935D1283
:10C84000CD56DF4FA881B981C359D0401896FC90CE
:10C85000189719960C9119971A961C911A971B966E
:10C86000EC9064962FAD649768963FAD6897A0965C
:10C870004FADA097A4965FADA4976F2D702F812F19
:10C880009E2D0F94389F181664F46496FFAE64973B
:10C8900068960FAF6897A0961FAFA097A496EFAECB
:10C8A000A49710915D12112309F479C31150D0900F
:10C8B0005C12F12CE12C07E71D1509F4BBC0612EB9
:10C8C000712C069DF001079DF00D1124E158FD4EDD
:10C8D000808182FD8DC3E114F10421F0F701808194
:10C8E00080FFA8C0069DF001079DF00D1124E158BE
:10C8F000FD4E258036804780508425856C962FAF6D
:10C900006C973685A8963FAFA89787844089AC96E8
:10C910004FAFAC97482DAC965FADAC97C201B1015B
:10C920000F942996882309F485C0E114F10409F4D1
:10C9300038C3D7011596CC9015971696BC901697CC
:10C940001796AC9017971896FC90069DC001079D0E
:10C95000900D1124FC01E158FD4EE596FFAFEEAFBE
:10C96000E597618D728D838D948D90589B01AC01FC
:10C970000F94119DE596AEADBFADE59751962D9103
:10C980003D914D915C9154970F948E969B01AC0113
:10C990006C2D7B2D8A2D9F2D0F94109D962EA72EEA
:10C9A000B82EC92E262F372F482F592F6C966FADD2
:10C9B0006C97A8967FADA897882DAC969FADAC9745
:10C9C0000F94299687FDFAC2292D3A2D4B2D5C2D07
:10C9D000C201B1010F942996882361F1069DF001EF
:10C9E000079DF00D1124E158FD4E80818160808308
:10C9F00020910A0C30910B0C80910A0C90910B0C39
:10CA00008217930709F0E5C2109FC0011124FC01B1
:10CA1000E158FD4E7F01069DC001079D900D112438
:10CA2000E217F30709F0D7C2FC01E158FD4E8081FF
:10CA30008E7F8083C0905E12B0915D12EC96BFAF86
:10CA4000EC97B12CA8961FAEA897212C312CF12C75
:10CA5000E12CEC96EFADEC97EC1509F4D9C38C2CD6
:10CA6000912CF7E7CF9EC00111248C0101581D4E77
:10CA70006D961FAF0EAF6D97D8018C9182FDC3C329
:10CA80008C9180FF16C0E114F10409F0C2C219961E
:10CA90006D917D918D919C911C97F80165837683B2
:10CAA000878390870F94CB9FB62EA8967FAFA897C9
:10CAB0001C018C2D0E9442D9C82E6D96EEACFFACA5
:10CAC0006D97C7CF2091790C30917A0C40917B0CF7
:10CAD00050917C0CF0C881149104A104B10409F4B4
:10CAE0003FC06091110C7091120C8091130C9091C9
:10CAF000140C6C157D058E059F0590F50F942D96F1
:10CB0000E3962CAD3DAD4EAD5FADE3970F948E96A1
:10CB1000A7966CAF7DAF8EAF9FAFA797C501B4014D
:10CB20000F942D969B01AC01A7966CAD7DAD8EAD9B
:10CB30009FADA7970F94ED9D4B015C01C701B60116
:10CB40000F942D969B01AC01C501B4010F94299659
:10CB500087FF06C0C501B4010F945A9E6B017C018A
:10CB600067962CAD3DAD4EAD5FAD6797232B242B63
:10CB7000252BD9F16091150C7091160C8091170C32
:10CB80009091180C6C157D058E059F0570F50F941E
:10CB90002D96E3962CAD3DAD4EAD5FADE3970F9472
:10CBA0008E964B015C0167966CAD7DAD8EAD9FADF1
:10CBB00067970F942D969B01AC01C501B4010F94AA
:10CBC000ED9D4B015C01C701B6010F942D969B01B1
:10CBD000AC01C501B4010F94299687FF06C0C501B9
:10CBE000B4010F945A9E6B017C016B968CAD9DAD88
:10CBF000AEADBFAD6B97892B8A2B8B2BD9F1609192
:10CC0000190C70911A0C80911B0C90911C0C6C15D6
:10CC10007D058E059F0570F50F942D96E3962CAD3E
:10CC20003DAD4EAD5FADE3970F948E964B015C0129
:10CC30006B966CAD7DAD8EAD9FAD6B970F942D96C1
:10CC40009B01AC01C501B4010F94ED9D4B015C014A
:10CC5000C701B6010F942D969B01AC01C501B4012B
:10CC60000F94299687FF06C0C501B4010F945A9E00
:10CC70006B017C01A3960CAD1DAD2EAD3FADA3970E
:10CC8000012B022B032B09F401C960911D0C70913B
:10CC90001E0C80911F0C9091200C6C157D058E054B
:10CCA0009F0508F0F3C80F942D96E3962CAD3DAD8B
:10CCB0004EAD5FADE3970F948E964B015C01A3964A
:10CCC0006CAD7DAD8EAD9FADA3970F942D969B015E
:10CCD000AC01C501B4010F94ED9D4B015C01C7018E
:10CCE000B6010F942D969B01AC01C501B4010F94C0
:10CCF000299687FFCBC8C501B4010D949C5DC1582E
:10CD0000DF4F288139814A815B81CF57D040E79638
:10CD10006CAD7DAD8EAD9FADE7970F948E96698B10
:10CD20007A8B8B8B9C8BC158DF4F288139814A814C
:10CD30005B81CF57D040EB966CAD7DAD8EAD9FAD96
:10CD4000EB970F948E966D8B7E8B8F8B988FC1583F
:10CD5000DF4F288139814A815B81CF57D040AB9624
:10CD60006CAD7DAD8EAD9FADAB970F948E96698FF8
:10CD70007A8F8B8F9C8FC158DF4F288139814A81F0
:10CD80005B81CF57D040BBC92FEE3FEF4FE75FEB42
:10CD9000C301B2010F94299687FF08C05FEE452EAC
:10CDA00055245A945FE7652E5FEB752EA30192011F
:10CDB00060E070E080E89FE30F94109D20E030E099
:10CDC00040E05FE30F948E960F94CB9F6B017C0144
:10CDD00020910D0C30910E0C40910F0C5091100CC5
:10CDE000E3966CAD7DAD8EAD9FADE3970F948E96BF
:10CDF000A70196010F948E964B015C01A701960145
:10CE000060E070E080E89FE30F94109D9B01AC010F
:10CE1000C501B4010F94ED9D1B018C0120E030E0B1
:10CE200040E85FE3C356DF4F688179818A819B8147
:10CE3000CD59D0400F94299687FF9BCB23EF34E048
:10CE400045E35FEBC301B2010F94299687FF91CBB5
:10CE500020E030E0A901C301B2010F942996C12C52
:10CE6000D12C40E8E42E4FEBF42E87FD06C0C12CF8
:10CE7000D12C30E8E32E3FE3F32EA7019601C30146
:10CE8000B2010F948E964B015C0129E539ED40E02B
:10CE900053E30F94299687FD65C0A501940160E0D6
:10CEA00070E080E89FE30F94109D20E030E040E0C8
:10CEB00057E40F948E960F945A9ECB010F94F89CD2
:10CEC0000197880F991F880F991FFC01E452F74BB7
:10CED0002591359145915491FC01E456F74B4590CD
:10CEE000559065907490C501B4010F948E96A3017E
:10CEF00092010F94119D4B015C0120E030E0A901EB
:10CF0000C701B6010F94389F181654F4A501940177
:10CF10006BED7FE089E490E40F94109D4B015C0180
:10CF2000E3962CAD3DAD4EAD5FADE397C356DF4FFD
:10CF3000688179818A819B81CD59D0400F948E96EA
:10CF4000A50194010F94ED9D6B017C019B01AC0147
:10CF5000B101C8010F94389F18160CF00ACB1601C6
:10CF6000870107CB90E080E0ACCF64962FAC64974C
:10CF700068963FAC6897A0960FADA097A4961FAD9A
:10CF8000A497F7CA6496CFAC64976896DFAC6897AD
:10CF9000A096EFACA097A496FFACA4972ECB1FE071
:10CFA00086CC6496CFAC64976896BFAC6897A09621
:10CFB000AFACA097A496FFACA497C7CC6C969FACDF
:10CFC0006C97A896AFACA897B82CAC96CFACAC97A2
:10CFD00005CD9C0111CD81589D4E492D5A2D6B2DAB
:10CFE0007C2DDC0115964D935D936D937C93189782
:10CFF000112369F011508D2DD0905C12D81609F4D0
:10D000005BCC811709F416CD0E9442D9F5CF1FE001
:10D01000F2CFD7018C9181608C9380910A0C909112
:10D020000B0C20910A0C30910B0C2817390789F54D
:10D03000B7E7B89DF001B99DF00D1124E158FD4E00
:10D04000A184D28403851485E816F90621F58A2D7A
:10D050009D2DD80185839683A783B087EE5AFF4F15
:10D0600080819181A281B381892B8A2B8B2B61F4E2
:10D07000D701AA5ABF4F8D919D910D90BC91A02DC3
:10D0800080839183A283B383D7018C918E7F8C930D
:10D0900010CDC901C6CF45805680678070842A2D87
:10D0A0003D2DA801C301B2010F942996882309F4EC
:10D0B00087C0D70115962D913D914D915C911897A0
:10D0C000AF962CAF3DAF4EAF5FAFAF97C301B2018C
:10D0D0000F94389F18160CF063C0F701618D728DA4
:10D0E000838D948D90589B01AC010F94119DD701B5
:10D0F00051962D913D914D915C9154970F948E9640
:10D100009B01AC01AF966CAD7DAD8EAD9FADAF9781
:10D110000F94109DAC966FAFAC97E4967FAFE497F9
:10D12000E8968FAFE897E0969FAFE0979B01AC0140
:10D13000C301B2010F94389F181694F5AC962FAD29
:10D14000AC97E4963FADE497E8964FADE897E0964C
:10D150005FADE0976A2D7D2DC8010F94389F18169A
:10D1600064F0AC96AFACAC97E496DFACE497E8968D
:10D170000FADE897E0961FADE097B7E7B89DF001D7
:10D18000B99DF00D1124E158FD4E8A2D9D2DD80139
:10D1900085839683A783B08785879687A787B08B7B
:10D1A00007E7089DF001099DF00D1124E158FD4E9F
:10D1B00085819681A781B08581879287A387B4876F
:10D1C00017E7189DF001199DF00D1124E158FD4E4F
:10D1D00065817681878190850F94CB9F4B01A82E26
:10D1E000D92E8B01282F392F4B2DA8965FADA897EC
:10D1F000B101C7010E94A794B82CA8969FAEA8972A
:10D200002A2C3D2C41CF6D96FFAEEEAE6D9751CCE2
:10D21000E114F10401F1F701808180FF1CC06496E4
:10D220006FAD649768967FAD6897A0968FADA09715
:10D23000A4969FADA4970F94CB9F8B019C014B2D7F
:10D24000A8965FADA897B101C7010E94A794D70126
:10D250008C918E7F8C930F94922881E0CF54DF4F76
:10D260000FB6F894DEBF0FBECDBFDF91CF911F91F7
:10D270000F91FF90EF90DF90CF90BF90AF909F9075
:10D280008F907F906F905F904F903F902F90089578
:10D2900080E0E4CFE090810CF090820C0091830C50
:10D2A0001091840C0D94BF5AFC01DB018C912081FC
:10D2B0003181382798E0A901220F331F57FD05C09F
:10D2C0009150C9F7318320830895B1E22B27B0E153
:10D2D0003B27F6CF2F923F924F925F926F927F92B1
:10D2E0008F929F92AF92BF92CF92DF92EF92FF9276
:10D2F0000F931F93CF93DF93CDB7DEB766970FB62B
:10D30000F894DEBF0FBECDBF4C017B011A013E8BEE
:10D310002D8B198A1A8AFB0180819181A281B381A8
:10D320008F3F9105A105B10521F118F11D861E86DB
:10D330001F86188AAC01BD0137E076956795579531
:10D3400047953A95D1F75A87498780688B878C87AC
:10D35000009166111091671180916411909165118F
:10D360009C8B8B8BAA24A394B12C0115110509F079
:10D3700050C0F7018081898BB401AE014F5E5F4FD1
:10D38000C101ED89FE89199566960FB6F894DEBF46
:10D390000FBECDBFDF91CF911F910F91FF90EF9006
:10D3A000DF90CF90BF90AF909F908F907F906F90C5
:10D3B0005F904F903F902F9008958217930720F130
:10D3C0009C818B85981708F445C09B818C858917B3
:10D3D000D8F06091641170916511640D751D48E07D
:10D3E00050E0CE0109960F94FD946F857889611500
:10D3F000710509F4BECF8616970609F4BECFF70172
:10D4000080818068898BB9CF86010A151B0508F4D5
:10D41000B0CF3501600E711E76946794630191E080
:10D42000C91AD108260193E0440C551C9A95E1F7DE
:10D430006B897C89640D751D48E050E0CE01019632
:10D440000F94FD9429813A8189859A852817390797
:10D4500008F0B3CF5301EFEFAE1ABE0AD6CF8F92CA
:10D460009F92AF92BF92CF92DF92EF92FF920F9373
:10D470001F93CF93DF9300D01F92CDB7DEB76C011F
:10D480007B014A015901AE014F5F5F4FB401C701F3
:10D490000E9410B87C0189819A81AB81BC81892B63
:10D4A0008A2B8B2B41F09801A501BE016F5F7F4F46
:10D4B000C60110DFE8CF0F900F900F900F90DF9113
:10D4C000CF911F910F91FF90EF90DF90CF90BF9081
:10D4D000AF909F908F9008950F931F93CF93DF93FA
:10D4E00000D000D000D0CDB7DEB780918E1A9091D9
:10D4F0008F1A892B09F47CC00F949A550091941AC5
:10D500001091951A2091961A3091971A6017710709
:10D510008207930740F46093941A7093951A80934E
:10D52000961A9093971A0091941A1091951A209137
:10D53000961A3091971A601B710B820B930B6C3209
:10D54000714081059105C0F2F8948091891A9091FB
:10D550008A1A9A838983E0918E1AF0918F1ADF01DB
:10D560001196808189879091851AE091981AF0919F
:10D57000991A80919A1A992309F445C09081982BA1
:10D5800098879081809589238F838F818C8388E011
:10D590008B8358856F8149853B812C8189819A8154
:10D5A000508347FD252F3A952083262F39F0441FBD
:10D5B00000C000006083000000C0F2CF38E04D9151
:10D5C00060830000019761F7F093991AE093981A2D
:10D5D00049873B832C839A83898378940F949A5547
:10D5E0006093941A7093951A8093961A9093971A51
:10D5F00029960FB6F894DEBF0FBECDBFDF91CF9155
:10D600001F910F9108959081982B98879081809514
:10D6100089238F838F818E8388E08D8358856F81E6
:10D6200049853D812E8189819A81508347FD252F2F
:10D6300000C000C0208300C000C000C000C000C007
:10D6400060830000262F3A9541F0441F000000C07F
:10D6500000C000C000C000C0E8CF38E04D9100C05D
:10D66000608300C0019709F7F093991AE093981A24
:10D6700049873D832E83AFCF8F929F92AF92BF9207
:10D68000CF92DF92EF92FF92CF934B01AA24BB245B
:10D69000C82DC52ED62EE72EFF24BC2DA42F2091F9
:10D6A0008D1A222361F0829E40011124C92D2C9DE8
:10D6B00060011124BD2D249FF0011124AF2FE091B2
:10D6C000931AE0908E1AF0908F1A3091901AE3130B
:10D6D00023C09C01220F331F820F931F8E0D9F1DAD
:10D6E000E091901AE80FF92FF11DC083E091911A93
:10D6F000E80FF92FF11DB0832091921A820F911D2E
:10D70000FC01A083CF91FF90EF90DF90CF90BF906E
:10D71000AF909F908F900895880F991F880F991F41
:10D720008E0D9F1D472F552766277727222349F007
:10D7300030E0249F7001259FF00C349FF00C1124E1
:10D740004F2DE80FF92FF11D4083CACF1F93CF93C0
:10D75000DF9311E0180F20918D1A1217A9F1C091D3
:10D760008E1AD0918F1A215070E060E061F08F3FE7
:10D77000F9F430E050E040E06FEF7FEF80E090E0C0
:10D780000F94759CB901FE014091891A50918A1A33
:10D79000CF018C1B9D0B84179507A0F4DF014D91E1
:10D7A000469FC001479F900D11249083FD01ECCF4F
:10D7B000812F90E0982F88270197622F70E00F94B7
:10D7C000C99CE1CF10938D1ADF91CF911F910895DD
:10D7D00083E09AE1FC0101900020E9F7CF018E522D
:10D7E0009A41863D9F4760F4E3E0FAE18AE290E0E7
:10D7F00022A5207C203839F08D5F954EFC011082E7
:10D8000083E09AE10895019731978F3F980781F758
:10D81000F7CF0F945A29811119C00F9465298823D5
:10D8200059F080912111811104C084E191E10C949F
:10D8300027E281E291E1FBCF80916311813049F0D1
:10D8400082E799E441E06FEF0C949B5780E999E4FB
:10D85000F9CF84E899E4F6CF8F929F92AF92BF926E
:10D86000CF92DF92EF92FF92CF93DF9390931311B9
:10D870008093121110928B1182E090E0A0E0B0E052
:10D880008093741190937511A0937611B0937711D2
:10D890001092111110920D1110920E1110920F1181
:10D8A000109210118FEF9FEFDC018093091190937C
:10D8B0000A11A0930B11B0930C11662309F470C0E8
:10D8C00040E060E070E0CB010E94DD8081110DC07E
:10D8D000C0E08C2FDF91CF91FF90EF90DF90CF9041
:10D8E000BF90AF909F908F9008958091C7108F77D1
:10D8F00079F78091D3109091D410A091D510B09168
:10D90000D61084369105A105B10510F3C090CF1053
:10D91000D090D010E090D110F090D210C114D1046A
:10D92000E104F104A9F240E0C701B6010E94DD80E4
:10D93000C82F882369F28091140F9091150F8115DB
:10D94000924031F6A091190FAA2311F26091170F9E
:10D950007091180F6115710509F4BACF2091160F57
:10D96000222309F4B5CFA09386112093781190E07B
:10D9700080E030E0E1E0F0E0D82FAF01082E02C0F7
:10D98000440F551F0A94E2F72417350769F041E068
:10D99000480F01968930910579F74093811198CF0E
:10D9A000C12CD12C7601BFCF8093811120911F0F04
:10D9B0003091200F50E040E02115310541F42091D5
:10D9C0002D0F30912E0F40912F0F5091300F20933B
:10D9D000791130937A1140937B1150937C11460159
:10D9E0005701860E971EA11CB11C80928711909240
:10D9F0008811A0928911B0928A11E0911A0FF091CA
:10DA00001B0FF0938D11E0938C11B0E00F94919C5B
:10DA1000DC01CB01880D991DAA1DBB1D80938E11C1
:10DA200090938F11A0939011B093911125E0EE0F78
:10DA3000FF1F2A95E1F7E150FE4FEF2FFF27E695F4
:10DA40008E0F9F1FA11DB11D809382119093831192
:10DA5000A0938411B093851180901C0F90901D0F9E
:10DA6000B12CA12C8114910441F48090290F909045
:10DA70002A0FA0902B0FB0902C0FC81AD90AEA0ACF
:10DA8000FB0AC80CD91CEA1CFB1C04C0F694E794E2
:10DA9000D794C794DA95D2F7C0927D11D0927E11B7
:10DAA000E0927F11F092801185EFC8168FE0D806C2
:10DAB000E104F10420F48CE080938B1109CF80E124
:10DAC00025EFC2162FEFD206E104F10488F0809111
:10DAD000350F9091360FA091370FB091380F80938A
:10DAE0008E1190938F11A0939011B093911180E2B9
:10DAF00080938B11EECE8F929F92AF92BF92CF9276
:10DB0000DF92EF92FF920F931F93CF93DF9300D09A
:10DB10001F92CDB7DEB7FC018381813091F080E0A8
:10DB20000F900F900F900F90DF91CF911F910F9159
:10DB3000FF90EF90DF90CF90BF90AF909F908F902D
:10DB40000895818181FFEBCF81899289A389B4896E
:10DB5000892B8A2B8B2B09F460C07F0140E050E0B9
:10DB6000BA01CF010E942C848823C9F2F701C18C2D
:10DB7000D28C85889688A788B08C82E090E0A0E05F
:10DB8000B0E0F60180839183A283B3839E012F5F6F
:10DB90003F4FB501A401C6010E94AD81882309F45D
:10DBA000BECF00E010E09801B501A401C6010E94BB
:10DBB0001C81882309F4B3CF89809A80AB80BC8014
:10DBC000F6018789803101F5F8EF8F16FFEF9F0688
:10DBD000A104B104D8F2F701158A168A178A108EAB
:10DBE000118A128A138A148A818180688183C7010D
:10DBF0000E94F883882309F492CF40E050E0BA01F4
:10DC0000C7010E942C848CCF88EF88168FEF98066E
:10DC1000A8068FE0B806F8F6B9CF81E081CF2F9241
:10DC20003F924F925F926F927F928F929F92AF92AC
:10DC3000BF92CF92DF92EF92FF920F931F93CF93F9
:10DC4000DF931F921F92CDB7DEB7382E7B012DB721
:10DC50003EB73A83298380917E1C811107C01092C0
:10DC6000631C1092661C81E080937E1C80915B1C7B
:10DC7000811107C01092401C1092431C81E08093D8
:10DC80005B1CDA018C918F3209F083C086EB9AE13C
:10DC9000F701918380834F5F5F4F311010926811BD
:10DCA000F701408051808A0123E6C22E2CE1D22E5A
:10DCB0003BE1232E01151105C1F16DB67EB66FE271
:10DCC00070E0C8010F944DA15C010817190740F5D9
:10DCD000AC01401B510B55274F5F5F4F2DB73EB72F
:10DCE000241B350B0FB6F8943EBF0FBE2DBF8DB76A
:10DCF0009EB701964C01B8010F947295C6010E941F
:10DD0000E187D7016D917C9121E0A401C6010E94B9
:10DD1000F788811144C0C4010E940DBC10E000E0EE
:10DD20000FB6F8947EBE0FBE6DBE3320A9F0D701AA
:10DD3000ED91FC918BE1A1EDBAE101900D928A95F4
:10DD4000E1F791E080916811811190E08091731169
:10DD500090FB86F980937311C801E981FA810FB6AF
:10DD6000F894FEBF0FBEEDBF0F900F90DF91CF91E3
:10DD70001F910F91FF90EF90DF90CF90BF90AF90E9
:10DD80009F908F907F906F905F904F903F902F90DB
:10DD9000089581ED9AE1D7018D939C9381CFF7018E
:10DDA000808191814816590611F00E94E187D701C0
:10DDB000CD92DC92332099F0A0916811AA3078F4CA
:10DDC00081E08A0F809368112A9ED0011124A4510A
:10DDD000B54EF601822D01900D928A95E1F7B3E6DA
:10DDE000CB16BCE1DB0669F490E4C92E9CE1D92E88
:10DDF00085010F5F1F4F0FB6F8947EBE0FBE6DBE3C
:10DE000059CF83E6C82E8CE1D82EF2CFEF92FF9245
:10DE10000F931F93CF93DF93CDB7DEB764970FB601
:10DE2000F894DEBF0FBECDBF7C01FB016081718124
:10DE3000828193818E010F5F1F4F22E041E00F949A
:10DE40002F90F70101900020E9F79F01215031093F
:10DE50002E193F092233310550F443E350E0421BB1
:10DE6000530BBC01C701820F931F0F947295C7011A
:10DE700064960FB6F894DEBF0FBECDBFDF91CF9191
:10DE80001F910F91FF90EF900895BF92CF92DF9274
:10DE9000EF92FF920F931F93CF93DF93EB01FC015F
:10DEA0002381223008F49DC04085518562857385A9
:10DEB0004F71552766277727452B462B472B09F0AF
:10DEC00090C08C011092221110922111C12CDD24DE
:10DED000DA947E01FBE0EF0EF11C8DE0B82E40E2FB
:10DEE00050E0BE01C8010E943A868032910581F05F
:10DEF00021E0892B09F420E0822F8195DF91CF91D9
:10DF00001F910F91FF90EF90DF90CF90BF900895F9
:10DF10002881222309F467C0253E11F02E3229F40E
:10DF20001092221110922111DACF3B853F733F30BE
:10DF300009F042C04A8D5B8D452B61F52F713FEF93
:10DF4000320F353038F58D85213041F1C81229C0A6
:10DF50002150330BB29EC001B39E900D1124DC0101
:10DF6000AF5DBE4EFE0120E02B30F0F046815781C0
:10DF70004F3F510519F010F04FE550E04D932F5FE2
:10DF800032962D3089F7288126FF04C0FC01E25D1E
:10DF9000FE4E10822B8523FDA2CFB0CFC82ED12CF0
:10DFA000D7CFDD24D394D4CF253018F044815581C8
:10DFB000DFCF41815281DCCFD1100EC0FE0120E0C5
:10DFC00020FB279527F93191230FEE16FF06C1F7A5
:10DFD000C21601F3DD24D394109222111092211164
:10DFE000D9CF8FEF8BCF80E089CF8F929F92AF9266
:10DFF000BF92EF92FF921F93CF93DF93CDB7DEB71F
:10E00000A0970FB6F894DEBF0FBECDBF61157105A6
:10E010008105910591F120E04AE0842E912CA12CFC
:10E02000B12C11E0120FEE24E394F12CEC0EFD1E46
:10E03000E20EF11C27FDFA94A50194010F94539C64
:10E04000F7016083B901CA01212F611571058105AE
:10E05000910539F7115018F1E1E0F0E0EC0FFD1FE8
:10E06000E10FF11D17FDFA95908187E39A3008F4CE
:10E0700080E3890F0F94AB2CEDCF80E3A0960FB611
:10E08000F894DEBF0FBECDBFDF91CF911F91FF90FF
:10E09000EF90BF90AF909F908F900D94AB2CA09677
:10E0A0000FB6F894DEBF0FBECDBFDF91CF911F91A9
:10E0B000FF90EF90BF90AF909F908F900895CF9278
:10E0C000DF92EF92FF926B017C01F7FE0BC0F094A0
:10E0D000E094D094C094C11CD11CE11CF11C8DE2D1
:10E0E0000F94AB2CC701B601FF90EF90DF90CF905B
:10E0F0007CCF9091840D21E6929FF0011124EB5189
:10E10000F24F808384E0989FF0011124E05DF34E8C
:10E1100040917E0D50917F0D6091800D7091810D29
:10E1200040835183628373839F5F943040F4909364
:10E13000840D8091820D8F5F8093820D08951092DF
:10E14000840DF7CFE5E9FCE0808181834091170DD4
:10E150005091180D6091190D70911A0D4F5F5F4F1E
:10E160006F4F7F4F89E699E40E946BE285E699E460
:10E170000D94032D0F931F93CF938C01C62F0F94F3
:10E18000692D4091170D5091180D6091190D7091E6
:10E190001A0DC8010E946BE20F94C23A0196E1F792
:10E1A0008C2FD0DF10921C0D10921B0DCF911F9160
:10E1B0000F910895CF93DF93CDB7DEB760970FB679
:10E1C000F894DEBF0FBECDBFE5E8FCE08081918111
:10E1D000A281B38189839A83AB83BC838481958137
:10E1E000A681B7818D839E83AF83B8878085918513
:10E1F000A285B38589879A87AB87BC8784859585F7
:10E20000A685B7858D879E87AF87B88BCE0101968F
:10E210000E9489D949815A816B817C8182E699E487
:10E220000F94592D4D815E816F8178858EE599E43B
:10E230000F94592D49855A856B857C858AE599E42B
:10E240000F94592D4D855E856F85788986E599E413
:10E250000F94592D60960FB6F894DEBF0FBECDBF58
:10E26000DF91CF9108958F929F92AF92BF92CF92FC
:10E27000DF92EF92FF920F931F93CF93DF93B4E45B
:10E28000A0E06A2F70E0AB014B0F511D55954795EB
:10E29000411119C0E2E2F5E465917491072E000C7A
:10E2A000880B990B0F942F96DF91CF911F910F91AF
:10E2B000FF90EF90DF90CF90BF90AF909F908F90A6
:10E2C0000895B42FE0CF4A1711F0B41303C0EEE263
:10E2D000F6E4E2CF9A0121503109220F331F220FB9
:10E2E000331FF901E05EFA4BE590F490F901EC5D23
:10E2F000FA4BC591D4918E159F0518F3A42FC8171A
:10E30000D90708F4BECFF901EE5DFA4B05911491DF
:10E31000F901EA5DFA4BC590D4908E199F09BC01B2
:10E3200090E080E00F942D964B015C01B601601BDC
:10E33000710B072E000C880B990B0F942F969B01E5
:10E34000AC01C501B4010F948E964B015C01CE194E
:10E35000DF09BE0190E080E00F942D969B01AC0197
:10E36000C501B4010F94ED9D6B017C01B801110F43
:10E37000880B990B0F942F969B01AC01C701B60136
:10E380000F94119D91CFCF93DF9390915E12809166
:10E390005D12891738F0891B8F3031F480E00F94BB
:10E3A000273BF3CF805FF7CF80915D120E9442D967
:10E3B000A0915D1297E7A99FD0011124FD01E158BA
:10E3C000FD4EEF0119929A95E9F790819460908340
:10E3D000A456BD4E90E1EFE6F2E101900D929A95C0
:10E3E000E1F720915D1290915E12291303C094E62B
:10E3F00090935B1280935D12DF91CF910D949228E0
:10E40000CF93DF93CDB7DEB760970FB6F894DEBF3A
:10E410000FBECDBF80E1E5E8FCE0DE011196019082
:10E420000D928A95E1F7CE0101960E943E94CE01AD
:10E4300001960E9482A160960FB6F894DEBF0FBECF
:10E44000CDBFDF91CF910895CF93DF93CDB7DEB7E6
:10E4500060970FB6F894DEBF0FBECDBFFC0190E110
:10E46000DE01119601900D929A95E1F780913A0C98
:10E4700090913B0C892B69F4CE0101960F94C756FD
:10E4800060960FB6F894DEBF0FBECDBFDF91CF917F
:10E49000089580E0F5CFCF93C82F41E00E949FE21E
:10E4A000C11103C0CF910D946C2DCF910895CF93DE
:10E4B000DF936DE878E4EFDFCDE3DCE04C895D8944
:10E4C0006E897F8985E898E40F94592D488D598D80
:10E4D0006A8D7B8D82E898E40F94592D4C8D5D8D6B
:10E4E0006E8D7F8D8FE798E40F94592D48A159A127
:10E4F0006AA17BA18CE798E40F94592DDF91CF910D
:10E500000D94E42D0F931F93CF93DF9300D01F92B0
:10E51000CDB7DEB7182F0E94518E17FD07C0212FEF
:10E52000012E000C330B281739075CF00E944F8F27
:10E530000F900F900F900F90DF91CF911F910F913F
:10E5400008952F5F3F4F84E6829FA001839F500D67
:10E5500011248091FF1190910012841B950B9C83D4
:10E560008B831A82198201E09E012F5F3F4F44E6A0
:10E5700050E066EA7BE0CE0103960F94032A8823DD
:10E5800029F080E698E40F94032DD2CF612F89E41F
:10E5900098E40E94F0E4CCCF8AEF9BE10E94F883DC
:10E5A0008AEF9BE10E94E187809173118D7F8E7FBE
:10E5B0008093731110926F1110927011109271115B
:10E5C0001092721108951092990B81E09091980B1E
:10E5D000911101C080E00D9440276F927F928F923D
:10E5E0009F92AF92BF92CF92DF92EF92FF920F93E2
:10E5F0001F93CF93DF93CDB7DEB76C970FB6F89428
:10E60000DEBF0FBECDBF782E4A015B0168017901E4
:10E6100020E030E0A901C701B8010F9429968111CB
:10E6200011C0772019F081E078128CC060E070E8AA
:10E630008BEB95E420E030E040E752E40F94ED9D51
:10E640006B017C01072D10E0F801E45EF74BE491CB
:10E65000772473941E160CF4712C6624639420E0C6
:10E6600030E0A901C501B4010F94389F18160CF0D1
:10E67000612C80E00E943FA269837A838B839C8314
:10E6800081E00E943FA26D837E838F83988782E022
:10E690000E943FA269877A878B879C8783E00E94CC
:10E6A0003FA26D877E878F87988B000F111F000F09
:10E6B000111FE1E0F0E0EC0FFD1F0E0F1F1FF8012E
:10E6C0001082118212821382CE0101960E9482A1D1
:10E6D000F80180829182A282B382198A1A8A1B8AE7
:10E6E0001C8A1D8A1E8A1F8A188E198E1A8E1B8EEE
:10E6F0001C8E80913A0C90913B0C892B49F49E0121
:10E700002F5E3F4FB701A601CE0101960F94C75669
:10E710000E941C9476100E94CFAC6C960FB6F894B1
:10E72000DEBF0FBECDBFDF91CF911F910F91FF9044
:10E73000EF90DF90CF90BF90AF909F908F907F90A1
:10E740006F90089560E070E080EF93E473CFDF9204
:10E75000EF92FF920F931F93CF93DF9300D01F92FE
:10E76000CDB7DEB7D82E05E1061B662361F082E047
:10E7700090E0A0E0B0E089839A83AB83BC83CE01B4
:10E7800001960E94ACDAE02EF12C86E0089F800111
:10E7900011248091211181111DC084E191E1B80102
:10E7A0000E94C2DC081B190B0730110530F18AE109
:10E7B00098E40E9468DC06501109F6CF8091960B10
:10E7C000981710F41092960B8091960B90E08F5D45
:10E7D0009E4EE5CFDD2071F081E291E10E9402B80A
:10E7E00090E08E199F0997FD80E0982F8093970BFA
:10E7F0008111E4CF81E291E1D2CF0F900F900F9081
:10E800000F90DF91CF911F910F91FF90EF90DF90CC
:10E8100008958F929F92AF92BF92CF92DF92EF9224
:10E82000FF920F931F93CF93DF9300D01F92CDB72A
:10E83000DEB7982F862F4A01F22ECDB6DEB6692FAD
:10E840000E94C2D9882309F446C00091940B10910C
:10E85000950B2091920B3091930B4091910B8DB7BA
:10E860009EB78A970FB6F8949EBF0FBE8DBF0196D4
:10E870005C0154E1E52EB4010E94E757082F68E7D8
:10E8800070E0C5010E94C2DC0FB6F894DEBE0FBE78
:10E89000CDBE14E1101B112331F088E198E40E94F1
:10E8A00068DC1150F8CF8F2DFF0C990BAA0BBB0B16
:10E8B00089839A83AB83BC838091900B9AE7909372
:10E8C000791A80937A1ACE0101960E94ACDA86E119
:10E8D00098E40E9468DC0FB6F894DEBE0FBECDBE91
:10E8E0000F900F900F900F90DF91CF911F910F918C
:10E8F000FF90EF90DF90CF90BF90AF909F908F9060
:10E9000008958F929F92AF92BF92CF92DF92EF9233
:10E91000FF920F931F93CF93DF938A0143E050E060
:10E920000E9489AF6B017C01C114D104E104F104A0
:10E9300009F470C0F7FE6EC0F094E094D094C094D7
:10E94000C11CD11CE11CF11C8DE2E801C957D44F58
:10E9500088830130110599F4C701B60120E137E23F
:10E9600040E050E00F94759CCA01B9012AE030E004
:10E9700040E050E00F94759C605D6093890BC70187
:10E98000B60128EE33E040E050E00F94759C8AE039
:10E99000882E912CA12CB12CCA01B901A50194019A
:10E9A0000F94759C605D60938A0B8EE280938B0B55
:10E9B000C701B60124E630E040E050E00F94759CBA
:10E9C000CA01B901A50194010F94759C605D609323
:10E9D0008C0BC701B601A50194010F94759C162FED
:10E9E000CA01B901A50194010F94759C605D609303
:10E9F0008D0B105D10938E0BCE01DF91CF911F9187
:10EA00000F91FF90EF90DF90CF90BF90AF909F90CD
:10EA10008F90089580E299CFCF92DF92EF92FF928C
:10EA20000F931F93CF93DF93CDB7DEB7A1970FB6A8
:10EA3000F894DEBF0FBECDBF282F30E050E040E09D
:10EA400019A28E010F5D1F4F8AE0C82ED12CE12C38
:10EA5000F12CCA01B901A70196010F94539C605D86
:10EA6000F80162938F01211531054105510589F7A0
:10EA700090E080E0309761F001900020E9F7319755
:10EA8000AF01401B510BB8018EE39AE10F94BF55C3
:10EA9000A1960FB6F894DEBF0FBECDBFDF91CF9128
:10EAA0001F910F91FF90EF90DF90CF900895EF921C
:10EAB000FF920F931F93CF93DF93FB01D081DD2350
:10EAC00041F17B018C016D2F0F94F955F801C1893B
:10EAD000C195FFEFEF1AFF0AF70181917F01F8015D
:10EAE000882341F09089C90FD82F682FC8010F944F
:10EAF000F955F2CFD03259F083899189890F8C0F63
:10EB0000DF91CF911F910F91FF90EF900895808931
:10EB1000F6CF80E0F5CF1F93CF93DF93162FC82F4A
:10EB2000D0E060FF0CC086E08C9FF0018D9FF00D5F
:10EB30001124E558F44F808191810E943A2B11FFF6
:10EB400015C086E08C9FF0018D9FF00D1124E558D3
:10EB5000F44F828193818C38910514F08CE890E019
:10EB60009093B6118093B5110F94F11512FF12C056
:10EB700086E08C9FF0018D9FF00D1124E558F44F35
:10EB8000848195818F3F910519F010F08FEF90E00F
:10EB90008093290CDF91CF911F9108958F929F92BE
:10EBA000AF92BF92CF92DF92EF92FF92CF936B0121
:10EBB0007C0120E030E0A9010F94299687FF04C072
:10EBC000F7FAF094F7F8F09442E050E0C701B6018C
:10EBD0000E9489AF6B017C0160E280E4C81682E488
:10EBE000D8068FE0E806F1048CF0C701B60120E4F6
:10EBF00032E44FE050E00F94759CCA01B9012AE05D
:10EC000030E040E050E00F94759C605D6093870BAE
:10EC100060E280EAC81686E8D80681E0E806F104DA
:10EC20008CF0C701B60120EA36E841E050E00F94CD
:10EC3000759CCA01B9012AE030E040E050E00F9431
:10EC4000759C605D6093880B60E280E1C81687E286
:10EC5000D806E104F1048CF0C701B60120E137E2E7
:10EC600040E050E00F94759CCA01B9012AE030E001
:10EC700040E050E00F94759C605D6093890B60E20A
:10EC800088EEC81683E0D806E104F1048CF0C701D1
:10EC9000B60128EE33E040E050E00F94759CCA01C5
:10ECA000B9012AE030E040E050E00F94759C605DCF
:10ECB00060938A0BC701B60124E630E040E050E0E3
:10ECC0000F94759C8AE0882E912CA12CB12CCA013E
:10ECD000B901A50194010F94759C605D60938B0B45
:10ECE0008EE280938C0BC701B601A50194010F94AD
:10ECF000759CC62FCA01B901A50194010F94759C9A
:10ED0000605D60938D0BC05DC0938E0B87E89BE0C8
:10ED1000CF91FF90EF90DF90CF90BF90AF909F90FA
:10ED20008F9008952F923F924F925F926F927F92B1
:10ED30008F929F92AF92BF92CF92DF92EF92FF920B
:10ED40000F931F93CF93DF9300D000D0CDB7DEB7E2
:10ED50001C017E836D83E982FA820B831C83CA01C6
:10ED6000B9010F94559E2B013C01ED81FE8160811C
:10ED70007181828193810F94559E5B016C01A4186F
:10ED8000B508C608D708C801B7010F94559E7B0186
:10ED90008C01E418F508060917091F921F921F92AB
:10EDA00081E5882E8EE4982EA30192016D817E81EB
:10EDB000C1010E946A4F0F900F900F9026960FB6D8
:10EDC000F894DEBF0FBECDBFDF91CF911F910F91A1
:10EDD000FF90EF90DF90CF90BF90AF909F908F907B
:10EDE0007F906F905F904F903F902F9008952F925B
:10EDF0003F924F925F926F927F928F929F92AF92CB
:10EE0000BF92CF92DF92EF92FF920F931F93CF9317
:10EE1000DF931C01EB01902E812ECA01B9010F94E2
:10EE20002D962AE037ED43E25DE30F948E960F9422
:10EE3000559E2B013C01688179818A819B810F94C9
:10EE40002D962AE037ED43E25DE30F948E960F9402
:10EE5000559E5B016C01A418B508C608D70818E7D1
:10EE6000E12E1FE0F12E00E010E0E418F50806099D
:10EE700017091F928F929F9297E4892E9EE4992EF4
:10EE8000A3019201BE01C1010E946A4F0F900F9031
:10EE90000F90DF91CF911F910F91FF90EF90DF9036
:10EEA000CF90BF90AF909F908F907F906F905F902A
:10EEB0004F903F902F9008958F929F92AF92BF9264
:10EEC000CF92DF92EF92FF920F931F937901F80197
:10EED0009A01550F440B550BDB01AD90BC900B2CE8
:10EEE000000CCC08DD08A21AB30AC40AD50A0F2CFC
:10EEF000000C000B110BE21AF30A040B150B1F9206
:10EF0000FF93EF93E6E58E2EEEE49E2E0E946A4F6D
:10EF10000F900F900F901F910F91FF90EF90DF9047
:10EF2000CF90BF90AF909F908F9008958F929F92B7
:10EF3000AF92BF92CF92DF92EF92FF920F931F9307
:10EF4000CF93DF93EC01162F072F6091770B70E0C2
:10EF500090E080E00F942F9629EC38EC48EC5EE3CB
:10EF60000F948E9620E030E040E05FE30F94119D17
:10EF70000F94559E1F920F931F932DE3822E2EE424
:10EF8000922E5B016C0114E6E12EF12C00E010E002
:10EF900020E030E0A90167E77BE0CE010E946A4FE4
:10EFA0000F900F900F90DF91CF911F910F91FF90D5
:10EFB000EF90DF90CF90BF90AF909F908F9008958B
:10EFC0008F929F92AF92BF92CF92DF92EF92FF9279
:10EFD0000F931F93F901242F30E050E040E0DB0154
:10EFE000AC90B12CD12CC12CA21AB30AC40AD50AF8
:10EFF000E12CF12C8701EA94E21AF30A040B150BB9
:10F00000A1E0AF93FF93EF93B8E38B2EBEE49B2E6A
:10F010000E946A4F0F900F900F901F910F91FF90D9
:10F02000EF90DF90CF90BF90AF909F908F9008951A
:10F03000282F30E0F901EE56F84B9491F901E35690
:10F04000F64B44912350364BF9012491222309F4C5
:10F0500035C0992311F191509231F8F4E92FF0E085
:10F060008827EA5CF7488E4F0D94F09C21011D0122
:10F07000F700050119013301FD003B0125012901BC
:10F0800027013D01E300E50033013701110139019A
:10F09000809180008F7780938000E22FF0E0EE0F68
:10F0A000FF1FED51F64BA591B4918FB7F894EC91F9
:10F0B000611148C040954E234C938FBF08958091B5
:10F0C00080008F7DE8CF80918000877FE4CF84B57A
:10F0D0008F7784BDE2CF84B58F7DFBCF8091B00068
:10F0E0008F778093B000D9CF8091B0008F7DF9CF1A
:10F0F000809190008F7780939000CFCF8091900087
:10F100008F7DF9CF80919000877FF5CF8091A0000F
:10F110008F778093A000C1CF8091A0008F7DF9CF21
:10F120008091A000877FF5CF809120018F77809319
:10F130002001B3CF809120018F7DF9CF80912001F4
:10F14000877FF5CF4E2BB8CF860F911DFC0183A191
:10F150008F3F11F0642F6CCF0895CF93DF9390E031
:10F16000FC01E356F64B24918350964BFC018491AD
:10F170008823D1F090E0880F991FFC01E858F84BE4
:10F18000A591B491FC01ED51F64BC591D49161115B
:10F190000EC09FB7F8948C91E22FE0958E238C934C
:10F1A0002881E223E8839FBFDF91CF9108958FB735
:10F1B000F894EC91E22BEC938FBFF6CFEF92FF9295
:10F1C0000F931F93CF938C01C42F79016150673047
:10F1D00008F03DC0E62FF0E08827EE50F7488E4F4C
:10F1E0000D94F09CF300FF0017012F01F9001501A9
:10F1F0000901780183E2E80EF11C005D1F4FF70161
:10F2000081917F018F3F39F061E0A7DF61E0F70175
:10F21000319780810DDFE016F10689F761E084E324
:10F220009CDF60E084E304DF61E083E396DF60E07D
:10F2300083E3FEDE61E085E390DF61E085E3F8DEF5
:10F240001CBC80E58CBDC23010F481E08DBD81E036
:10F25000CF911F910F91FF90EF90089561E0C80149
:10F2600073DFF5CF411103C041E062E0F8CF40E029
:10F2700064E0C80169DF40E0F8CFF80183A160E0F5
:10F280008F3F29F3ECCF842F0F949F56E0CFF701E7
:10F2900081917F010F949F56C150C111F8CFD7CFF4
:10F2A000F70184910F949F56FFEFEF1AFF0AC150A8
:10F2B000C111F6CFCCCF8F929F92AF92BF92CF92D7
:10F2C000DF92EF92FF926B017C010F949A554B01F4
:10F2D0005C01C114D104E104F104B9F00F949A5512
:10F2E000681979098A099B09683E7340810591056F
:10F2F00080F321E0C21AD108E108F10888EE880EF7
:10F3000083E0981EA11CB11CE4CFFF90EF90DF902A
:10F31000CF90BF90AF909F908F9008952FB7F894A3
:10F320006091181C7091191C80911A1C90911B1CE3
:10F330002FBF0895CF93DF93EC0184E00E941FA3B9
:10F3400081112FC08091A10B9091A20B8C0F9D1F5A
:10F350009093A20B8093A10B80919F0B9091A00B97
:10F36000C80FD91FD093A00BC0939F0BD7DF60931A
:10F370009B0B70939C0B80939D0B90939E0B0F9413
:10F380009828882371F080916B0290916C0201960D
:10F3900041F410926C0210926B02DF91CF910D94A8
:10F3A0009228DF91CF910895CF92DF92EF92FF9252
:10F3B000B5DF6B017C0128E5C20E22E0D21EE11C04
:10F3C000F11C0F940F3B8F3FA1F0A8DFA70196011E
:10F3D000261B370B480B590BDA01C9011816190601
:10F3E0001A061B0674F380E0FF90EF90DF90CF9039
:10F3F000089581E0F9CF1F920F920FB60F9211245A
:10F400002F933F938F939F93AF93BF938091181C3B
:10F410009091191CA0911A1CB0911B1C3091171CC3
:10F4200023E0230F2D3758F50196A11DB11D209320
:10F43000171C8093181C9093191CA0931A1CB0934E
:10F440001B1C80911C1C90911D1CA0911E1CB09136
:10F450001F1C0196A11DB11D80931C1C90931D1CA7
:10F46000A0931E1CB0931F1CBF91AF919F918F91D1
:10F470003F912F910F900FBE0F901F90189526E887
:10F48000230F0296A11DB11DD2CF1F920F920FB66E
:10F490000F9211240BB60F922F933F934F935F93CC
:10F4A0006F937F938F939F93AF93BF93EF93FF934C
:10F4B0008091040B9091050BA091060BB091070B66
:10F4C000892B8A2B8B2BE1F19091030BE091010B9F
:10F4D000F091020B8081892780838091040B9091A9
:10F4E000050BA091060BB091070B181619061A060A
:10F4F0001B069CF48091040B9091050BA091060BC8
:10F50000B091070B0197A109B1098093040B909367
:10F51000050BA093060BB093070BFF91EF91BF91E2
:10F52000AF919F918F917F916F915F914F913F919B
:10F530002F910F900BBE0F900FBE0F901F9018953C
:10F5400080915C02E1E7F4E4E4919FEF90935C0228
:10F55000E230E1F038F4EE2381F0E13089F060E050
:10F5600067DDDBCFE43049F110F1E530C1F7909170
:10F5700073009D7F90937300F2CF10926E00EFCFD7
:10F5800090916F009D7F90936F00E9CF90917000F4
:10F590009D7F9093700091E09093B0009091B100A6
:10F5A000987F94609093B1001092B300D8CF90915F
:10F5B00071009D7F90937100D2CF909172009D7FDA
:10F5C00090937200CCCFCF93DF93DC01EB012981C4
:10F5D00012969C911297291718F113968C911397F4
:10F5E0008217F0F0E88115968C911597E817C0F412
:10F5F0003C8116964D915C91291B283018F0480FDC
:10F60000511D277081E090E001C0880F2A95EAF72C
:10F61000E40FF52FF11D2081332329F0822B808305
:10F62000DF91CF91089580958223F9CFDB01ED9191
:10F63000FC9119940F931F93CF93DF931F92CDB733
:10F64000DEB70091441A1091451AE091731AF091B7
:10F65000741A82E0199530E020E04AE0B80182E4B3
:10F660009AE1E4DF182FE091731AF091741A83E0A5
:10F670001995E091731AF091741A80E0199511238D
:10F6800099F16091441A7091451A9E012F5F3F4F86
:10F6900046E482E49AE1CADF89818093421A60914C
:10F6A000441A7091451A9E012F5F3F4F47E482E450
:10F6B0009AE1BCDF89818093431A6091441A70916A
:10F6C000451A30E020E048E482E49AE1AFDF80931D
:10F6D0004D1A6091441A7091451A25E73AE147E1C5
:10F6E00082E49AE1A3DF11E0812F0F90DF91CF91A7
:10F6F0001F910F910895DF92EF92FF920F931F9346
:10F70000CF93DF93182F062FC42FD42FF62EF40E8D
:10F71000EE24E394DD24DA948F2D8D1BD83088F508
:10F720008C2F887F800F9C2F96959695969528EF25
:10F73000929FC00D1124CC23C1F197E0C92760919D
:10F74000441A7091451A10935E1A80935F1A81E0F3
:10F750008093611ACF5FC7708FEF90E001C0880F70
:10F76000CA95EAF78093601A2EE53AE14BE382E40A
:10F770009AE1DF91CF911F910F91FF90EF90DF9071
:10F7800055CF6091441A7091451A10935E1A809378
:10F790005F1AE092611AD092601A2EE53AE14BE3CB
:10F7A00082E49AE143DFD850B7CFDF91CF911F9128
:10F7B0000F91FF90EF90DF900895AF92BF92CF929C
:10F7C000DF92EF92FF920F931F93CF93DF93EC01A1
:10F7D000E62EF42E122F022FD62ED20ECC24CA944F
:10F7E0005C012CE1A20EB11C8D2D801B083068F548
:10F7F000812F887F8E0D912F96959695969528EF5F
:10F80000929F100D1124112361F197E019276A814D
:10F810007B818C8FFD8E1F8E1F5F17708FEF90E0A6
:10F8200001C0880F1A95EAF78E8F9E01245E3F4F24
:10F830004BE3CE01DF91CF911F910F91FF90EF909D
:10F84000DF90CF90BF90AF90F1CE6A817B818C8F9B
:10F85000FD8E1F8ECE8E95014BE3CE01E7DE085064
:10F86000C3CFDF91CF911F910F91FF90EF90DF9069
:10F87000CF90BF90AF9008950F93CF93C82F01E022
:10F8800020E8482F60E082E49AE10F94A55688238F
:10F8900041F020E84C2F60E082E49AE1CF910F9193
:10F8A0008CCFCF910F910895FF920F931F93CF9319
:10F8B000DF93D82F162FF42EC22F022F242F462F7E
:10F8C000682F82E49AE10F94A5568823E9F02F2D42
:10F8D000412F6D2F82E49AE170DF4C2F612F8D2F25
:10F8E0000ADF8FEF8F0D4C2F612F8D0F04DF4FEF4D
:10F8F0004C0F410F2F2D6D2F82E49AE1DF91CF91B4
:10F900001F910F91FF9059CFDF91CF911F910F91D0
:10F91000FF900895DF92EF92FF920F931F93CF9382
:10F92000DF937C01162FC42FD22ED02F0F94A55613
:10F93000882349F0DC0F2D2D4C2F612FC7013DDFAF
:10F94000CF5FDC13F8CFDF91CF911F910F91FF9024
:10F95000EF90DF900895EF92FF920F931F93CF9354
:10F96000DF93C82F7B01142FCB010E94F4B726E050
:10F97000C29FE0011124112381F091E09093621A5B
:10F98000829F900111242E5F0CE042E36C2F6150A6
:10F9900082E49AE1BFDF1092621AA7016CE38C2F18
:10F9A0000E9462DC112319F081E08093621ADF91DA
:10F9B000CF911F910F91FF90EF900895EF92FF92DA
:10F9C0001F93CF93DF93EC01EE85FF85309709F00D
:10F9D0001995EA80FB80E9A9FAA982E01995E9A9BD
:10F9E000FAA981E0199530E020E045E1B701CE01A8
:10F9F0001DDE182F882339F09E012D5C3F4F47E113
:10FA0000B701CE0113DEE9A9FAA980E01995812F8B
:10FA1000DF91CF911F91FF90EF900895DC01149634
:10FA20008D919C9115978617970709F43CC0159600
:10FA30007C936E9314976115710579F157968C91AB
:10FA40005797FB01811130C03596E4915896EC939D
:10FA50005897645F7F4FFB01649159966C93599757
:10FA600058968C915897082E000C990B59962C910A
:10FA70005997821B910927FD93955A962C915A9775
:10FA8000203441F0829FC001112426E0969587958D
:10FA90002A95E1F75B968C935B9787E091E0569609
:10FAA0009C938E9355970895813041F43F96E4914D
:10FAB0005896EC935897605F7F4FCDCF3D96E49179
:10FAC0005896EC935897625F7F4FC5CF5F926F92C5
:10FAD0007F928F929F92AF92BF92CF92DF92EF92DE
:10FAE000FF920F931F93CF93DF93EC01562E142FA9
:10FAF000622F0F94F9556C0180E0C114D104B1F06C
:10FB00008C819D810F94EF55B82EFB88EC888989F4
:10FB1000580E1E198A89181B0E2D2F2D412F652D69
:10FB2000CE010F94A556811111C08889DF91CF9124
:10FB30001F910F91FF90EF90DF90CF90BF90AF900B
:10FB40009F908F907F906F905F900895CB0CD11C09
:10FB500087E0F80EF694F694F694E10E4E01ECE18F
:10FB60008E0E911C6F2C712C1E15F9F2052D56016D
:10FB700010C0F50184916A817B810C8F1D8F1F8ECF
:10FB80008E8F94014BE3CE0151DDFFEFAF1ABF0A18
:10FB9000085F8A2D8C198F1560F3C60CD71C1F5F68
:10FBA000E3CFFF920F931F93CF93DF93D82FF62EBF
:10FBB0008A01E091571AF091581A82E49AE1199556
:10FBC000F80EC0E0F8012491222351F04F2D6D2F43
:10FBD00082E49AE17BDFD80FC80F0F5F1F4FF2CF8F
:10FBE0008C2FDF91CF911F910F91FF900895DB0132
:10FBF0001496ED91FC9130E020E065E01994DB0172
:10FC00001496ED91FC9130E020E062E01994DB0164
:10FC10001496ED91FC9130E020E063E01994CF92CE
:10FC2000DF92EF92FF920F931F93CF93DF938C019C
:10FC30007B016A0180E0F601C49181110FC081E06F
:10FC4000CF3F41F04C2FB701C801D1DF882309F421
:10FC500042C080E0BFEFCB1ADB0AEDCF4FEFCF3FC2
:10FC600091F3CE3FC9F1C03FA0F7C03E30F04C2F1A
:10FC70004F70B701C801C3DFECCFC03D30F04C2F4F
:10FC80004F70B701C801C3DFE4CFC03CF8F0D70123
:10FC90001496ED91FC9130E020E040E064E0C80172
:10FCA0001995C295C07FCE5FD0E0CE010F949556D6
:10FCB000D7011496ED91FC9130E020E041E064E042
:10FCC000C8011995CE010F949556C3CFC7FDC1CF7A
:10FCD0008C2F90E0F8CF80E0DF91CF911F910F91B2
:10FCE000FF90EF90DF90CF9008954F925F926F92C8
:10FCF0007F928F929F92AF92BF92CF92DF92EF92BC
:10FD0000FF920F931F93CF93DF93EC01562E142F86
:10FD1000622E402E220F220F220F0F94A556882309
:10FD200011F1410E5E018CE1A80EB11C862C912CC4
:10FD3000762C052D6701F60184916A817B810C8FF9
:10FD40001D8F1F8E8E8F95014BE3CE016FDCFFEF71
:10FD5000CF1ADF0A7A94085F7110EDCFE80CF91C16
:10FD60001F5F4112E5CFDF91CF911F910F91FF905F
:10FD7000EF90DF90CF90BF90AF909F908F907F904B
:10FD80006F905F904F9008951F93CF93DF93CDB7FF
:10FD9000DEB76D970FB6F894DEBF0FBECDBF1D8ED8
:10FDA0001C8EAC01BE01645E7F4F80E00F940F6E2D
:10FDB00010E00097A9F019821C826C8D7D8D21E0E6
:10FDC000AC01CE0101960E94F788182F882321F0FC
:10FDD000CE0101960E94E187CE0101960E9404F3B4
:10FDE000812F6D960FB6F894DEBF0FBECDBFDF91A9
:10FDF000CF911F910895EF92FF921F93CF93DF93BE
:10FE000000D000D000D01F92CDB7DEB78091731123
:10FE100084FF0E94F8878091731184FF3BC00E9489
:10FE2000F2F2811137C08091691190E08F969F9313
:10FE30008F9387E694E49F938F93CE0101967C0184
:10FE40009F938F930F94C295809173110F900F9091
:10FE50000F900F900F900F9084FF1CC0C70194DF8C
:10FE6000182F8823B9F00E943280C7010E94528067
:10FE7000809169118F5F80936911812F2A960FB647
:10FE8000F894DEBF0FBECDBFDF91CF911F91FF90E1
:10FE9000EF9008951092691110E0EFCFCF93DF93A8
:10FEA000EC018991882319F00F94AB2CFACFDF91E4
:10FEB000CF9108952F923F924F925F926F927F92CF
:10FEC0008F929F92AF92BF92CF92DF92EF92FF926A
:10FED0000F931F93CF93DF93CDB7DEB7C655D109EC
:10FEE0000FB6F894DEBF0FBECDBF5C017B016DB6CF
:10FEF0007EB6BE016F5F7F4FC5010F94456F181628
:10FF00000CF06AC08C858871803109F084C08DB690
:10FF10009EB610E000E0E114F10439F0F701019021
:10FF20000020E9F78F010E191F09C8010D962DB7A2
:10FF30003EB7281B390B0FB6F8943EBF0FBE2DBF3E
:10FF40008DB79EB701966C01080F191FE114F104DB
:10FF500039F0B7010F9458A18FE2F80131978083EF
:10FF6000BE016F5F7F4FC8010E94C7801CAE1FAEED
:10FF700021E0A801B501CE01CC960E94F788882324
:10FF8000D9F08BE1FE01FC96DE01919601900D9275
:10FF90008A95E1F7B601CE0181968CDFCE0181967C
:10FFA0000E9404F3CE01CC960E9404F30FB6F8949D
:10FFB0009EBE0FBE8DBE9DCF0F946C2DB8018FE1FC
:10FFC00098E40E9451BDCE01CC960E9404F30FB676
:10FFD000F8949EBE0FBE8DBE0FB6F8947EBE0FBEC7
:10FFE0006DBECA5ADF4F0FB6F894DEBF0FBECDBF4D
:10FFF000DF91CF911F910F91FF90EF90DF90CF9005
:020000023000CC
:10000000BF90AF909F908F907F906F905F904F9038
:100010003F902F900895CE0101960E94AC808823D6
:1000200009F467CFE114F10429F0C70137DF8FE24B
:100030000F94AB2C2D8C3E8C4F8C58A0BE016F5F63
:100040007F4F84E191E10E94C78028DF80E20F9416
:10005000AB2CC201B1010F94F56F0F94E42D49CF81
:100060000F931F93CF93DF93C82F8B010F946C2DA9
:10007000C130A1F0CEE4D4E482E694E40F94032DE1
:10008000CE010F94032DB8018AE594E40E947CF51B
:10009000DF91CF911F910F910D94E42DC4E5D4E42D
:1000A000EBCF0F946C2D6091A40B7091A50B86E3A0
:1000B00098E40E947CF583E398E40D94032D2F923D
:1000C0003F924F925F926F927F928F929F92AF92E8
:1000D000BF92CF92DF92EF92FF920F931F93CF9335
:1000E000DF9300D01F921F92CDB7DEB7482E7093DA
:1000F000760B6093750B61E081E00E945E2E70903C
:10010000740B372C85E0870D898355245394EEEDCD
:10011000EE2EE7E4FE2EF2EECF2EF7E4DF2EAFEE6A
:10012000AA2EA7E4BA2E82E087198A83042D10E054
:10013000952D97199B83272C2194B8ED8B2EB7E42E
:100140009B2E83E0481609F45FC0711049C11092DC
:10015000950B1092940B1092930B1092920B40926D
:10016000910B5520D9F08091730B1816BCF040917B
:100170006F0B5091700B6091710B7091720B4F5F10
:100180005F4F6F4F7F4F40936F0B5093700B609397
:10019000710B7093720B8F5F8093730B80916A0267
:1001A000882341F030E020E045E06FE078E4822DE4
:1001B0000E9420DD1D830C8393E0491609F421C1C0
:1001C000C801880F991F880F991F8E50984B0E9465
:1001D0007BE420E030E040E05FE30F948E9620E087
:1001E00030E040E85FE30F94119D20E030E040E212
:1001F00051E40F94389F62E0662E18160CF02EC161
:1002000082E0781229C104C18091910C9091920CE6
:10021000A091930CB091940C80936B0B90936C0B0A
:10022000A0936D0BB0936E0B7110E8C01092950BFC
:100230001092940B1092930B1092920B1092910BC0
:100240005520D9F08091730B1816BCF040916F0BBC
:100250005091700B6091710B7091720B4F5F5F4FFB
:100260006F4F7F4F40936F0B5093700B6093710BE8
:100270007093720B8F5F8093730B80916A02882357
:1002800009F498CF30E020E045E068E078E48FCFD3
:1002900080916A0B10926A0B882309F4A9C00E940E
:1002A000C1388091690B882309F4A2C00F900F9088
:1002B0000F900F900F90DF91CF911F910F91FF90B2
:1002C000EF90DF90CF90BF90AF909F908F907F90F6
:1002D0006F905F904F903F902F90089581E09091A4
:1002E000730B913009F080E024E04EEF57E46B810E
:1002F0000F94097481C080916A0B10926A0B882355
:1003000009F495C081ED92E30E94F9B88091690BE0
:10031000882309F48CC0CACF33E0632E83E090E0D9
:100320009D838C83BBC080916A0B10926A0B8823DB
:1003300009F4C3C08CEC92E30E94F9B88091690B78
:10034000882309F4BAC0B2CF672D631981E0909178
:10035000730B971180E023E046EE57E40F94097485
:10036000B0C080916A0B10926A0B882309F405C112
:1003700087EC92E30E94F9B88091690B882309F415
:10038000FCC094CF672D631981E09091730B971196
:1003900080E023E046EE57E40F940974F2C08091A8
:1003A0006A0B10926A0B882309F4C3C082EC92E3B3
:1003B0000E94F9B88091690B882309F4BAC076CFFE
:1003C000672D631981E09091730B971180E023E012
:1003D00046EE57E40F940974B0C01D830C83F0CE31
:1003E00081E07812FACF8091730B813009F450CFFD
:1003F00080916A02811172CF512CDCCE91E0791686
:1004000091F382E07812A2C083E090E09D838C8318
:10041000B092950BA092940B1092930B1092920BAA
:100420001092910B8091730B823009F464CF80910C
:100430006A02882361F081E09091730B923009F099
:1004400080E023E046EE57E46A810F94097493E05C
:10045000512C491609F47EC053E0652E8C819D8194
:10046000880F991F880F991F8E50984B0E947BE42C
:1004700020E030E040E05FE30F948E9620E030E033
:1004800040E85FE30F94119D20E030E040E85FE337
:100490000F94389F1816DCF4761014C0D092950B88
:1004A000C092940B1092930B1092920B1092910B9E
:1004B0008091730B871509F436CF80916A02811100
:1004C00043CF512C639493E0491609F445C08C81C5
:1004D0009D81880F991F880F991F8E50984B0E94FD
:1004E0007BE420E030E040E05FE30F948E9620E074
:1004F00030E040E85FE30F94119D2DEC3CEC4CECB8
:100500005DE30F94389F18163CF182E0481217C043
:10051000671014C09092950B8092940B1092930BDD
:100520001092920B1092910B8091730B861509F427
:1005300036CF80916A02811143CF512C639473941A
:1005400099819711FECD6092680BB0CE93E0791639
:1005500009F4E2CE84E0682E761014C0F092950B78
:10056000E092940B1092930B1092920B1092910BBD
:100570008091730B871509F4F4CE80916A02811182
:1005800001CF512C6394C1CF2F923F924F925F9233
:100590006F927F928F929F92AF92BF92CF92DF9293
:1005A000EF92FF920F931F93CF93DF93CDB7DEB7F8
:1005B000CB5AD1090FB6F894DEBF0FBECDBF209144
:1005C0005507309156074091570750915807CC5521
:1005D000DF4F288339834A835B83C45AD04080919C
:1005E000590790915A07A0915B07B0915C07C855D5
:1005F000DF4F88839983AA83BB83C85AD040B090C9
:100600005D07A0905E0730905F0720906007209103
:100610006107309162074091630750916407C056AB
:10062000DF4F288339834A835B83C05AD04080914F
:10063000FD079091FE07A091FF07B0910008C656F4
:10064000DF4F88839983AA83BB83CA59D0408091A6
:10065000060881FF05C090913C0C986090933C0C7B
:1006600082FB882780F980936B098091731187FD45
:1006700012C381E192E20F948A1100918D071091CB
:100680008E070115110599F08091731187FD03C341
:100690006BE072E2CE0101960E94B8F2B801CE0181
:1006A00001960E945BF2CE0101960F945C110091BD
:1006B0008B0710918C07043B110514F404EB10E038
:1006C0008091731187FDE7C265E072E2CE01019669
:1006D0000E94B8F2B801CE0101960E945BF2CE01F1
:1006E00001960F945C118091731187FDD4C2209103
:1006F0006B0730916C0740916D0750916E076B2D21
:100700007A2D832D922D0F94119D4B018C018DEF2D
:1007100091E20F948A11809106086401780180FDAE
:1007200004C0CB2CDA2CE32CF22C8091731187FDC2
:10073000B2C2C601D701C057DF4F88839983AA830D
:10074000BB83C059D04033E0732ECC56DF4F788244
:10075000C459D04066EF71E2CE0101960E94B8F212
:10076000BE0160577F4FCE0101960E948DF2CE01EF
:1007700001960F945C119401A801B601C7010F9472
:10078000299687FF26C08091731187FD84C2C4011A
:10079000D801C557DF4F88839983AA83BB83CB5881
:1007A000D040C157DF4F7882CF58D0406EEE71E213
:1007B000CE0101960E94B8F2BE0165577F4FCE016F
:1007C00001960E948DF2CE0101960F945C11640196
:1007D00078018091731187FD5EC286EE91E20F94DD
:1007E0008A1187E08093140B80930E078091731118
:1007F00087FD51C2409090075090910760909207FA
:10080000709093078091060883FB882780F9C25671
:10081000DF4F8883CE59D040C156DF4F1882CF5961
:10082000D040C256DF4F88809980CE59D04090E3A7
:10083000890E911C60EE71E28E010F5F1F4FC8019F
:100840000E94B8F2B401C8010E945BF2EB964CAE74
:100850005DAE6EAE7FAEEB9721E0EC962FAFEC97DE
:100860006AE50E942CF2BE0169587F4F0E948DF20A
:10087000C8010F945C118091731187FD0CC2C601F1
:10088000D701CA57DF4F88839983AA83BB83C65891
:10089000D04023E0F22EC657DF4FF882CA58D0402E
:1008A00069ED71E2C8010E94B8F2BE016A577F4F3C
:1008B000C8010E948DF2C8010F945C118091060856
:1008C00084FF27C08091731187FDE5C18091870760
:1008D00090918807A0918907B0918A07CB56DF4F86
:1008E00088839983AA83BB83C559D040C756DF4FFD
:1008F000F882C959D04063ED71E2C8010E94B8F294
:10090000BE016B567F4FC8010E948DF2C8010F9443
:100910005C11E0908B07F0908C078091731187FB3E
:10092000882780F9E114F10471F08111B4C16DECF4
:1009300071E2C8010E94B8F2B701C8010E945BF2DF
:10094000C8010F945C11E0908F07F12C8091731116
:1009500087FB882780F9E114F10441F181119BC1E3
:1009600067EC71E2C8010E94B8F21F921F928BE4FB
:1009700096E09F938F936E01A2E6CA0ED11CDF9280
:10098000CF920F9478A1B601C8010E9441F263E5AD
:100990000E942CF2B7010E945BF2C8010F945C1117
:1009A0000F900F900F900F900F900F9080917311F8
:1009B00087FD71C183EC91E20F948A1180917311CC
:1009C00087FD69C16AEB71E2C8010E94B8F2CC559B
:1009D000DF4F288139814A815B81C45AD040E69635
:1009E0002CAF3DAF4EAF5FAFE69793E0F92EE796A1
:1009F000FFAEE797BE016E587F4FC8010E948DF28F
:100A0000C855DF4F288139814A815B81C85AD0405F
:100A1000E1962CAF3DAF4EAF5FAFE197E296FFAEF0
:100A2000E29769E50E942CF2BE0163597F4F0E9454
:100A30008DF2C8010F945C118091731187FD2BC159
:100A40008B2D9A2DA32DB22DCF57DF4F88839983FD
:100A5000AA83BB83C158D040CB57DF4FF882C5581B
:100A6000D04062EB71E2C8010E94B8F2BE016F573C
:100A70007F4FC8010E948DF2C8010F945C118091D4
:100A8000731187FD08C1E0906507D09066076EEA94
:100A900071E2C8010E94B8F2DF92EF928BE496E017
:100AA0009F938F936E0132E6C30ED11CDF92CF92DB
:100AB0000F9478A1B601C8010E9441F2C8010F94B9
:100AC0005C1180916707909168079093140280935E
:100AD00013026091690770916A0770931A0260931C
:100AE0001902072E000C880B990B0F942F962AE001
:100AF00037ED43E25CE30F948E9620912B07309103
:100B00002C0740912D0750912E070F948E966093DD
:100B10006D0270936E0280936F02909370028091C9
:100B200073110F900F900F900F900F900F9087FD03
:100B3000B2C0C056DF4F88819981AA81BB81C05A5B
:100B4000D040C458DF4F88839983AA83BB83CC5796
:100B5000D040C058DF4FF882C058D04067EA71E2F9
:100B6000C8010E94B8F2BE0164587F4FC8010E94BC
:100B70008DF2C8010F945C118CE0EFE6F7E0A7E17D
:100B8000BBE001900D928A95E1F78CE0EBE7F7E08E
:100B9000AFE0B7E001900D928A95E1F780910508EA
:100BA00080937C1A81E0809333070E94E1F2809168
:100BB000731187FD70C041E650E062EA71E2C8013E
:100BC0000F942395D8010D900020E9F7CD010197EE
:100BD000801B910B8036910550F441E650E0481B94
:100BE000590B64E977E0800F911F0F947295C8014B
:100BF0000F945C118091731187FD4DC09090010896
:100C00008090020870900308609004086DE971E21A
:100C1000C8010E94B8F2C356DF4FB881CD59D04009
:100C2000BF93C456DF4FE881CC59D040EF93C556EF
:100C3000DF4FF881CB59D040FF93C656DF4F288154
:100C4000CA59D0402F938AE5E82E86E0F82EFF920D
:100C5000EF92DF92CF920F9478A1B601C8010E9463
:100C600041F264E50E942CF25C016F927F928F92B8
:100C70009F92FF92EF92DF92CF920F9478A1B601EC
:100C8000C5010E9441F2C8010F945C110FB6F8949F
:100C9000DEBF0FBECDBFC555DF4F0FB6F894DEBF28
:100CA0000FBECDBFDF91CF911F910F91FF90EF90BD
:100CB000DF90CF90BF90AF909F908F907F906F907C
:100CC0005F904F903F902F900895CF93DF93809146
:100CD0008E1A90918F1A0F94E99080918B1A9091AF
:100CE0008C1A97FD03C060E00F94AD788BE99AE110
:100CF0000E9404F38AEF9BE10E9404F3CAEFDBE158
:100D00006B97CE010E9404F38AE1CC3ED807C1F76D
:100D100081ED9AE10E9404F386EB9AE1DF91CF9195
:100D20000C9404F380917311847E8B7F80937311F4
:100D300010926F1110927011109271111092721125
:100D400010926B1110926C1110926D1110926E1125
:100D500010926A111092691110926811ECEEFAE18A
:100D60008EE091E0DF019C011D9221503040E1F7BF
:100D700080910A018E7F80930A0180910B018095FA
:100D80008170809309011092B61A1092B91A1092CC
:100D9000D11A1092D41A8AEF9BE1108213827B96AB
:100DA0008E179F07D1F782E296E09093931180937C
:100DB00092111092941189E18093961110929911D9
:100DC00010928B111092FA1B1092FD1B81E0809300
:100DD000E0111092E1111092E2111092E3111092C1
:100DE000E4111092E5111092E6111092E7111092A1
:100DF000E8111092E9111092EA111092EB11109281
:100E0000EC111092ED111092EE111092EF11109260
:100E1000F0111092F1111092F2111092F311109240
:100E2000F4111092F5111092F6111092F711109220
:100E3000F8111092F9111092FA111092FB11109200
:100E4000FC118093B8111092B9111092BA1110923E
:100E5000BB111092BC111092BD111092BE111092D4
:100E6000BF111092C0111092C1111092C2111092B4
:100E7000C3111092C4111092C5111092C611109294
:100E8000C7111092C8111092C9111092CA11109274
:100E9000CB111092CC111092CD111092CE11109254
:100EA000CF111092D0111092D1111092D211109234
:100EB000D3111092D41110929B1110929C11109288
:100EC0009D1110929E1110929F111092A4111092D8
:100ED000A5111092A6111092A7111092A8111092AC
:100EE000FE111092FD118FE79FE090930012809306
:100EF000FF1180914912883108F02BC191E0980FC1
:100F00009093491280934A1290E0FC01EE0FFF1F6C
:100F1000E80FF91FEF5FFD4E88EB9BE09283818322
:100F20008DE492E190935A128093591210927B12A1
:100F300010927C1210927D1210927E1210927712F3
:100F4000109278121092791210927A1210927312F3
:100F500010927412109275121092761210926F12F3
:100F600010927012109271121092721210926B12F3
:100F700010926C1210926D1210926E1210926712F3
:100F8000109268121092691210926A1210926312F3
:100F900010926412109265121092661210925F12F3
:100FA0001092601210926112109262121092961CAE
:100FB0001092971C1092981C1092991C1092921CDF
:100FC0001092931C1092941C1092951C10928E1CDF
:100FD00010928F1C1092901C1092911C10928A1CDF
:100FE00010928B1C10928C1C10928D1C1092861CDF
:100FF0001092871C1092881C1092891C10925E120D
:1010000010925D1210925C1210925B128FE792E1C7
:10101000FC01E35BFF4F108289589F4F39E18F3EFF
:101020009307B1F784E08093F2191092F0191092AF
:10103000EF191092F1198BE593E390932F1A809397
:101040002E1A1092031A10922D1A1092301A109222
:101050003D1A1092411A1092401A80E496E0909343
:101060003F1A80933E1A80E08E7F8D7F8B7F877F33
:1010700080937C1A10929B1A10929E1A1092861AD4
:1010800010928D1A1092941A1092951A1092961A24
:101090001092971A1092931A1092901A81E08093EE
:1010A000911A92E09093921A8093851A89E090E0C9
:1010B00090938A1A8093891AF0D790938F1A80930D
:1010C0008E1A009709F449C029E0DC011D922A9587
:1010D000E9F783E090E09093881A8093871A89E17A
:1010E00090E090938C1A80938B1A8091861A8823B3
:1010F00041F061E089E10F94AD7860E089E10F94FF
:101100001878E6E1FAE4E491F0E0EE0FFF1FED510C
:10111000F64B859194919093991A8093981AE6EBE7
:10112000F9E4E491E0939A1A80E88093811A8FEFB2
:101130008093821A8093831A8093841A80937D1AF5
:1011400080937E1A80937F1A8FE78093801A0D9484
:1011500082278FEF80934A12E3CE10928A1A109260
:10116000891A1092881A1092871AB9CFCF93DF93F9
:10117000CDB7DEB7AD970FB6F894DEBF0FBECDBFCB
:10118000789484B5826084BD84B5816084BD85B562
:10119000826085BD85B5816085BD80916E0081606E
:1011A00080936E0010928100809181008260809314
:1011B0008100809181008160809381008091800016
:1011C0008160809380008091B10084608093B10041
:1011D0008091B00081608093B00080919100826026
:1011E0008093910080919100816080939100809123
:1011F00090008160809390008091A1008260809334
:10120000A1008091A10081608093A1008091A00045
:1012100081608093A00080912101826080932101F0
:101220008091210181608093210180912001816062
:101230008093200180917A00846080937A0080916D
:101240007A00826080937A0080917A008160809336
:101250007A0080917A00806880937A001092C100B1
:101260003090A11C14BE1092C0008091C00082601A
:101270008093C0001092C50087E08093C4008091E5
:10128000C10080618093C1008091C100886080931B
:10129000C1008091C10080688093C1001092080B4A
:1012A0000F948E796B017C0128EEC20E23E0D21ED2
:1012B000E11CF11C8AE99BE00F948829882309F43A
:1012C0004AC081E097E40F94032D9898A09A259A3C
:1012D0002D9880910C0690910D06A0910E06B0916C
:1012E0000F068F87988BA98BBA8BAE01415F5F4F3A
:1012F0005FA34EA3CE0143969C8B8B8BC12CB4E293
:10130000DB2EB4EFEB2EF12CAEA1BFA1ED91BFA36C
:10131000AEA30E2E000CFF0BEE56F84BE491E250FC
:10132000E13108F05DC1F0E08827E656F6478E4FC0
:101330000D94F09C010101010101010101011B015A
:101340001B012301230123012D012D012D01010189
:101350000301030103010F948E79A7019601261B57
:10136000370B480B590BDA01C901181619061A0672
:101370001B068CF3A6CFB2E0B98F19A218A2E1EB3D
:10138000F0E0FE8BED8B20EB30E03D8F2C8F442482
:101390004A94512C8EE0E0E1F6E0DE0111960190D6
:1013A0000D928A95E1F7920150E040E0EBE0220FC8
:1013B000331F441F551FEA95D1F7C701B6010F949B
:1013C000539C3901FFEF6F1A7F0A298D223009F0F3
:1013D00070C031E03AA743E04BA7CE01019699A730
:1013E00088A791E09E8FA1E0AF8F1DA2EFEFF0E004
:1013F000FB8FEA8FA8A5B9A50D911D91B9A7A8A744
:10140000C801B0E0A0E0E98DE23009F457C08032B5
:101410009105A105B10509F4B0C080389105A10579
:10142000B10509F4AAC09801A8EEB3E00F94A19CFD
:101430009B01AC01C701B6010F94539CC9010197F0
:10144000369527950097E1F541E050E05BA34AA36C
:101450003EC033E0398F46E950E059A348A381E903
:1014600090E09E8B8D8BA0E9B0E0BD8FAC8F4424C3
:101470004A94542C8FCFB4E0B98FE6EAF0E0F9A398
:10148000E8A321EA30E03E8B2D8B40EA50E05D8FEF
:101490004C8FEDCF55E0598F86E291E099A388A358
:1014A000A1E2B1E0BE8BAD8BE0E2F1E0FD8FEC8F0D
:1014B000DECF5AE05AA76EE06BA78FCF9201C20130
:1014C0005BA24AA28415950510F49BA38AA321155B
:1014D000310509F41AC24CA2252C2415350510F447
:1014E0002CA3232E2AA13BA12F5F3F4FD8010F949D
:1014F000A19C9B01AC01C701B6010F94539C49010B
:101500003DA72CA79801ACA1B22D0F94A19C9B01E3
:10151000AC01220F331F441F551FC701B6010F94A2
:10152000539CD90169EE661663E0760608F4F1C1B2
:10153000B30188EE93E0FB01E81BF90B8CA59DA598
:10154000893E934008F4E9C1B40188EE93E0681B3A
:10155000790BA93EB34008F4E4C1C901A8EEB3E099
:101560008A1B9B0B6E177F0720F48617970708F0DE
:10157000DCC18E179F0708F4E2C14E8D4F5F4E8F7E
:10158000483009F037CFAC8DBD8D8C918C7F9F8D0D
:101590009370892B8C93ED89FE892081FF8D8F2F8D
:1015A00090E0959587959595879543E0880F991FCD
:1015B0004A95E1F7277E822BAD89BE898C938C9169
:1015C000887FBDA18B2BED89FE898083F98DF23058
:1015D00039F0EA8DFB8DA8A1B9A11196FC93EE9389
:1015E0002B893C894EA15FA12417350709F08CCEC9
:1015F00030FE04C088EF96E40F94032D31FE04C042
:1016000087EE96E40F94032D32FE04C085ED96E438
:101610000F94032D33FE04C084EC96E40F94032D45
:1016200035FE04C083EB96E40F94032D8EE996E417
:101630000F94032D0F946C2D8EE696E40F94032DDA
:101640000F946C2D86E596E40F94032D0F946C2D6A
:1016500080919B1C90919C1CDE0111966D01BD0137
:10166000009709F475C1681B790B87E496E40F9421
:101670006F2D80E396E40F94032D80E797E00F949D
:10168000AF280F94E42D389A409810920D0B1092C9
:101690000E0B10920F0B1092100B8FEF8093110B0B
:1016A0008FE70F94A66B80918B1A90918C1A97FDFF
:1016B00008C061E00F94AD7860E080918B1A0F94C0
:1016C000187881E08093861A0F946C6A6FEF7FEF31
:1016D00080E89FEF0F94A2170F9439190E949BDCAA
:1016E0000E94F88784E690E00E94BF8F882309F467
:1016F00032C10E9416BD81112EC180EC91E00E9482
:10170000BF8FC6010E94418E198182E794E40F9435
:10171000032D812F0F943A270F94E42D8981809314
:101720005D0280915D02863E08F486EE80935D0244
:101730000E940ADA8EE39AE10E9469DC0BE9E02E4E
:1017400004E4F02E03E127E047E064E282E49AE15A
:101750000F94757E83E00E94F9D94EE854E46BE261
:101760008CE10E9462DC41E854E467E38CE10E9472
:1017700062DC82E49AE10F94DE7C8111DFCF0F946A
:101780008E794B015C018091151C811107C00E946C
:1017900006C6882319F081E08093151C2091170B51
:1017A0003091180B4091190B50911A0B6091850CD8
:1017B0007091860C8091870C9091880C0F94119DEC
:1017C0006093850C7093860C8093870C9093880CA3
:1017D00020911B0B30911C0B40911D0B50911E0B47
:1017E0006091890C70918A0C80918B0C90918C0C7B
:1017F0000F94119D6093890C70938A0C80938B0CCD
:1018000090938C0C20911F0B3091200B4091210B59
:101810005091220B60918D0C70918E0C80918F0CE9
:101820009091900C0F94119D60938D0C70938E0C81
:1018300080938F0C9093900C0E94A6A7249A2C98CA
:101840008091010180628093010180910201807288
:101850008093000180910101806480930101809157
:101860000201809580748093000187ED80937A0057
:1018700010927E0010927D0080917D0080628093A6
:101880007D0080917D00806480937D0080E887BD2D
:1018900080916E00826080936E0080910101806172
:1018A00080930101EEE2F6E48591949185309105F3
:1018B00014F485E090E090936702809366029C01A7
:1018C000990F440B550B2D8B3E8B4F8B588F0091EE
:1018D000620210916302C8010F9433712B013C0125
:1018E0006D897E898F89988D0F942F969B01AC010D
:1018F000C301B2010F94299687FF2FC0005111092F
:101900001093630200936202E2CF51E05CA3212CAA
:10191000E9CDC30168EE73E00ECEC40168EE73E05A
:1019200016CED90188EE93E01BCE34019BA59F8F84
:10193000AE8DADA3EAA1FBA1FB8FEA8F1ECE3901CC
:10194000FAA5FF8F2E8D2DA33CA13A8F2B8E15CE9D
:10195000615A7C418ACE8FEFE2CEE2E2F5E48591D6
:1019600094910197843131E0930714F083E191E081
:1019700090936902809368029C01990F440B550B68
:101980002D8B3E8B4F8B588F009164021091650216
:10199000C8010F9433712B013C016D897E898F89B9
:1019A000988D0F942F969B01AC01C301B2010F9447
:1019B000389F18163CF4005F1F4F10936502009388
:1019C0006402E2CF80915E0290915F020E94418C9E
:1019D00020E030E040EA50E40F94299687FF0AC0E7
:1019E00080915E0290915F02409790935F02809396
:1019F0005E02E8CF80916002909161020E94418C6A
:101A000020E030E046E153E40F94389F181654F478
:101A10008091600290916102409690936102809360
:101A20006002E8CF0E94A6AD6D98759A809104017E
:101A30008D7F809304018091050180958270809351
:101A4000030153985B9A1092130B1092120B0E9491
:101A5000B1AA819A879A80910A01826080930A01D3
:101A60000E9A579A5F9A829A8A9A809107018160AA
:101A70008093070180910801809581708093060111
:101A80000A9A129A809A88985F9A8091140B8E7F96
:101A90008093140B869A8E988A9A8091140B8D7F6E
:101AA0008093140B80910A01886080930A018091D1
:101AB0000B018870809309018091080180958170E5
:101AC000809306018091140B8B7F8093140B0C9AEA
:101AD0001498129A809180008C7F8093800080916E
:101AE0008100877E886080938100809180008F7361
:101AF0008093800080918100887F82608093810044
:101B000080E090E490938900809388001092850093
:101B1000109284000F94922878940E94818D809175
:101B20004A12883108F044C090E0FC01EE0FFF1F1C
:101B3000E80FF91FEF5FFD4E808180788B60808316
:101B400061E08BE00F94AD7810924B1210924C1222
:101B500080914A122CE0622F0F94B09C482F50E0E5
:101B6000829FB001112430E020E0CB01820F931F4F
:101B7000FC01EE0FFF1FE80FF91FEF5FFD4E8081A4
:101B800087FD08C02F5F3F4F2C30310571F7CA0128
:101B90000F94412AE0914A128E2F90E0FC01EE0F43
:101BA000FF1FE80FF91FEF5FFD4E80818068808383
:101BB0008AE492E10F94F4296AE570E08AE492E104
:101BC0000F94632A1092150B0E94B1AA0F94BE2B9A
:101BD0000F94702B8091160B882319F10F948A2B88
:101BE00076E9472E512C612C712C49825A826B82E6
:101BF0007C82B60186E90F94492B49825A826B8216
:101C00007C82B60182E80F94492B49825A826B820A
:101C10007C82B60186E90F94492B0F94702B1092A9
:101C2000160B88E198E20FB6F894A89580936000AF
:101C30000FBE909360000F948E79DC01CB01881960
:101C40009909AA09BB09883B3BE09307A105B105A7
:101C500070F408EB1BE020E030E068017901C81A5D
:101C6000D90AEA0AFB0AC701B6010F94BA2883E031
:101C70008093670B21E6B22E3DE0E32E4AE0F42E7E
:101C800058E0852E57E4952E63E0A62E80E00F9451
:101C9000273B8091731187FF1EC010926911877FC7
:101CA0008B7F809373110E94E9871092840D1092AC
:101CB000830D1092820D0E942CA90E94F8AD0E9403
:101CC000268C1092290C1092230B0E94C3F2909242
:101CD000250B8092240B8091670B6DB67EB610E0C9
:101CE00000E0843009F441C06DB67EB66091240BEB
:101CF0007091250B10E000E06115710509F07AC0C4
:101D00008091260B882309F416C1E6E2FBE08F01DF
:101D100006521B40D190DD2019F03AE0D312F7CFE4
:101D20000115110559F0F801EA5DF44F108286E2C1
:101D30009BE00E949EE080E00E9426FC81E0D110A2
:101D400001C080E0800F982FE92FF0E0EA5DF44FAA
:101D50002081E92FE81BF0E0EA5DF44F2083222385
:101D600009F484C09F5FF0CF8C01F801E25FF84B6B
:101D7000E491C8010196EE2311F0EA30A9F72DB7DE
:101D80003EB7281B390B0FB6F8943EBF0FBE2DBFD0
:101D90004DB75EB74F5F5F4F6A01A8016EE077E411
:101DA000C6012BD6F601E00FF11F1082D6018C91EF
:101DB0008B33C9F08091820D8430A8F48091840D1A
:101DC0008B9DC0011124B6018B57924F0F9458A1DF
:101DD00081E00F9479700FB6F8947EBE0FBE6DBE91
:101DE000A092670B81CF0FB6F8947EBE0FBE6DBE7A
:101DF0007BCF8201FB01E00FF11F34902801BFEF80
:101E00004B1A5B0A332019F0EAE03E12F2CFCDB64E
:101E1000DEB6C418D5080FB6F894DEBE0FBECDBE30
:101E20002DB73EB72F5F3F4F6901A801C901E5D526
:101E3000F601E00FF11F1082332009F479C0809180
:101E4000240B9091250B480E591E5092250B409261
:101E5000240B012B31F0C6010E949EE080E00E941D
:101E600026FC0FB6F8947EBE0FBE6DBE9091660B39
:101E70008091161C981709F409CF8091660B809306
:101E8000161C8091660B882309F400CF0F946C2DEB
:101E900089E697E40F94032D8091660B10E280FF92
:101EA0000AC080E00E94F5A2AB01BC0185E697E480
:101EB0000F94592D18E58091660B00E281FF0AC04E
:101EC00081E00E94F5A2AB01BC0181E697E40F948A
:101ED000592D09E58091660B82FFBEC082E00E9409
:101EE000F5A2AB01BC018DE597E40F94592D9AE55D
:101EF000D92E0F94E42D1F9280E28F931F92DF92D0
:101F00001F920F931F921F9385E497E49F938F93E3
:101F10008EE497E49F938F931F920E947357EDB7BF
:101F2000FEB73D960FB6F894FEBF0FBEEDBFAECE26
:101F3000512C412C8ACF8091820D882309F496CFB1
:101F40008091731180FF82C00091830D0B9D8001F1
:101F500011240B57124F61E477E4C801A9D500970B
:101F600039F0DC0113968C9180538A3008F056C00A
:101F7000F80101900020E9F731976F01C01AD10AEA
:101F80001092FA1B6EE470E0C8010F944DA13C0161
:101F90000097A9F5B1E0CB1AD108F801EC0DFD1DB1
:101FA000E182F2821382F80101900020E9F7319773
:101FB000AF01401B510BB8018AEF9BE10E94BF8427
:101FC0008091FA1B882331F00F94692D87E197E403
:101FD0000F94032D8091731181FD38C0E091830D22
:101FE000BE9EF0011124EB51F24F808181111EC081
:101FF00084E197E40F94032D0F94E42D17C060E261
:1020000070E00F944DA18C010F5F1F4F6AE270E0EA
:10201000C3010F944DA1FC013197C2CF0F94CC7234
:102020008EE297E40F94032D0E94BBE28091820D13
:10203000882309F41BCF9091830D9F5F943048F45F
:102040009093830D81508093820D10CF0F94E011F7
:10205000EDCF1092830DF6CF80E2D82E4ACFEF92CB
:102060000F931F93CF93DF93E80134E047FD34E1F2
:10207000042E000C550B57FF03C051954195510993
:10208000E32E022F242FAE010F94E698CE01DF91AC
:10209000CF911F910F91EF9008950F931F93CF93BE
:1020A000DF938230910510F482E090E0E0919D1C76
:1020B000F0919E1C30E020E0B0E0A0E0309799F471
:1020C0002115310509F44AC0281B390B243031058C
:1020D000D8F58A819B816115710589F1FB01938394
:1020E0008283FE0111C04081518102811381481712
:1020F0005907E0F04817590799F4109761F01296C4
:102100000C93129713961C933296CF01DF91CF91C7
:102110001F910F91089500939D1C10939E1CF4CF66
:102120002115310551F04217530738F0A901DB01A1
:102130009A01BD01DF01F801C1CFEF01F9CF909302
:102140009E1C80939D1CCDCFFE01E20FF31F819357
:1021500091932250310939832883D7CF20919B1C3A
:1021600030919C1C232B41F4209173023091740216
:1021700030939C1C20939B1C209171023091720221
:102180002115310541F42DB73EB7409175025091AC
:102190007602241B350BE0919B1CF0919C1CE217EE
:1021A000F307A0F42E1B3F0B2817390778F0AC017A
:1021B0004E5F5F4F2417350748F04E0F5F1F509357
:1021C0009C1C40939B1C819391939FCFF0E0E0E097
:1021D0009CCFCF93DF930097E9F0FC0132971382F5
:1021E0001282A0919D1CB0919E1CED0130E020E078
:1021F0001097A1F420813181820F931F20919B1CA5
:1022000030919C1C2817390709F061C0F0939C1C81
:10221000E0939B1CDF91CF910895EA01CE17DF0771
:10222000E8F54A815B819E0141155105B1F7E9014D
:10223000FB83EA8349915991C40FD51FEC17FD0721
:1022400061F4808191810296840F951FE901998341
:102250008883828193819B838A83F0E0E0E01296F9
:102260008D919C9113970097B9F52D913C91119701
:10227000CD010296820F931F20919B1C30919C1CD4
:102280002817390739F6309751F510929E1C109295
:102290009D1CB0939C1CA0939B1CBCCFD383C2837A
:1022A00040815181840F951FC817D90761F44E5F93
:1022B0005F4F88819981480F591F518340838A81DC
:1022C0009B81938382832115310509F0B0CFF09370
:1022D0009E1CE0939D1C9ECFFD01DC01C0CF1382AC
:1022E0001282D7CF8F929F92AF92BF92CF92DF92FE
:1022F000EF92FF920F931F93CF93DF935C017B01CB
:102300006115710519F0DB018D939C9385010F5FB9
:102310001F4FF501D0818D2F90E067D36C01892B81
:10232000A9F5DD32A9F50F5F1F4FD5011196DC919C
:10233000C1E05801F1E0AF1AB10843E050E066E8AF
:1023400072E0C5019DD3892B61F5680182E0C80E5A
:10235000D11C45E050E061E872E0C60191D3892BC1
:1023600021F4680197E0C90ED11CE114F10419F0C1
:10237000D701CD92DC9260E070E080E89FEFC11160
:10238000FAC060E070E080E89FE7F5C05801BECF7A
:10239000DB3229F485010E5F1F4FF501D181C0E0CA
:1023A000C8CF43E050E06EE772E0C50169D3892BE6
:1023B000E9F0F80110E000E020E030E0A9015F0161
:1023C000B0ED8B2E8D0E89E08815C8F19C2E689497
:1023D00091F88C2F8870C2FF16C0811102C00F5F68
:1023E0001F4F3196D501DC91C92DE9CFE114F104DD
:1023F00029F00E5F1F4FF7011183008360E070E04A
:1024000080EC9FE7B8C0882311F001501109A5E0C6
:10241000B0E00F94919C9B01AC01220F331F441F2D
:10242000551F280D311D411D511D283999E93907C6
:10243000490799E15907A8F2C6609C2ED2CFAEEFAA
:102440008A1206C0C3FD3CC09C2E689493F8C9CF85
:10245000DF7DD534A9F580818D3239F4C061DF018B
:102460001296818162E070E006C0DF018B32C1F319
:10247000119661E070E080535D01A61AB70A8A30B8
:10248000F8F4E0E8CE16ECE0DE065CF4B601660F88
:10249000771F660F771FC60ED71ECC0CDD1CC80E2B
:1024A000D11C5D01FFEFAF1ABF0A8C9180538A30B7
:1024B00098F1C4FF03C0D194C194D1080C0D1D1D27
:1024C000C1FF09C0E114F10431F081E0A81AB1089C
:1024D000D701AD92BC92CA01B901BFD3C370C3305A
:1024E00009F490584B015C0120E030E0A901B1D320
:1024F000882309F43EC0C5EBD2E017FF05C0119553
:1025000001951109CDE9D2E06E01B8E1CB1AD108ED
:1025100080E2E82EF12C0EC0D501B3CFFE0125914B
:102520003591459154910E191F09C501B401F6D397
:102530004B015C01D501C4010E151F057CF72497E2
:10254000F594E794CC16DD06A9F78A2F880F8B2F18
:10255000881F8F3F41F020E030E0A901C501B401A0
:1025600078D3811106C082E290E09093A01C809302
:102570009F1CC501B401DF91CF911F910F91FF9076
:10258000EF90DF90CF90BF90AF909F908F90089585
:102590003F924F925F926F927F928F929F92AF92F3
:1025A000BF92CF92DF92EF92FF920F931F93CF9340
:1025B000DF935C016B017A016115710519F0FB0174
:1025C00091838083E114F10451F0C701029783974E
:1025D00030F040E030E020E090E06AC05E01E501CC
:1025E0002196F5011081812F90E0FFD1892BB1F761
:1025F0001D3201F52196F501118101E0E114F1048C
:1026000009F4E6C0F0E1EF16F10409F088C01033D8
:1026100059F488818F7D883509F07CC01981229614
:102620000260F0E1EF2EF12C812C912CA12C88E09E
:10263000B82E92C01B3221F4E5012296F5011181DA
:1026400000E0DCCFEAE0EE16F10409F4C7C0F0E1E7
:10265000EF16F10409F073C0E7CF78E0E72EF12C14
:10266000812C912CA12C60E1B62E76C021E0ADC06A
:10267000302F3170C114D10431F0222371F1219730
:10268000F601D183C08327FF2EC060E070E080E0B8
:1026900090E8311104C06FEF7FEF8FEF9FE722E2E8
:1026A00030E03093A01C20939F1C462F372F282FFB
:1026B000642F732F822FDF91CF911F910F91FF9085
:1026C000EF90DF90CF90BF90AF909F908F907F90D2
:1026D0006F905F904F903F90089501FF04C0229744
:1026E000F601D183C083332341F090958095709596
:1026F00061957F4F8F4F9F4FD8CF97FFD6CF82E204
:1027000090E09093A01C80939F1C6FEF7FEF8FEF62
:102710009FE7CBCF10E3E114F10409F49ECF28E04A
:10272000E216F10409F49CCF0CF08CCF812C912C93
:10273000A12CE0E4BE2E82E0E816F10469F060E02E
:1027400070E080E090E897010F2C000C440B550BD3
:102750000F94539C49015A0120E060E070E0CB01E6
:1027600027010F2C000C66087708FE0150ED352E6E
:10277000310E39E0331570F43FEB310F49EC342E54
:102780003A3138F03FE9310F3A3108F071CF39EA88
:10279000332E310E3E141F040CF06ACF27FD15C0F6
:1027A00086169706A806B90678F0A30192010F9441
:1027B000449C630D711D811D911D61307105810562
:1027C00020E8920708F452CF2FEF21961081CDCF49
:1027D000103309F41ECF2AE0E22EF12C9CEC892E56
:1027E000982CA82C9CE0B92EB7CF3F924F925F92C5
:1027F0006F927F928F929F92AF92BF92CF92DF9211
:10280000EF92FF920F931F93CF93DF935C016B01C5
:102810007A016115710519F0FB0191838083E11440
:10282000F10449F0C7010297839728F060E070E057
:10283000CB0199C05E01E5012196F5011081812F40
:1028400090E0D3D0892BB1F71D3209F05BC02196FF
:10285000F501118101E0E114F10409F4B9C0F0E1DE
:10286000EF16F10409F09AC0103341F488818F7D8E
:10287000883509F08EC0198122960260E0E1EE2EC3
:10288000F12C88248A94982CA82CFFE0BF2E20E0FD
:1028900060E070E0CB0127010F2C000C6608770880
:1028A000FE0150ED352E310E39E0331568F43FEB63
:1028B000310F49EC342E3A3130F03FE9310F3A31E3
:1028C000A8F539EA332E310E3E141F047CF52F3F54
:1028D000B1F086169706A806B90630F1A301920159
:1028E000D3D7232D30E050E040E0620F731F841FE8
:1028F000951F6217730784079507B0F021E02196B2
:102900001081CECF1B3221F4E5012296F501118111
:1029100000E0A1CF78E0E72EF12C88248A94982C4F
:10292000A82C6FE1B62EB3CF2FEFE9CFC114D1049D
:1029300031F0222351F12197F601D183C08300FFAA
:1029400007C090958095709561957F4F8F4F9F4FF1
:102950002F3F49F482E290E09093A01C80939F1C4B
:102960006FEF7FEFCB01DF91CF911F910F91FF9020
:10297000EF90DF90CF90BF90AF909F908F907F901F
:102980006F905F904F903F90089501FFD8CF2297AE
:10299000D3CF10E3E114F10409F4BCCF3AE0E3161D
:1029A000F104E1F080E1E816F10409F467CFE8E012
:1029B000EE16F10409F4B1CF6FEF7FEFCB01970171
:1029C0000F2C000C440B550B6ED749015A015FCFF9
:1029D000103309F44BCF9AE0E92EF12C89E9882EC7
:1029E000982CA82C89E1B82E52CF91113FC6803285
:1029F00019F089508550D0F70895FB01DC0102C021
:102A000005900D9241505040D8F70895FB01DC012C
:102A10000D900020E9F7119705900D920020E1F745
:102A20000895FC010590061621F00020D9F7C00199
:102A300008953197CF010895FB01DC0105900D92B7
:102A40000020E1F70895DC01FB014150504058F0AF
:102A500049F005900D920020C1F7E61BF70B319766
:102A6000CF0108951C9205900020E9F7F6CFFC01F4
:102A700005900020E9F7809590958E0F9F1F08958F
:102A8000FB01DC014150504088F08D9181341CF0F5
:102A90008B350CF4805E659161341CF06B350CF461
:102AA000605E861B611171F3990B0895881BFCCF42
:102AB000FB0155915523A9F0BF01DC014D9145174C
:102AC0004111E1F759F4CD010590002049F04D91F5
:102AD00040154111C9F3FB014111EFCF81E090E0B6
:102AE00001970895DC01FB014150504058F049F036
:102AF00001900D920020C1F7E61BF70B3197CF0133
:102B000008951C9201900020E9F7F6CF0F931F93D0
:102B1000CF93DF93CDB7DEB72E970FB6F894DEBF15
:102B20000FBECDBF0E891F89888D998D2EE02C8315
:102B30001A83098397FF02C080E090E801979E8383
:102B40008D83AE01445E5F4F6A8D7B8DCE01019611
:102B500048D14D815E8157FD0AC02F8138854217CB
:102B600053070CF49A01020F131FF80110822E96DE
:102B70000FB6F894DEBF0FBECDBFDF91CF911F918E
:102B80000F9108950F931F93CF93DF93CDB7DEB7C7
:102B90002E970FB6F894DEBF0FBECDBF0E891F89EA
:102BA0008EE08C831A8309838FEF9FE79E838D834A
:102BB000AE01465E5F4F688D798DCE01019611D1D1
:102BC0002F813885020F131FF80110822E960FB641
:102BD000F894DEBF0FBECDBFDF91CF911F910F9153
:102BE00008950F931F93CF93DF93CDB7DEB72E9742
:102BF0000FB6F894DEBF0FBECDBF8C01FA018EE098
:102C00008C831A83098377FF02C060E070E861500B
:102C100071097E836D83A901BF01CE010196E1D0C8
:102C20004D815E8157FD0AC02F81388542175307B9
:102C30000CF49A01020F131FF80110822E960FB6A2
:102C4000F894DEBF0FBECDBFDF91CF911F910F91E2
:102C5000089540D008F481E00895E89409C097FBF6
:102C60003EF490958095709561957F4F8F4F9F4F63
:102C70009923A9F0F92F96E9BB279395F6958795A7
:102C800077956795B795F111F8CFFAF4BB0F11F46A
:102C900060FF1BC06F5F7F4F8F4F9F4F16C0882311
:102CA00011F096E911C0772321F09EE8872F762F47
:102CB00005C0662371F096E8862F70E060E02AF088
:102CC0009A95660F771F881FDAF7880F9695879574
:102CD00097F90895990F0008550FAA0BE0E8FEEF49
:102CE00016161706E807F907C0F012161306E407D0
:102CF000F50798F0621B730B840B950B39F40A26C9
:102D000061F0232B242B252B21F408950A2609F4A6
:102D1000A140A6958FEF811D811D08950BD064C53C
:102D200055D528F05AD518F0952309F046C54BC55E
:102D300011248EC56AD5A0F3959FD1F3950F50E06D
:102D4000551F629FF001729FBB27F00DB11D639F5D
:102D5000AA27F00DB11DAA1F649F6627B00DA11D03
:102D6000661F829F2227B00DA11D621F739FB00DA9
:102D7000A11D621F839FA00D611D221F749F332719
:102D8000A00D611D231F849F600D211D822F762FB2
:102D90006A2F11249F5750408AF0E1F088234AF0AF
:102DA000EE0FFF1FBB1F661F771F881F91505040FB
:102DB000A9F79E3F510570F000C54AC55F3FECF38F
:102DC000983EDCF3869577956795B795F795E795E7
:102DD0009F5FC1F7FE2B880F911D9695879597F9F8
:102DE00008952F923F924F925F926F927F928F92AF
:102DF0009F92AF92BF92CF92DF92EF92FF920F938A
:102E00001F93CF93DF9300D000D000D01F921F926A
:102E1000CDB7DEB77C013B018A01FC011782168227
:102E2000838181FFD0C1CE0101965C01F7019381BE
:102E3000F30193FD859193FF81913F01882309F46C
:102E400049C1853239F493FD859193FF81913F010A
:102E5000853221F4B70190E022D4E8CF912C212CC7
:102E6000312CFFE1F31538F08B3211F190F4803200
:102E700009F1833229F137FC3CC020ED280F2A30BC
:102E800050F536FE20C08AE0989E200D1124922E27
:102E900006C08D3291F0803371F7689430F8F301F9
:102EA00093FD859193FF81913F018111DACF21C07C
:102EB000689431F8689432F8F2CF689433F8EFCF21
:102EC000689434F8ECCFEAE02E9E200D1124222ED7
:102ED000689435F8E4CF8E3229F436FCFBC0689450
:102EE00036F8DDCF8C3619F4689437F8D8CF8836A9
:102EF000B1F2982F9F7D95549330D8F0833691F19D
:102F00008337B1F1833509F05EC02801F2E04F0E3E
:102F1000511CF801C080D180692D70E036FC02C0E0
:102F20006FEF7FEFC601A5D34C01689437F882019B
:102F30000AC00C5F1F4FFFE3F98388248394912C10
:102F40006501E89437F833FE2AC0522C81149104AD
:102F500059F5552009F46ACFB70180E290E09FD37C
:102F60005A94F7CFF801808189830E5F1F4FE5CF18
:102F70002801F2E04F0E511CF801C080D180692D6C
:102F800070E036FC02C06FEF7FEFC6017DD34C01CD
:102F90008201D7CFB70180E290E081D32A94281430
:102FA000190409F0B8F7D1CFF60137FC859137FE47
:102FB00081916F01B70190E072D351105A94F1E002
:102FC0008F1A9108C3CF843619F0893609F073C07F
:102FD000F80137FE67C060817181828193810C5F47
:102FE0001F4FF32DFF763F2E97FF09C090958095D8
:102FF000709561957F4F8F4F9F4F689437F82AE007
:1030000030E0A5017CD3C82ECA188C2C432C36FE88
:103010000CC0E89440F8C91440F434FE05C032FCFA
:1030200003C0F32DFE7E4F2E892C44FEA6C0FE0168
:10303000EC0DF11D8081803309F098C0242D297E8C
:10304000422E842D8870582E43FCA5C040FE9FC0A0
:103050009C2C821418F42C0C922C981844FEA1C0BD
:10306000B70180E390E01BD342FE08C088E790E000
:1030700041FE02C088E590E0B70111D3C91408F4FD
:103080009CC0CA94D12C9FEFC91AD90ACA0CDB1C68
:10309000F60182916F01B70190E001D3AC14BD0439
:1030A000B9F757CF60817181072E000C880B990BFF
:1030B0000E5F1F4F96CFD32CE894D4F82AE030E06F
:1030C0008537E1F1232D297FD22E8F36A9F1F0F437
:1030D000883551F1F701868197812B960FB6F894C8
:1030E000DEBF0FBECDBFDF91CF911F910F91FF903B
:1030F000EF90DF90CF90BF90AF909F908F907F9098
:103100006F905F904F903F902F900895803749F0D7
:10311000883701F7D4FE02C06894D2F820E130E08D
:103120000DC06894D4F8F6CF34FE03C0822F8660B9
:10313000D82E20E132E002C028E030E0F801D7FECE
:103140000EC060817181828193810C5F1F4FA50148
:10315000D6D2C82ECA183D2CE89437F856CF6081D5
:10316000718190E080E00E5F1F4FF1CF42FC02C002
:10317000839467CF8394839464CF842D867809F4F5
:1031800060CFF6CFB70180E290E089D283948214B9
:10319000C8F3512C63CF522C5818821408F45ECF18
:1031A000F8CF842D867809F469CF8BE241FE80E266
:1031B00047FC8DE2B70190E060CFB70180E390E07B
:1031C0006ED29A945BCF8FEF9FEF87CF8F929F92B3
:1031D000AF92BF92CF92DF92EF92FF920F931F9325
:1031E000CF93DF9300D000D000D0CDB7DEB76A0117
:1031F000F22EB02E102FFBE3AF2EA01608F41BE327
:103200001F5F012F27E0AE014F5F5F4F57D1BC0119
:103210008981982F9970913009F44EC09BE2E1FCAE
:1032200004C09E2D9170E0FC49C05E2D5071E82FC6
:10323000E87083FF55C084E0911101C083E0EF2D59
:10324000E81B8F1508F0E0E0D6018E2F20E2552311
:10325000C9F1992329F0D6019C93C60101966C010E
:1032600096012D5F3F4FE2FE33C08EE4D6018C9372
:1032700091E411969C93119712968C93D9018E2FFD
:1032800090E281112AC0E20FF32FF11D10828EEF20
:103290009FEF29960FB6F894DEBF0FBECDBFDF912A
:1032A000CF911F910F91FF90EF90DF90CF90BF9043
:1032B000AF909F908F9008959DE2B7CF90E2B5CFE9
:1032C0002D9381508111FCCFCE0ED11CE0E0C1CFF7
:1032D0008EE6D6018C9391E6CCCF9D938150D1CFD1
:1032E000482F447082FF3DC084E0911101C083E00B
:1032F0008F1510F4EF2DE81BD6018E2F20E25523F9
:1033000009F1992329F0D6019C93C60101966C011D
:1033100096012D5F3F4FE2FE1BC089E4D6018C93DE
:103320008EE411968C93119786E412968C93D901B2
:103330008E2F90E2882309F4A6CF9D938150FACF77
:103340002D9381508111FCCFCE0ED11CE0E0D9CF5E
:1033500089E6D6018C938EE611968C93119786E6BA
:10336000E4CF9B0177FF02C030E020E0A1E0B0E0B5
:10337000911102C0B0E0A0E0F9013196AE0FBF1F7D
:103380008B2C912CBB2009F461C05401EFEFAE1AD5
:10339000BE0AAA0DBB1DFA161B0619F014F04F2D1C
:1033A0004A1B511188C0E3FC59C07601A42FB0E23A
:1033B000A1114FC0C40ED11C992309F45BC040E099
:1033C000D6011196F60190836D01552309F448C08A
:1033D000012F060F9A81582F507184FF03C091333B
:1033E00009F4015010160CF047C0093008F008E04D
:1033F000EEE2FE2E5B01A01AB10885019194819442
:1034000091082F3F320729F4D601FC92F60131963C
:103410006F016217730794F1021713077CF5DB0144
:10342000A21BB30BAA24A394B12CAC0EBD1EAA0DF3
:10343000BB1D11968C9121503109D601119628158A
:103440003905F4F0F60180836D01DBCFB12CA12C9E
:10345000A0CFF701B1937F01A150AACF9111B0CFB6
:10346000D601942F50E302C05D9391509111FCCF8F
:10347000C40ED11C40E0ACCF01E0BACF80E3DBCF7B
:103480006217730731F4963388F4953311F455239A
:1034900069F0F6018083FD01842F90E2811108C05C
:1034A000A40FB11D1C9290E080E0F3CE81E3F1CF38
:1034B00091938150F3CF911183CF8ACF283008F0B8
:1034C00027E03327DA01990F311D87FD91600096BF
:1034D0006105710539F432602E5F3D9330E32A9522
:1034E000E1F708959F3F30F080387105610509F0DC
:1034F0003C5F3C5F3D93913008F08068911DDF9305
:10350000CF931F930F93FF92EF92192F987F969569
:10351000E92F96959695E90FFF27ED5EFC4F9927C9
:103520003327EE24FF24A701E701059008940794B0
:1035300028F4360FE71EF81E491F511D660F771F2E
:10354000881F991F0694A1F70590079428F4E70EA9
:10355000F81E491F561FC11D770F881F991F661F30
:103560000694A1F70590079428F4F80E491F561FFA
:10357000C71FD11D880F991F661F771F0694A1F7DB
:103580000590079420F4490F561FC71FD81F990FA5
:10359000661F771F881F0694A9F7849110951770EE
:1035A00041F0D695C79557954795F794E7941A95A6
:1035B000C1F7E9EBF2E068941590159135916591AA
:1035C000959105907FE27395E118F10A430B560B34
:1035D000C90BD009C0F7E10CF11E431F561FC91FCC
:1035E000D01D7EF4703311F48A95E6CFE894015033
:1035F00030F0080F0AF40027021708F4202F239553
:10360000022F7A3328F079E37D932A95E9F710C0E9
:103610007D932A9589F60694979567953795179522
:103620001794E118F10A430B560BC90BD00998F017
:1036300023957E9173957A3308F070E37C93201381
:10364000B8F77E9170617D9330F0839571E37D933F
:1036500070E32A95E1F71124EF90FF900F911F91ED
:10366000CF91DF91992787FD909508959927882715
:103670000895FC010590615070400110D8F78095C5
:1036800090958E0F9F1F0895FC016150704001902E
:103690000110D8F7809590958E0F9F1F08950F9376
:1036A0001F93CF93DF93182F092FEB018B8181FD9F
:1036B00009C01FEF0FEF812F902FDF91CF911F9146
:1036C0000F91089582FF14C02E813F818C819D81CE
:1036D000281739073CF4E881F981CF0101969983D5
:1036E000888310838E819F8101969F838E83E3CF91
:1036F000E885F985812F1995892BA1F3DACFFA0195
:10370000AA27283051F1203181F1E8946F936E7F20
:103710006E5F7F4F8F4F9F4FAF4FB1E03ED0B4E011
:103720003CD0670F781F891F9A1FA11D680F791F52
:103730008A1F911DA11D6A0F711D811D911DA11D63
:1037400020D009F468943F912AE0269F1124301973
:10375000305D3193DEF6CF010895462F4770405D0E
:103760004193B3E00FD0C9F7F6CF462F4F70405DBD
:103770004A3318F0495D31FD4052419302D0A9F718
:10378000EACFB4E0A6959795879577956795BA9512
:10379000C9F700976105710508959B01AC010A2ED8
:1037A00006945795479537952795BA95C9F7620FAF
:1037B000731F841F951FA01D089597F99F6780E8C8
:1037C00070E060E008959FEF80EC089500240A9473
:1037D0001616170618060906089500240A941216EC
:1037E0001306140605060895092E0394000C11F41F
:1037F000882352F0BB0F40F4BF2B11F460FF04C0CC
:103800006F5F7F4F8F4F9F4F089557FD9058440F24
:10381000551F59F05F3F71F04795880F97FB991F2F
:1038200061F09F3F79F087950895121613061406EC
:10383000551FF2CF4695F1DF08C016161706180679
:10384000991FF1CF86957105610508940895E89454
:10385000BB2766277727CB0197F90895F999FECF03
:1038600092BD81BDF89A992780B50895262FF999C0
:10387000FECF1FBA92BD81BD20BD0FB6F894FA9A53
:10388000F99A0FBE01960895DB018F939F9349D05B
:10389000BF91AF91A29F800D911DA39F900DB29FEC
:1038A000900D11240895A1E21A2EAA1BBB1BFD0145
:1038B0000DC0AA1FBB1FEE1FFF1FA217B307E4070F
:1038C000F50720F0A21BB30BE40BF50B661F771F67
:1038D000881F991F1A9469F7609570958095909547
:1038E0009B01AC01BD01CF010895052E97FB16F495
:1038F00000940FD057FD05D0D6DF07FC02D046F468
:1039000008C050954095309521953F4F4F4F5F4FE0
:10391000089590958095709561957F4F8F4F9F4F3B
:1039200008950FD0A59F900DB49F900DA49F800D7A
:10393000911D11240895B7FFF4CFF3DF821B930B81
:103940000895A29FB001B39FC001A39F700D811D78
:103950001124911DB29F700D811D1124911D089598
:10396000991B79E004C0991F961708F0961B881FD1
:103970007A95C9F78095089587FB082E062687FD5E
:10398000819567FD6195ECDF0EF4919507FC8195BB
:103990000895AA1BBB1B51E107C0AA1FBB1FA61796
:1039A000B70710F0A61BB70B881F991F5A95A9F7E8
:1039B00080959095BC01CD01089597FB072E16F4D4
:1039C000009406D077FD08D0E4DF07FC05D03EF474
:1039D000909581959F4F0895709561957F4F0895BB
:1039E000EE0FFF1F881F8BBF0790F691E02D1994F3
:1039F000AA27992329F4A85F982B11F480E1089550
:103A0000903118F4AD5F9295A395990FE8F78A2F3E
:103A10009927089596DFB7FF0895821B930B0895A9
:103A20005058BB27AA270ED0DFCED0DE30F0D5DE2F
:103A300020F031F49F3F11F41EF4C5CE0EF4E09552
:103A4000E7FBBBCEE92FE1DE80F3BA17620773070D
:103A50008407950718F071F49EF5F9CE0EF4E09501
:103A60000B2EBA2FA02D0B01B90190010C01CA0138
:103A7000A0011124FF27591B99F0593F50F4503EE3
:103A800068F11A16F040A22F232F342F4427585FD5
:103A9000F3CF469537952795A795F0405395C9F7ED
:103AA0007EF41F16BA0B620B730B840BBAF09150A5
:103AB000A1F0FF0FBB1F661F771F881FC2F70EC044
:103AC000BA0F621F731F841F48F487957795679517
:103AD000B795F7959E3F08F0B3CF9395880F08F000
:103AE0009927EE0F97958795089570DE58F080E836
:103AF00091E009F49EEF71DE28F040E851E059F4BE
:103B00005EEF09C060CEA3CEE92FE0787EDE68F3D9
:103B1000092E052AC1F3261737074807590738F039
:103B20000E2E07F8E02569F0E025E0640AC0EF6397
:103B300007F8009407FADB01B9019D01DC01CA0115
:103B4000AD01EF9359D050DE0AD05F91552331F08B
:103B50002BED3FE049E450FD49EC63CF0895DF933E
:103B6000DD27B92FBF7740E85FE316161706480731
:103B70005B0710F4D92F81D19F938F937F936F931D
:103B800048D2E4EEF0E0FED02FDE2F913F914F912E
:103B90005F91D0D8DD2349F09058A2EA2AED3FE0AA
:103BA00049EC5FE3D0785D274DDFDF911DCE49D131
:103BB00080F09F3740F491110EF44ACE60E070E03F
:103BC00080E89FE3089526F01B16611D711D811D7D
:103BD000B0C0CAC0FED0E39523C10CD005CEFDDD38
:103BE00040F0F4DD30F021F45F3F19F0E6CD5111E3
:103BF0002FCEE9CD0ADE98F39923C9F35523B1F30B
:103C0000951B550BBB27AA2762177307840738F04B
:103C10009F5F5F4F220F331F441FAA1FA9F333D0AA
:103C20000E2E3AF0E0E830D091505040E695001C5E
:103C3000CAF729D0FE2F27D0660F771F881FBB1F1A
:103C4000261737074807AB07B0E809F0BB0B802DF4
:103C5000BF01FF2793585F4F2AF09E3F510568F040
:103C6000ACCDF6CD5F3FECF3983EDCF386957795CF
:103C70006795B795F7959F5FC9F7880F911D969542
:103C8000879597F90895E1E0660F771F881FBB1F9E
:103C9000621773078407BA0720F0621B730B840B4B
:103CA000BA0BEE1F88F7E095089504D06894B1111F
:103CB000CFCD0895B2DD88F09F5790F0B92F9927A6
:103CC000B751A0F0D1F0660F771F881F991F1AF027
:103CD000BA95C9F712C0B13081F0B9DDB1E00895ED
:103CE000B6CD672F782F8827B85F39F0B93FCCF36E
:103CF000869577956795B395D9F73EF4909580951D
:103D0000709561957F4F8F4F9F4F08959AD080F0A7
:103D10009F3740F491110EF09BCD60E070E080E899
:103D20009FEB089526F41B16611D711D811D01C0B6
:103D30001BC0882371F4772321F09850872B762FAE
:103D400007C0662311F499270DC09051862B70E0AF
:103D500060E02AF09A95660F771F881FDAF7880FC0
:103D60009695879597F908959F3F31F0915020F4EB
:103D7000879577956795B795880F911D9695879547
:103D800097F90895DF93CF931F930F93FF92EF92CC
:103D9000DF927B018C01689406C0DA2EEF010F944C
:103DA0009A96FE01E894A5912591359145915591FA
:103DB000A6F3EF0147DEFE019701A801DA9471F73F
:103DC000DF90EF90FF900F911F91CF91DF910895B9
:103DD000FACC23DDE8F3E894E0E0BB279F57F0F04E
:103DE0002AED3FE049EC06C0EE0FBB0F661F771FC0
:103DF000881F28F0B23A62077307840728F0B25A86
:103E0000620B730B840BE3959A9572F7803830F44C
:103E10009A95BB0F661F771F881FD2F79048A6CFD1
:103E2000EF93E0FF06C0A2EA2AED3FE049EC5FEB2A
:103E300009DEDADC0F90039401FC9058E1E1F1E037
:103E400031C1EBDCA0F0BEE7B91788F4BB279F387F
:103E500060F41616B11D672F782F8827985FF7CF6B
:103E6000869577956795B11D93959639C8F3089512
:103E70000F946A9608F48FEF08959B01AC0160E0FF
:103E800070E080E89FE3A9CEC8DC58F19E5758F156
:103E90009851A0F0E9F0983020F5092E9927660F87
:103EA000771F881F991F0A94D1F712C0062E672F1B
:103EB000782F8827985F11F4000C07C0993FB4F35E
:103EC0008695779567959395D9F7611D711D811D2D
:103ED0003EF490958095709561957F4F8F4F9F4FE1
:103EE00008956894B5CCB3CCFA01EE0FFF1F30965D
:103EF0002105310599F16115710561F48038BFE341
:103F00009B0749F168949038810561F08038BFEFD4
:103F10009B0741F0992342F5FF3FE105310521055B
:103F200011F1E8940894E795D901AA2329F4AB2F5D
:103F3000BE2FF85FD0F310C0FF5F70F4A695E0F7D6
:103F4000F73950F019F0FF3A38F49F779F930CD06F
:103F50000F9007FC905808953EF035CC60E070E07B
:103F600080E89FE308954FE79F775F934F933F93D8
:103F70002F93E6D02F913F914F915F910F948E96A2
:103F80005DC09F9326DF0F9007FCEE5F49CF11F4D1
:103F90000EF419CCE9CE41DCD0F39923D9F3CEF35A
:103FA0009F57550B87FF77D00024A0E640EA900189
:103FB00080585695979528F4805C660F771F881F68
:103FC00020F026173707480730F4621B730B840B69
:103FD000202931294A2BA6951794079420253125AD
:103FE0004A2758F7660F771F881F20F026173707D4
:103FF000480730F4620B730B840B200D311D411DFB
:10400000A09581F7B901842F9158880F96958795CF
:1040100008959B01AC010D948E9613DF20F09F371D
:1040200008F416CC86CEA0CE0F946A96880B990B16
:10403000089519F40EF0C1CB0ACCC5CBEEDBC8F362
:104040009638C0F707F80F92E8942BE33AEA48EB6A
:104050005FE70F949C960F920F920F924DB75EB749
:104060000F92B0D0EFE2F1E08DDE4F915F91EF91D2
:10407000FF91E595EE1FFF1F49F0FE57E0684427CA
:10408000EE0F441FFA95E1F74195550B20D00F90A4
:1040900007FEF3CE089591505040660F771F881F9A
:1040A000D2F708959F938F937F936F93FF93EF932E
:1040B0009B01AC010F948E96EF91FF9163DE2F91DF
:1040C0003F914F915F910D948E9677CB4DCEA5DBAE
:1040D000E8F39923D9F3940F511DBBF3915050404D
:1040E00094F059F0882332F0660F771F881F9150A3
:1040F0005040C1F79E3F510544F7880F911D96959A
:10410000879597F908955F3FACF0983E9CF0BB27E8
:10411000869577956795B79508F4B1609395C1F743
:10412000BB0F58F711F460FFE8CF6F5F7F4F8F4FE1
:104130009F4FE3CF8DCB0EF017CE45CB68943DCB90
:104140006CDBC8F39923D1F3C6F3DF93CF931F93AE
:104150000F93FF92C92FDD2788232AF02197660F3E
:10416000771F881FDAF720E030E040E85FEB9FE33D
:10417000883920F0803E30F021968F7752DCE7E5D9
:10418000F1E003C04EDCE4E8F1E0FCDD8B01BE01B0
:10419000EC01FB2E6F5771097595771F880B990BF2
:1041A0000F942F9628E132E741E35FE30F949A964C
:1041B000AF2D9801AE01FF900F911F91CF91DF912C
:1041C00041DC12CBFA01DC01AA0FBB1F9B01AC0141
:1041D000BF5728F422273327442750781FC0B751F0
:1041E00088F4AB2F0024469537952795011CA3959D
:1041F000D2F3002069F0220F331F441FB395DAF386
:104200000DD00ECC61307105A0E88A07B94630F4B4
:104210009B01AC016627772788279078309621F09C
:1042200020833183428353830895911108958154EB
:104230008A5108F4805E855A0895FB01DC0104C0B0
:104240008D910190801921F441505040C8F7881B8E
:10425000990B0895FB01DC0102C001900D924150C1
:104260005040D8F70895DC0101C06D934150504093
:10427000E0F70895FB01DC018D9181341CF08B3552
:104280000CF4805E619161341CF06B350CF4605E5F
:10429000861B611189F3990B0895FC0181918617A2
:1042A00021F08823D9F7992708953197CF010895F0
:1042B000FB01DC0101900D920020E1F70895FB0164
:1042C000DC014150504030F08D910190801919F47B
:1042D0000020B9F7881B990B0895FC0181E090E05C
:1042E0000190061609F4CF010020D1F70197089537
:1042F0000F931F93CF93DF93CDB7DEB72E970FB6F3
:10430000F894DEBF0FBECDBF0E891F8986E08C8377
:104310001A8309838FEF9FE79E838D83AE01465EEC
:104320005F4F688D798DCE0101960F94F1962F81A4
:104330003885020F131FF80110822E960FB6F894DD
:10434000DEBF0FBECDBFDF91CF911F910F910895BA
:1043500015E2C3E2D5E200E005C0802FFE0140DB9C
:104360002196011DC432D10780E00807B1F7F89407
:02437000FFCF7D
:10437200FFFF0101320096000100050001000080EC
:104382003F030064005555854264000100000000AF
:1043920000000000000000000000007543000075EE
:1043A2004300007A4301FF0601FFFF1040000000B6
:1043B200808B0905C0D4010024F019406400AA00D2
:1043C20003CC3B02E7000DFF0000803FFFFFFF3FF1
:1043D2000000FF3F00000000FF3F03FFFF000080DE
:1043E2003F0000A21C80005FCE4FCD003C1C460067
:1043F2003C1C46003C1C46003C1C460000EA4200B5
:1044020000EA4200004842000048420000804000AA
:1044120000004058595A45D103C303B3030000209A
:104422004100002041CDCCCC3E0000A0400000C0A5
:104432007F0000C07F0000C07FFF003C0001000041
:104442004040000034420000000000000000000074
:104452000000000050410000000000000041640024
:10446200000064000000030000006400000064001B
:1044720000000300000003000000030000001E0013
:104482000000000040C2000020C1EC5138BE000014
:10449200204100006B430000A0410A005A00EB0FCC
:1044A200DA0FCA0FB60F563930002F504C520000A7
:1044B200000000F0410000F0410000803F0000C811
:1044C20042000070420000803F0000204100006B6B
:1044D200430000A0410000204100006B430000A007
:1044E20041000100FF0100FF00FFFFFF4FC3C700B3
:1044F20000EB420000EB42CDCC4C3E00803B45003D
:10450200803B45000070430000F042000000803B09
:104512004500803B45000070430000F04200004827
:1045220042000048420000804000000040000000BD
:1045320008090A0C0D11121819202126373A3B17C7
:1045420029000104FEFDFC1F0501020355AA2952A0
:1045520052614172724161FF0FF80FFFFFF8FFFFD6
:10456200FFFF0FF8FFFF0FFFFFFF0F05E50001023E
:10457200040810200F3F3F18010102020303040840
:10458200102040800102040102040001020304021F
:104592002128000800803B4500803B450000704315
:1045A2000000F04200004842000048420000804003
:1045B2000000004000803B4500803B450000704306
:1045C2000000F042000048420000484200008040E3
:1045D200000000400008090A0C0D111218192021D0
:1045E20026373A3B1729000104FEFDFC1F05010294
:1045F2000355AA295252614172724161FF0FF80FAD
:10460200FFFFF8FFFFFFFF0FF8FFFF0FFFFFFF0F96
:1046120005E5000102040810200F3F3F18010102C6
:104622000203030408102040800102040102040076
:10463200010203040221280008000000803B45001B
:10464200803B45000070430000F0420000484200F9
:1046520000484200008040000000400000000809BD
:104662000A0C0D11121819202126373A3B1729007E
:104672000104FEFDFC1F0501020355AA29525261E5
:104682004172724161FF0FF80FFFFFF8FFFFFFFF5A
:104692000FF8FFFF0FFFFFFF0F05E50001020408FF
:1046A20010200F3F3F1801010202030304081020EB
:1046B20040800102040102040001020304022128D5
:1046C200000800000008090A0C0D11121819202117
:1046D20026373A3B1729000104FEFDFC1F050102A3
:1046E2000355AA295252614172724161FF0FF80FBC
:1046F200FFFFF8FFFFFFFF0FF8FFFF0FFFFFFF0FA6
:1047020005E5000102040810200F3F3F18010102D5
:104712000203030408102040800102040102040085
:104722000102030402212800080000000100803B6E
:104732004500803B45000070430000F04200004805
:10474200420000484200008040000000401000008B
:104752008001000000000000000000000000000ACC
:10476200005A000A005A0000000000000000000089
:104772000000000A005A00FF003C00010A05062E54
:104782000100080020004000800000010004000039
:1047920000005D7D377EA17C237D897CB87B2B7CEC
:1047A2009D7B337D497CB4763777367700000000F5
:1047B200DCCB0B01C2CA3677256400257500256C57
:0E47C20064004552520058595A00256C75008B
:00000001FF
